,Model,Dataset,Condition,MAE,MSE,KL,Pearson R,Entropy Correlation,Expert Correlation
0,allenai/OLMo-2-1124-7B,Hu et al. 2025a,Ablate_Probable_Improbable,0.26226181235337215,0.09924132675561681,0.2796856037983349,0.47804084503844047,-0.05341578508002058,-0.0026206420393821853
1,allenai/OLMo-2-1124-7B,Hu et al. 2025a,Ablate_Improbable_Impossible,0.23677644145005755,0.08073426113560031,0.24240599120434833,0.6075157521794632,0.07762670317702035,-0.000924921292145716
2,allenai/OLMo-2-1124-7B,Hu et al. 2025a,Ablate_Impossible_Inconceivable,0.23504574848730989,0.08012426046159489,0.24021982791216573,0.6113017251222151,0.08131614324926277,0.014507439149744762
3,allenai/OLMo-2-1124-7B,Hu et al. 2025b,Ablate_Probable_Improbable,0.15405889213518,0.04668519425508058,0.37271728872487897,0.7289372872067074,0.3800954623740247,0.5339625243639402
4,allenai/OLMo-2-1124-7B,Hu et al. 2025b,Ablate_Improbable_Impossible,0.1490014183108464,0.0445180058864424,0.3727554968308106,0.723528525467424,0.5944267637153577,0.6201046829671679
5,allenai/OLMo-2-1124-7B,Hu et al. 2025b,Ablate_Impossible_Inconceivable,0.1571697835676601,0.049003686432733104,0.3828286079319893,0.6577748818713296,0.5786881518586098,0.6568348467935289
6,allenai/OLMo-2-1124-7B,Goulding,Ablate_Probable_Improbable,0.25580046881930074,0.11098008299612026,0.3090553437162303,0.6000485924463909,0.3736040432891848,0.22930474474520463
7,allenai/OLMo-2-1124-7B,Goulding,Ablate_Improbable_Impossible,0.21447588334011805,0.08824571274560568,0.23924787209281853,0.7000391695071766,0.5332865460108145,0.4129388037801964
8,allenai/OLMo-2-1124-7B,Goulding,Ablate_Impossible_Inconceivable,0.21527559921374967,0.08980813912950229,0.24165150511728578,0.6939148865345129,0.534892597598481,0.4087667248112173
