sentence,label,probable,improbable,impossible,inconceivable,probable_improbable,improbable_impossible,impossible_inconceivable,probable_impossible,probable_inconceivable
Someone baked a cake inside a freezer.,impossible,0.0,0.0555555555555555,0.8333333333333334,0.1111111111111111,-743.582763671875,33.114105224609375,-545.2229614257812,33.114105224609375,-1584.233642578125
Someone baked a cake inside an airfryer.,improbable,0.425,0.525,0.05,0.0,-617.726806640625,55.27778625488281,-535.0670776367188,55.27778625488281,-1510.26806640625
Someone baked a cake inside a sigh.,inconceivable,0.0,0.0,0.0,1.0,-461.8586120605469,273.876220703125,-327.8256530761719,273.876220703125,-398.29168701171875
Someone baked a cake inside an oven.,probable,1.0,0.0,0.0,0.0,-785.6724853515625,42.91474914550781,-543.8956298828125,42.91474914550781,-1566.8134765625
Someone chopped a carrot using a rag.,impossible,0.0,0.1282051282051282,0.8205128205128205,0.0512820512820512,-628.3363037109375,13.623916625976562,-566.7177734375,13.623916625976562,-1598.62744140625
Someone chopped a carrot using a sword.,improbable,0.1935483870967742,0.8064516129032258,0.0,0.0,-636.55078125,23.9559326171875,-565.2882080078125,23.9559326171875,-1577.5013427734375
Someone chopped a carrot using a color.,inconceivable,0.0,0.0,0.1395348837209302,0.8604651162790697,-639.23779296875,222.882080078125,-436.3158874511719,222.882080078125,-895.2362060546875
Someone chopped a carrot using a knife.,probable,1.0,0.0,0.0,0.0,-690.2492065429688,-4.1628875732421875,-555.2706909179688,-4.1628875732421875,-1663.630126953125
Someone cleaned a spill using mustard.,impossible,0.0232558139534883,0.2093023255813953,0.6046511627906976,0.1627906976744186,-625.4171752929688,80.177490234375,-545.88818359375,80.177490234375,-1426.2420654296875
Someone cleaned a spill using a scarf.,improbable,0.2777777777777778,0.6944444444444444,0.0277777777777777,0.0,-668.1016845703125,-3.3219375610351562,-573.1703491210938,-3.3219375610351562,-1503.029052734375
Someone cleaned a spill using a country.,inconceivable,0.0,0.0,0.0714285714285714,0.9285714285714286,-361.8841552734375,371.270263671875,-387.2960510253906,371.270263671875,-349.1063232421875
Someone cleaned a spill using a sponge.,probable,0.9523809523809524,0.0476190476190476,0.0,0.0,-718.172119140625,-13.101898193359375,-604.4140014648438,-13.101898193359375,-1626.978271484375
Someone cleaned a carpet using a crayon.,impossible,0.0238095238095238,0.238095238095238,0.6190476190476191,0.119047619047619,-784.872802734375,-35.981231689453125,-552.3248901367188,-35.981231689453125,-1694.578369140625
Someone cleaned a carpet using a hat.,improbable,0.0,0.5121951219512195,0.3902439024390244,0.0975609756097561,-740.74365234375,-9.975334167480469,-565.1412353515625,-9.975334167480469,-1610.7564697265625
Someone cleaned a carpet using a week.,inconceivable,0.0,0.0,0.0344827586206896,0.9655172413793104,-601.1060791015625,222.4838409423828,-392.85174560546875,222.4838409423828,-734.0343017578125
Someone cleaned a carpet using a vacuum.,probable,1.0,0.0,0.0,0.0,-813.4306030273438,7.859703063964844,-566.4114379882812,7.859703063964844,-1604.40869140625
Someone climbed a tree using oil.,impossible,0.0,0.18,0.54,0.28,-676.71923828125,101.73381042480469,-540.1180419921875,101.73381042480469,-1513.98974609375
Someone climbed a tree using a rope.,improbable,0.9333333333333332,0.0333333333333333,0.0,0.0333333333333333,-697.0411376953125,-38.149131774902344,-573.4308471679688,-38.149131774902344,-1643.1229248046875
Someone climbed a tree using a poem.,inconceivable,0.0,0.0,0.0256410256410256,0.9743589743589745,-634.920166015625,68.37495422363281,-432.705322265625,68.37495422363281,-1368.984130859375
Someone climbed a tree using a ladder.,probable,0.9666666666666668,0.0333333333333333,0.0,0.0,-698.2376098632812,-44.96245574951172,-577.3661499023438,-44.96245574951172,-1657.8292236328125
Someone closed a jacket using fog.,impossible,0.0,0.0,0.3111111111111111,0.6888888888888889,-471.43359375,253.6293487548828,-471.99810791015625,253.6293487548828,-962.188232421875
Someone closed a jacket using glue.,improbable,0.0588235294117647,0.8235294117647058,0.0588235294117647,0.0588235294117647,-627.0072021484375,24.818222045898438,-553.4222412109375,24.818222045898438,-1481.56640625
Someone closed a jacket using a word.,inconceivable,0.0,0.0,0.1612903225806451,0.8387096774193549,-607.4293823242188,196.4326171875,-345.17706298828125,196.4326171875,-852.3711547851562
Someone closed a jacket using a zipper.,probable,0.9743589743589745,0.0,0.0,0.0256410256410256,-670.6744384765625,6.910675048828125,-554.565185546875,6.910675048828125,-1512.3743896484375
Someone constructed a tower out of sparks.,impossible,0.0,0.0256410256410256,0.4871794871794871,0.4871794871794871,-533.5187377929688,150.18923950195312,-493.53900146484375,150.18923950195312,-1272.245361328125
Someone constructed a tower out of bubbles.,improbable,0.05,0.275,0.6,0.075,-515.0684814453125,142.6352081298828,-494.38616943359375,142.6352081298828,-1356.69775390625
Someone constructed a tower out of seasons.,inconceivable,0.0,0.0294117647058823,0.1176470588235294,0.8529411764705882,-504.0589904785156,317.1820068359375,-369.60552978515625,317.1820068359375,-734.8592529296875
Someone constructed a tower out of blocks.,probable,1.0,0.0,0.0,0.0,-623.9979248046875,103.9163818359375,-491.25543212890625,103.9163818359375,-1410.8994140625
Someone cooked dinner out of the moon.,impossible,0.0,0.0,0.1891891891891892,0.8108108108108109,-610.8531494140625,229.5106201171875,-457.46002197265625,229.5106201171875,-1145.514404296875
Someone cooked dinner out of insects.,improbable,0.2121212121212121,0.7878787878787878,0.0,0.0,-555.6697387695312,139.2401885986328,-479.408447265625,139.2401885986328,-1240.480712890625
Someone cooked dinner out of thoughts.,inconceivable,0.0,0.027027027027027,0.2432432432432432,0.7297297297297297,-573.2356567382812,266.51898193359375,-269.7925720214844,266.51898193359375,-499.477294921875
Someone cooked dinner out of pasta.,probable,0.7619047619047619,0.0,0.0714285714285714,0.1666666666666666,-772.5631103515625,9.098747253417969,-519.351318359375,9.098747253417969,-1506.9200439453125
Someone cooled a room using a heater.,impossible,0.075,0.125,0.75,0.05,-710.4376831054688,67.7736587524414,-530.7472534179688,67.7736587524414,-1463.92138671875
Someone cooled a room using shades.,improbable,0.8387096774193549,0.064516129032258,0.064516129032258,0.032258064516129,-560.5477905273438,117.24102020263672,-500.2716064453125,117.24102020263672,-1280.4683837890625
Someone cooled a room using a taste.,inconceivable,0.0,0.0,0.054054054054054,0.945945945945946,-532.8922729492188,281.8232727050781,-376.7520751953125,281.8232727050781,-758.4174194335938
Someone cooled a room using a fan.,probable,0.975609756097561,0.0,0.024390243902439,0.0,-628.955078125,70.20870971679688,-516.3553466796875,70.20870971679688,-1465.358642578125
Someone covered a window using a hair.,impossible,0.0,0.3714285714285714,0.4857142857142857,0.1428571428571428,-506.35125732421875,181.010009765625,-487.87249755859375,181.010009765625,-1053.30810546875
Someone covered a window using sheets.,improbable,0.7777777777777778,0.2222222222222222,0.0,0.0,-492.3697509765625,83.8648910522461,-514.4173583984375,83.8648910522461,-1058.2772216796875
Someone covered a window using a chant.,inconceivable,0.0,0.0294117647058823,0.1764705882352941,0.7941176470588235,-530.2391967773438,84.81486511230469,-391.256591796875,84.81486511230469,-992.3020629882812
Someone covered a window using curtains.,probable,1.0,0.0,0.0,0.0,-654.6693725585938,-45.53251647949219,-568.8489990234375,-45.53251647949219,-1625.71435546875
Someone crafted a bowl out of smoke.,impossible,0.0,0.0606060606060606,0.6666666666666666,0.2727272727272727,-599.589599609375,156.49134826660156,-481.9193115234375,156.49134826660156,-1156.45068359375
Someone crafted a bowl out of mud.,improbable,0.4358974358974359,0.4615384615384615,0.1025641025641025,0.0,-591.3660278320312,110.44991302490234,-514.1436767578125,110.44991302490234,-1311.4681396484375
Someone crafted a bowl out of math.,inconceivable,0.0,0.0,0.1794871794871795,0.8205128205128205,-544.3235473632812,263.21466064453125,-366.8561706542969,263.21466064453125,-674.6986694335938
Someone crafted a bowl out of clay.,probable,0.9736842105263158,0.0,0.0263157894736842,0.0,-684.3551025390625,81.05738067626953,-543.9081420898438,81.05738067626953,-1440.75732421875
Someone boiled water using a refrigerator.,impossible,0.0,0.0,0.8936170212765957,0.1063829787234042,-776.0546264648438,-5.723602294921875,-573.3035278320312,-5.723602294921875,-1711.52734375
Someone boiled water using a microwave.,improbable,0.9615384615384616,0.0384615384615384,0.0,0.0,-755.14990234375,12.788017272949219,-588.6235961914062,12.788017272949219,-1731.844970703125
Someone boiled water using justice.,inconceivable,0.0,0.0,0.0697674418604651,0.9302325581395348,-524.5339965820312,274.7135314941406,-365.18072509765625,274.7135314941406,-766.0808715820312
Someone boiled water using a kettle.,probable,1.0,0.0,0.0,0.0,-769.8573608398438,-23.835777282714844,-598.5111083984375,-23.835777282714844,-1738.7618408203125
Someone crushed a soda can using a tissue.,impossible,0.0,0.2,0.7428571428571429,0.0571428571428571,-562.5203247070312,36.96861267089844,-534.3817138671875,36.96861267089844,-1558.070068359375
Someone crushed a soda can using a chair.,improbable,0.4634146341463415,0.5365853658536586,0.0,0.0,-625.0059814453125,-4.549003601074219,-566.5773315429688,-4.549003601074219,-1610.640869140625
Someone crushed a soda can using a day.,inconceivable,0.0,0.0,0.073170731707317,0.926829268292683,-356.2544860839844,333.2049560546875,-378.9576110839844,333.2049560546875,-454.89593505859375
Someone crushed a soda can using a shoe.,probable,0.8125,0.15625,0.03125,0.0,-580.9910278320312,21.092178344726562,-577.261474609375,21.092178344726562,-1583.3665771484375
Someone cut grass using a popsicle.,impossible,0.0,0.15625,0.59375,0.25,-605.3223876953125,-3.1961441040039062,-573.03369140625,-3.1961441040039062,-1654.64990234375
Someone cut grass using a scythe.,improbable,0.4736842105263157,0.4736842105263157,0.0,0.0526315789473684,-429.9979248046875,3.4143753051757812,-556.4535522460938,3.4143753051757812,-1511.6357421875
Someone cut grass using an essay.,inconceivable,0.0,0.0571428571428571,0.2857142857142857,0.6571428571428571,-650.026611328125,61.29728698730469,-429.09405517578125,61.29728698730469,-1249.259033203125
Someone cut grass using a lawnmower.,probable,0.9772727272727272,0.0227272727272727,0.0,0.0,-694.5340576171875,-70.2603759765625,-563.3623046875,-70.2603759765625,-1785.671142578125
Someone cut cardboard using fur.,impossible,0.0,0.1333333333333333,0.7333333333333333,0.1333333333333333,-451.99560546875,110.82872772216797,-557.44970703125,110.82872772216797,-1451.186279296875
Someone cut cardboard using a scalpel.,improbable,0.4137931034482758,0.5517241379310345,0.0344827586206896,0.0,-575.9176635742188,-41.76885223388672,-568.7935791015625,-41.76885223388672,-1677.052734375
Someone cut cardboard using a snore.,inconceivable,0.0,0.0,0.2045454545454545,0.7954545454545454,-471.61639404296875,51.829002380371094,-501.17333984375,51.829002380371094,-1482.469482421875
Someone cut cardboard using scissors.,probable,0.9565217391304348,0.0217391304347826,0.0217391304347826,0.0,-660.36376953125,-45.724510192871094,-568.0704345703125,-45.724510192871094,-1686.60107421875
Someone dented a car with a breeze.,impossible,0.0,0.0769230769230769,0.6153846153846154,0.3076923076923077,-762.604248046875,92.8299560546875,-426.7010498046875,92.8299560546875,-1238.20263671875
Someone dented a car with a dumbbell.,improbable,0.7105263157894737,0.2631578947368421,0.0263157894736842,0.0,-712.569091796875,-9.451286315917969,-530.2144775390625,-9.451286315917969,-1616.7552490234375
Someone dented a car with a nap.,inconceivable,0.0,0.0188679245283018,0.1320754716981132,0.8490566037735849,-746.7645874023438,36.40831756591797,-490.8316650390625,36.40831756591797,-1395.360595703125
Someone dented a car with a baseball bat.,probable,0.96875,0.0,0.03125,0.0,-801.2709350585938,-49.47979736328125,-582.2281494140625,-49.47979736328125,-1681.9300537109375
Someone dug a hole using dirt.,impossible,0.0789473684210526,0.0789473684210526,0.5526315789473685,0.2894736842105263,-749.688720703125,75.32487487792969,-523.7508544921875,75.32487487792969,-1561.87890625
Someone dug a hole using a spatula.,improbable,0.0571428571428571,0.9428571428571428,0.0,0.0,-757.72607421875,-71.94535064697266,-554.2862548828125,-71.94535064697266,-1686.8245849609375
Someone dug a hole using a yawn.,inconceivable,0.0,0.0,0.25,0.75,-572.9560546875,153.45518493652344,-422.97637939453125,153.45518493652344,-975.491943359375
Someone dug a hole using a shovel.,probable,1.0,0.0,0.0,0.0,-820.5198364257812,-49.72322082519531,-564.7567138671875,-49.72322082519531,-1669.34228515625
Someone dipped a biscuit into a floor.,impossible,0.0930232558139534,0.0697674418604651,0.3488372093023256,0.4883720930232558,-721.0787353515625,47.605316162109375,-532.5715942382812,47.605316162109375,-1391.2889404296875
Someone dipped a biscuit into wine.,improbable,0.3243243243243243,0.6756756756756757,0.0,0.0,-686.8215942382812,88.66715240478516,-530.6641235351562,88.66715240478516,-1439.962158203125
Someone dipped a biscuit into a myth.,inconceivable,0.0277777777777777,0.0,0.1388888888888889,0.8333333333333334,-626.777587890625,241.527587890625,-319.4290771484375,241.527587890625,-668.5761108398438
Someone dipped a biscuit into coffee.,probable,0.8484848484848485,0.1212121212121212,0.0303030303030303,0.0,-749.45849609375,66.66825866699219,-551.2100830078125,66.66825866699219,-1488.743896484375
Someone displayed books on a galaxy.,impossible,0.0689655172413793,0.0,0.2068965517241379,0.7241379310344828,-581.2786254882812,176.31381225585938,-476.1150817871094,176.31381225585938,-1208.2579345703125
Someone displayed books on a bed.,improbable,0.5833333333333334,0.3888888888888889,0.0277777777777777,0.0,-646.2491455078125,-74.77242279052734,-561.0534057617188,-74.77242279052734,-1629.0321044921875
Someone displayed books on a sigh.,inconceivable,0.0,0.0212765957446808,0.0851063829787234,0.8936170212765957,-474.01129150390625,198.0115203857422,-346.17144775390625,198.0115203857422,-517.2310180664062
Someone displayed books on a shelf.,probable,1.0,0.0,0.0,0.0,-748.4610595703125,-113.34820556640625,-512.5230712890625,-113.34820556640625,-1621.44921875
Someone docked a boat using a balloon.,impossible,0.0,0.1707317073170731,0.5609756097560976,0.2682926829268293,-525.3551025390625,51.23451232910156,-547.0944213867188,51.23451232910156,-1512.522705078125
Someone docked a boat using an anvil.,improbable,0.0714285714285714,0.6428571428571429,0.1785714285714285,0.1071428571428571,-541.5728759765625,-12.422508239746094,-563.1519165039062,-12.422508239746094,-1490.353759765625
Someone docked a boat using a lesson.,inconceivable,0.054054054054054,0.027027027027027,0.081081081081081,0.8378378378378378,-505.2890625,143.0838165283203,-359.1876220703125,143.0838165283203,-820.2694091796875
Someone docked a boat using an anchor.,probable,0.9069767441860463,0.0930232558139534,0.0,0.0,-648.5165405273438,-36.512115478515625,-524.0789794921875,-36.512115478515625,-1541.667724609375
Someone drank a cup full of lightning.,impossible,0.0,0.0,0.5365853658536586,0.4634146341463415,-595.336669921875,209.8148193359375,-473.35687255859375,209.8148193359375,-1161.5938720703125
Someone drank a cup full of honey.,improbable,0.03125,0.96875,0.0,0.0,-675.9500732421875,105.50209045410156,-535.7662353515625,105.50209045410156,-1414.23046875
Someone drank a cup full of minutes.,inconceivable,0.0,0.03125,0.125,0.84375,-587.6124267578125,221.49664306640625,-381.83135986328125,221.49664306640625,-803.8612060546875
Someone drank a cup full of water.,probable,1.0,0.0,0.0,0.0,-795.670654296875,56.165653228759766,-536.293701171875,56.165653228759766,-1523.93310546875
Someone dried their hands using a liquid.,impossible,0.0,0.05,0.875,0.075,-724.8538818359375,66.16413879394531,-524.405517578125,66.16413879394531,-1365.8525390625
Someone dried their hands using a sweater.,improbable,0.3076923076923077,0.6410256410256411,0.0,0.0512820512820512,-675.62890625,-20.91913604736328,-540.1843872070312,-20.91913604736328,-1455.2293701171875
Someone dried their hands using freedom.,inconceivable,0.0,0.0285714285714285,0.1142857142857142,0.8571428571428571,-543.7261962890625,296.70062255859375,-344.9521789550781,296.70062255859375,-576.9934692382812
Someone dried their hands using a towel.,probable,1.0,0.0,0.0,0.0,-710.4893188476562,-43.230918884277344,-527.2741088867188,-43.230918884277344,-1430.69970703125
Someone broke a coconut using a pillow.,impossible,0.0,0.2972972972972973,0.7027027027027027,0.0,-562.4061279296875,54.89347839355469,-571.843017578125,54.89347839355469,-1598.4129638671875
Someone broke a coconut using a table.,improbable,0.0833333333333333,0.8888888888888888,0.0277777777777777,0.0,-571.5656127929688,23.170364379882812,-534.099365234375,23.170364379882812,-1574.086181640625
Someone broke a coconut using a texture.,inconceivable,0.0,0.0,0.1590909090909091,0.8409090909090909,-513.4041137695312,159.50924682617188,-418.8598327636719,159.50924682617188,-1153.6964111328125
Someone broke a coconut using a rock.,probable,0.75,0.25,0.0,0.0,-605.1109008789062,62.214622497558594,-573.5430908203125,62.214622497558594,-1637.515869140625
Someone dried laundry using juice.,impossible,0.0,0.0465116279069767,0.6976744186046512,0.2558139534883721,-643.54345703125,51.70790100097656,-507.36767578125,51.70790100097656,-1437.2900390625
Someone dried laundry using a fan.,improbable,0.525,0.475,0.0,0.0,-545.245361328125,-1.4793548583984375,-515.913818359375,-1.4793548583984375,-1522.79638671875
Someone dried laundry using courage.,inconceivable,0.0,0.04,0.16,0.8,-497.2908630371094,221.97225952148438,-352.19293212890625,221.97225952148438,-629.410400390625
Someone dried laundry using a clothesline.,probable,0.951219512195122,0.0,0.024390243902439,0.024390243902439,-642.081787109375,-39.794883728027344,-530.1253051757812,-39.794883728027344,-1546.0013427734375
Someone ate soup using a sieve.,impossible,0.0277777777777777,0.5277777777777778,0.4166666666666667,0.0277777777777777,-537.7381591796875,75.70703887939453,-549.300048828125,75.70703887939453,-1493.109130859375
Someone ate soup using a bucket.,improbable,0.0,0.8947368421052632,0.0526315789473684,0.0526315789473684,-530.8466186523438,76.34154510498047,-586.7554321289062,76.34154510498047,-1541.55908203125
Someone ate soup using history.,inconceivable,0.0,0.0,0.0294117647058823,0.9705882352941176,-411.5758056640625,356.9771728515625,-293.8186950683594,356.9771728515625,-317.8599548339844
Someone ate soup using a spoon.,probable,1.0,0.0,0.0,0.0,-611.79052734375,75.81340026855469,-549.6506958007812,75.81340026855469,-1508.89990234375
Someone entered a room through a wall.,impossible,0.0,0.3611111111111111,0.5555555555555556,0.0833333333333333,-769.89599609375,-25.61968994140625,-526.3610229492188,-25.61968994140625,-1531.6396484375
Someone entered a room through a window.,improbable,0.5882352941176471,0.3823529411764705,0.0,0.0294117647058823,-775.5379638671875,-51.74870300292969,-519.4151611328125,-51.74870300292969,-1564.46044921875
Someone entered a room through a theory.,inconceivable,0.0,0.0238095238095238,0.0476190476190476,0.9285714285714286,-692.4349975585938,216.81204223632812,-280.69427490234375,216.81204223632812,-603.5811767578125
Someone entered a room through a door.,probable,0.972972972972973,0.0,0.0,0.027027027027027,-765.1339721679688,-15.017349243164062,-496.705322265625,-15.017349243164062,-1435.55810546875
Someone filled a bucket with buildings.,impossible,0.0357142857142857,0.0714285714285714,0.7857142857142857,0.1071428571428571,-746.065673828125,103.96316528320312,-476.56256103515625,103.96316528320312,-1298.742919921875
Someone filled a bucket with acorns.,improbable,0.9090909090909092,0.0909090909090909,0.0,0.0,-675.92138671875,48.06623840332031,-564.498046875,48.06623840332031,-1519.400146484375
Someone filled a bucket with time.,inconceivable,0.0,0.0,0.4358974358974359,0.5641025641025641,-670.4041137695312,262.78192138671875,-317.7015075683594,262.78192138671875,-651.5205078125
Someone filled a bucket with sand.,probable,1.0,0.0,0.0,0.0,-795.2351684570312,47.142208099365234,-538.6646728515625,47.142208099365234,-1594.884033203125
Someone filled a purse with sofas.,impossible,0.0,0.0277777777777777,0.8333333333333334,0.1388888888888889,-573.80078125,34.07804489135742,-458.669189453125,34.07804489135742,-1350.5059814453125
Someone filled a purse with cream.,improbable,0.064516129032258,0.9032258064516128,0.0,0.032258064516129,-622.8212280273438,106.80644226074219,-524.2423706054688,106.80644226074219,-1335.89501953125
Someone filled a purse with luck.,inconceivable,0.0,0.0238095238095238,0.3571428571428571,0.6190476190476191,-560.0732421875,210.10092163085938,-320.5714416503906,210.10092163085938,-642.7310791015625
Someone filled a purse with coins.,probable,1.0,0.0,0.0,0.0,-650.6384887695312,30.494552612304688,-488.1385803222656,30.494552612304688,-1435.442626953125
Someone grew flowers inside a marble.,impossible,0.0,0.2058823529411764,0.6470588235294118,0.1470588235294117,-684.68896484375,97.10121154785156,-550.7769165039062,97.10121154785156,-1398.21484375
Someone grew flowers inside a mug.,improbable,0.3611111111111111,0.6388888888888888,0.0,0.0,-612.6770629882812,61.37287139892578,-518.0498657226562,61.37287139892578,-1435.8115234375
Someone grew flowers inside a sneeze.,inconceivable,0.0,0.0,0.0930232558139534,0.9069767441860463,-596.97314453125,108.00719451904297,-453.03912353515625,108.00719451904297,-1246.9083251953125
Someone grew flowers inside a pot.,probable,1.0,0.0,0.0,0.0,-725.39306640625,48.018959045410156,-566.6206665039062,48.018959045410156,-1602.181640625
Someone hung a painting using vapor.,impossible,0.0,0.0408163265306122,0.3673469387755102,0.5918367346938775,-429.69476318359375,231.26524353027344,-521.7024536132812,231.26524353027344,-1145.974609375
Someone hung a painting using string.,improbable,0.7096774193548387,0.2903225806451613,0.0,0.0,-530.1895141601562,80.00357818603516,-542.2294921875,80.00357818603516,-1389.718994140625
Someone hung a painting using a handshake.,inconceivable,0.0277777777777777,0.0,0.2222222222222222,0.75,-565.2217407226562,88.86569213867188,-465.6689147949219,88.86569213867188,-1288.63623046875
Someone hung a painting using screws.,probable,0.8484848484848485,0.1515151515151515,0.0,0.0,-593.100830078125,8.089279174804688,-576.7395629882812,8.089279174804688,-1540.2218017578125
Someone hid a gift inside a cloud.,impossible,0.0,0.1428571428571428,0.6571428571428571,0.2,-583.4287109375,238.67776489257812,-538.2025756835938,238.67776489257812,-1199.6072998046875
Someone hid a gift inside a forest.,improbable,0.2432432432432432,0.7297297297297297,0.0,0.027027027027027,-597.4829711914062,130.7068634033203,-533.8478393554688,130.7068634033203,-1359.5130615234375
Someone hid a gift inside a gasp.,inconceivable,0.0,0.0,0.1428571428571428,0.8571428571428571,-458.4730224609375,247.01876831054688,-327.00274658203125,247.01876831054688,-330.9256286621094
Someone hid a gift inside a closet.,probable,1.0,0.0,0.0,0.0,-651.3298950195312,64.20875549316406,-527.7172241210938,64.20875549316406,-1414.0025634765625
Someone lifted a box using foam.,impossible,0.0,0.7837837837837838,0.1891891891891892,0.027027027027027,-568.4896850585938,66.33584594726562,-560.341064453125,66.33584594726562,-1487.8548583984375
Someone lifted a box using a pulley.,improbable,0.9428571428571428,0.0571428571428571,0.0,0.0,-688.1137084960938,0.4851226806640625,-539.1405029296875,0.4851226806640625,-1530.748046875
Someone lifted a box using an emotion.,inconceivable,0.0,0.0,0.3720930232558139,0.627906976744186,-595.6019287109375,269.894775390625,-361.4493408203125,269.894775390625,-678.8490600585938
Someone lifted a box using a forklift.,probable,0.8823529411764706,0.1176470588235294,0.0,0.0,-677.461669921875,2.709259033203125,-575.3257446289062,2.709259033203125,-1563.9986572265625
Someone lit a candle using yogurt.,impossible,0.0,0.0344827586206896,0.6896551724137931,0.2758620689655172,-576.17138671875,123.3318862915039,-553.2032470703125,123.3318862915039,-1401.0537109375
Someone lit a candle using a blowtorch.,improbable,0.2702702702702703,0.7297297297297297,0.0,0.0,-559.8336791992188,13.274429321289062,-545.949462890625,13.274429321289062,-1459.6837158203125
Someone lit a candle using surprises.,inconceivable,0.0,0.0,0.217391304347826,0.782608695652174,-440.26513671875,238.24319458007812,-318.2394104003906,238.24319458007812,-551.3551025390625
Someone lit a candle using a match.,probable,0.972972972972973,0.0,0.027027027027027,0.0,-658.199462890625,30.576080322265625,-503.07379150390625,30.576080322265625,-1482.514892578125
Someone built a house out of gas.,impossible,0.0,0.0,0.6666666666666666,0.3333333333333333,-681.4107666015625,152.18939208984375,-487.07171630859375,152.18939208984375,-1268.627197265625
Someone built a house out of grass.,improbable,0.0,0.6521739130434783,0.3478260869565217,0.0,-691.0001220703125,99.30192565917969,-512.0542602539062,99.30192565917969,-1442.392578125
Someone built a house out of language.,inconceivable,0.0,0.027027027027027,0.1351351351351351,0.8378378378378378,-556.2291259765625,304.4228820800781,-361.2109375,304.4228820800781,-664.2272338867188
Someone built a house out of brick.,probable,0.9722222222222222,0.0,0.0277777777777777,0.0,-714.6936645507812,74.17328643798828,-517.5224609375,74.17328643798828,-1426.443603515625
Someone made a sandwich using a star.,impossible,0.0,0.0,0.4210526315789473,0.5789473684210527,-358.13189697265625,381.16998291015625,-434.77587890625,381.16998291015625,-688.14501953125
Someone made a sandwich using lettuce.,improbable,0.9210526315789472,0.0789473684210526,0.0,0.0,-540.2806396484375,93.48680114746094,-572.5155029296875,93.48680114746094,-1492.308837890625
Someone made a sandwich using a mile.,inconceivable,0.0,0.0,0.027027027027027,0.972972972972973,-365.90228271484375,336.0445556640625,-418.5689392089844,336.0445556640625,-579.67041015625
Someone made a sandwich using bread.,probable,0.9722222222222222,0.0277777777777777,0.0,0.0,-574.0846557617188,120.1119384765625,-518.453857421875,120.1119384765625,-1324.21826171875
Someone made a smoothie using wind.,impossible,0.0,0.119047619047619,0.6190476190476191,0.2619047619047619,-378.13116455078125,338.1571044921875,-454.5210266113281,338.1571044921875,-747.7069091796875
Someone made a smoothie using a whisk.,improbable,0.2285714285714285,0.7714285714285715,0.0,0.0,-515.9666137695312,113.72410583496094,-524.8969116210938,113.72410583496094,-1311.6341552734375
Someone made a smoothie using decades.,inconceivable,0.0,0.0,0.09375,0.90625,-300.499267578125,390.49627685546875,-309.85723876953125,390.49627685546875,-84.06320190429688
Someone made a smoothie using a blender.,probable,1.0,0.0,0.0,0.0,-619.5907592773438,49.07450866699219,-524.2108154296875,49.07450866699219,-1475.179443359375
Someone melted a chocolate bar using a napkin.,impossible,0.0,0.2647058823529412,0.7058823529411765,0.0294117647058823,-540.9830322265625,42.44902038574219,-570.0184326171875,42.44902038574219,-1573.1353759765625
Someone melted a chocolate bar using a radiator.,improbable,0.275,0.675,0.05,0.0,-500.5863342285156,91.8529281616211,-578.509521484375,91.8529281616211,-1447.684326171875
Someone melted a chocolate bar using a promise.,inconceivable,0.0,0.0,0.225,0.775,-513.212646484375,286.5256652832031,-296.44970703125,286.5256652832031,-503.69305419921875
Someone melted a chocolate bar using a stove.,probable,0.8857142857142857,0.1142857142857142,0.0,0.0,-628.0789794921875,54.211204528808594,-569.6921997070312,54.211204528808594,-1578.471435546875
Someone opened a jar using their mind.,impossible,0.0,0.0,0.9166666666666666,0.0833333333333333,-617.575927734375,235.45216369628906,-371.8454284667969,235.45216369628906,-879.7020263671875
Someone opened a jar using their feet.,improbable,0.0851063829787234,0.8723404255319149,0.0425531914893617,0.0,-697.0926513671875,4.198677062988281,-523.7327880859375,4.198677062988281,-1452.62548828125
Someone opened a jar using an opinion.,inconceivable,0.0,0.0,0.3703703703703703,0.6296296296296297,-568.5755615234375,284.0724182128906,-249.28778076171875,284.0724182128906,-344.97998046875
Someone opened a jar using their hands.,probable,0.9743589743589745,0.0,0.0256410256410256,0.0,-771.4016723632812,-2.19580078125,-499.6290283203125,-2.19580078125,-1453.550537109375
Someone packed a suit inside a raspberry.,impossible,0.0,0.0,0.7037037037037037,0.2962962962962963,-494.01202392578125,235.4219970703125,-561.70263671875,235.4219970703125,-971.18017578125
Someone packed a suit inside a pocket.,improbable,0.0,0.3409090909090909,0.5909090909090909,0.0681818181818181,-652.862060546875,79.24697875976562,-496.5590515136719,79.24697875976562,-1213.9324951171875
Someone packed a suit inside a groan.,inconceivable,0.0,0.0,0.0789473684210526,0.9210526315789472,-532.3003540039062,124.71147155761719,-420.25067138671875,124.71147155761719,-703.9892578125
Someone packed a suit inside a suitcase.,probable,0.925,0.025,0.05,0.0,-698.224609375,58.13536834716797,-531.3670043945312,58.13536834716797,-1327.843994140625
Someone painted a wall using a bathtub.,impossible,0.0,0.054054054054054,0.4864864864864865,0.4594594594594595,-663.3585205078125,16.910491943359375,-593.884765625,16.910491943359375,-1720.5306396484375
Someone painted a wall using a mop.,improbable,0.0,1.0,0.0,0.0,-517.9219970703125,11.193145751953125,-510.46783447265625,11.193145751953125,-1500.8753662109375
Someone painted a wall using a whisper.,inconceivable,0.0,0.0,0.1724137931034483,0.8275862068965517,-478.8260803222656,304.41009521484375,-363.0544738769531,304.41009521484375,-574.2021484375
Someone painted a wall using a brush.,probable,1.0,0.0,0.0,0.0,-767.4360961914062,-16.455429077148438,-524.83447265625,-16.455429077148438,-1658.4560546875
Someone paved a road using a comet.,impossible,0.0,0.0,0.5882352941176471,0.4117647058823529,-567.3626708984375,249.9748077392578,-518.6807250976562,249.9748077392578,-1217.78564453125
Someone paved a road using seashells.,improbable,0.0344827586206896,0.7586206896551724,0.1724137931034483,0.0344827586206896,-575.2584228515625,182.5646209716797,-502.3303527832031,182.5646209716797,-1310.8062744140625
Someone paved a road using happiness.,inconceivable,0.0,0.0,0.2040816326530612,0.7959183673469388,-505.6067810058594,354.1674499511719,-353.26708984375,354.1674499511719,-506.42474365234375
Someone paved a road using cement.,probable,0.8918918918918919,0.1081081081081081,0.0,0.0,-787.3567504882812,90.42654418945312,-563.607177734375,90.42654418945312,-1536.6033935546875
Someone plucked a hair using a spoon.,impossible,0.0,0.3333333333333333,0.5833333333333334,0.0833333333333333,-644.694580078125,54.88279724121094,-527.3738403320312,54.88279724121094,-1348.498779296875
Someone plucked a hair using tongs.,improbable,0.1724137931034483,0.8275862068965517,0.0,0.0,-589.8580322265625,35.73854064941406,-514.64013671875,35.73854064941406,-1355.7742919921875
Someone plucked a hair using sympathy.,inconceivable,0.0,0.0,0.125,0.875,-581.716064453125,216.32833862304688,-335.4909973144531,216.32833862304688,-726.6621704101562
Someone plucked a hair using tweezers.,probable,0.96875,0.03125,0.0,0.0,-659.6206665039062,17.542037963867188,-511.6159362792969,17.542037963867188,-1384.9970703125
Someone polished jewelry using a chainsaw.,impossible,0.0,0.1621621621621621,0.8378378378378378,0.0,-674.2071533203125,-46.88721466064453,-588.6591186523438,-46.88721466064453,-1605.0277099609375
Someone polished jewelry using a shirt.,improbable,0.3333333333333333,0.6388888888888888,0.0,0.0277777777777777,-695.649169921875,-30.174301147460938,-538.17822265625,-30.174301147460938,-1494.7410888671875
Someone polished jewelry using music.,inconceivable,0.0,0.0,0.3548387096774194,0.6451612903225806,-697.8080444335938,98.03315734863281,-470.97711181640625,98.03315734863281,-1302.8258056640625
Someone polished jewelry using a cloth.,probable,1.0,0.0,0.0,0.0,-747.8810424804688,-42.49680709838867,-556.8382568359375,-42.49680709838867,-1529.756103515625
Someone popped a balloon using cotton balls.,impossible,0.0263157894736842,0.2631578947368421,0.7105263157894737,0.0,-614.724853515625,39.292030334472656,-579.189697265625,39.292030334472656,-1623.7896728515625
Someone popped a balloon using a spear.,improbable,0.3529411764705882,0.6176470588235294,0.0294117647058823,0.0,-558.44775390625,39.172027587890625,-552.0634155273438,39.172027587890625,-1535.247802734375
Someone popped a balloon using a story.,inconceivable,0.0,0.0,0.2142857142857142,0.7857142857142857,-508.9982604980469,285.6293640136719,-299.474365234375,285.6293640136719,-423.83038330078125
Someone popped a balloon using a thumbtack.,probable,1.0,0.0,0.0,0.0,-524.4879150390625,64.64083862304688,-526.5391845703125,64.64083862304688,-1385.16552734375
Someone built a bridge out of soup.,impossible,0.0,0.048780487804878,0.6829268292682927,0.2682926829268293,-536.2548828125,178.98606872558594,-483.22198486328125,178.98606872558594,-1188.865966796875
Someone built a bridge out of plastic.,improbable,0.081081081081081,0.8378378378378378,0.081081081081081,0.0,-591.1499633789062,119.94682312011719,-520.79931640625,119.94682312011719,-1406.031982421875
Someone built a bridge out of dance.,inconceivable,0.0,0.0256410256410256,0.1025641025641025,0.8717948717948718,-483.0373840332031,228.65093994140625,-395.78912353515625,228.65093994140625,-870.2276611328125
Someone built a bridge out of steel.,probable,1.0,0.0,0.0,0.0,-676.3727416992188,127.8568344116211,-513.1243896484375,127.8568344116211,-1392.6500244140625
Someone removed a stain using dirt.,impossible,0.0,0.2888888888888888,0.6444444444444445,0.0666666666666666,-523.5315551757812,85.100830078125,-528.6018676757812,85.100830078125,-1390.87744140625
Someone removed a stain using vinegar.,improbable,0.8709677419354839,0.064516129032258,0.064516129032258,0.0,-532.8259887695312,8.447036743164062,-583.7469482421875,8.447036743164062,-1559.0853271484375
Someone removed a stain using truth.,inconceivable,0.0,0.0,0.2666666666666666,0.7333333333333333,-250.64796447753906,352.0697021484375,-283.7064514160156,352.0697021484375,68.35858154296875
Someone removed a stain using bleach.,probable,0.9302325581395348,0.0697674418604651,0.0,0.0,-553.288818359375,2.0130157470703125,-577.7867431640625,2.0130157470703125,-1571.9503173828125
Someone rinsed fruit using a clock.,impossible,0.0,0.025,0.5,0.475,-463.62109375,69.01512145996094,-497.9635009765625,69.01512145996094,-1229.3883056640625
Someone rinsed fruit using a hose.,improbable,0.4888888888888889,0.4666666666666667,0.0,0.0444444444444444,-486.693359375,-8.309104919433594,-543.9812622070312,-8.309104919433594,-1417.701171875
Someone rinsed fruit using a giggle.,inconceivable,0.0,0.03125,0.1875,0.78125,-509.30816650390625,87.0693588256836,-406.69281005859375,87.0693588256836,-1008.0519409179688
Someone rinsed fruit using a sink.,probable,1.0,0.0,0.0,0.0,-549.3387451171875,-12.657493591308594,-523.1533203125,-12.657493591308594,-1404.44140625
Someone sewed a shirt using a potato.,impossible,0.0,0.0555555555555555,0.7222222222222222,0.2222222222222222,-536.5911865234375,107.08599853515625,-568.600830078125,107.08599853515625,-1438.2620849609375
Someone sewed a shirt using a toothpick.,improbable,0.032258064516129,0.5483870967741935,0.3225806451612903,0.0967741935483871,-593.2103271484375,-18.240333557128906,-520.1364135742188,-18.240333557128906,-1569.4649658203125
Someone sewed a shirt using thunder.,inconceivable,0.0,0.0,0.2272727272727272,0.7727272727272727,-302.5614013671875,375.7210388183594,-420.2488098144531,375.7210388183594,-499.9508361816406
Someone sewed a shirt using a needle.,probable,0.9736842105263158,0.0263157894736842,0.0,0.0,-672.1072998046875,16.856582641601562,-532.9288330078125,16.856582641601562,-1573.903076171875
Someone shattered a window using confetti.,impossible,0.0,0.1944444444444444,0.7222222222222222,0.0833333333333333,-594.2544555664062,47.14593505859375,-557.9042358398438,47.14593505859375,-1543.91552734375
Someone shattered a window using a frisbee.,improbable,0.5,0.5,0.0,0.0,-482.6193542480469,0.11405181884765625,-537.5796508789062,0.11405181884765625,-1570.130859375
Someone shattered a window using a concept.,inconceivable,0.0,0.0,0.4285714285714285,0.5714285714285714,-508.1499938964844,287.3635559082031,-263.764892578125,287.3635559082031,-434.22039794921875
Someone shattered a window using a stone.,probable,1.0,0.0,0.0,0.0,-693.7686767578125,31.236557006835938,-560.6348876953125,31.236557006835938,-1553.423828125
Someone shaved their beard using a teabag.,impossible,0.0,0.0625,0.75,0.1875,-464.40228271484375,70.49513244628906,-525.1476440429688,70.49513244628906,-1436.69775390625
Someone shaved their beard using a knife.,improbable,0.05,0.9,0.05,0.0,-704.522705078125,-13.424850463867188,-550.5556030273438,-13.424850463867188,-1693.5982666015625
Someone shaved their beard using a belief.,inconceivable,0.0,0.0,0.2857142857142857,0.7142857142857143,-594.8501586914062,279.2621765136719,-283.92840576171875,279.2621765136719,-538.529052734375
Someone shaved their beard using a razor.,probable,0.9761904761904762,0.0238095238095238,0.0,0.0,-723.5601806640625,-1.8994522094726562,-553.268798828125,-1.8994522094726562,-1678.9693603515625
Someone smashed a pumpkin using a leaf.,impossible,0.0,0.125,0.7916666666666666,0.0833333333333333,-450.85986328125,94.85200500488281,-569.0760498046875,94.85200500488281,-1450.629638671875
Someone smashed a pumpkin using a boulder.,improbable,0.6,0.3714285714285714,0.0285714285714285,0.0,-501.16326904296875,17.758270263671875,-595.3190307617188,17.758270263671875,-1610.601318359375
Someone smashed a pumpkin using a number.,inconceivable,0.0,0.0212765957446808,0.1489361702127659,0.8297872340425532,-562.7413330078125,210.74917602539062,-343.384033203125,210.74917602539062,-691.3511962890625
Someone smashed a pumpkin using a hammer.,probable,0.9069767441860463,0.0930232558139534,0.0,0.0,-581.5379638671875,3.4070587158203125,-580.9654541015625,3.4070587158203125,-1630.741455078125
Someone split a log using a feather.,impossible,0.0,0.0294117647058823,0.9117647058823528,0.0588235294117647,-479.5992736816406,142.05616760253906,-532.19482421875,142.05616760253906,-1282.1337890625
Someone split a log using a saw.,improbable,0.9428571428571428,0.0571428571428571,0.0,0.0,-553.99658203125,42.853031158447266,-527.4853515625,42.853031158447266,-1428.8853759765625
Someone split a log using a gasp.,inconceivable,0.0222222222222222,0.0222222222222222,0.1555555555555555,0.8,-385.24114990234375,258.0981750488281,-373.36785888671875,258.0981750488281,-566.0401000976562
Someone split a log using an axe.,probable,1.0,0.0,0.0,0.0,-581.1588134765625,18.02478790283203,-570.56689453125,18.02478790283203,-1592.868408203125
Someone squeezed juice from an envelope.,impossible,0.0,0.1707317073170731,0.4878048780487805,0.3414634146341463,-683.3861083984375,29.786231994628906,-483.9467468261719,29.786231994628906,-1454.5181884765625
Someone squeezed juice from meat.,improbable,0.4186046511627907,0.4186046511627907,0.1395348837209302,0.0232558139534883,-649.51513671875,91.51647186279297,-524.6373291015625,91.51647186279297,-1450.5174560546875
Someone squeezed juice from a mumble.,inconceivable,0.0,0.027027027027027,0.027027027027027,0.945945945945946,-543.1538696289062,122.2906494140625,-410.78692626953125,122.2906494140625,-1030.2655029296875
Someone squeezed juice from an orange.,probable,1.0,0.0,0.0,0.0,-655.8362426757812,90.98504638671875,-570.7750244140625,90.98504638671875,-1468.155517578125
Someone squished a blueberry using their breath.,impossible,0.0588235294117647,0.0294117647058823,0.7058823529411765,0.2058823529411764,-580.4877319335938,101.05477142333984,-437.55572509765625,101.05477142333984,-1171.82373046875
Someone squished a blueberry using their nose.,improbable,0.1219512195121951,0.8780487804878049,0.0,0.0,-583.4093627929688,79.5220947265625,-459.6216735839844,79.5220947265625,-1290.952880859375
Someone squished a blueberry using a sight.,inconceivable,0.0294117647058823,0.0294117647058823,0.2941176470588235,0.6470588235294118,-549.4810180664062,184.99134826660156,-370.97528076171875,184.99134826660156,-854.6041870117188
Someone squished a blueberry using their finger.,probable,1.0,0.0,0.0,0.0,-597.3221435546875,47.02754211425781,-483.96759033203125,47.02754211425781,-1338.3839111328125
Someone started a fire using milk.,impossible,0.0,0.0952380952380952,0.8095238095238095,0.0952380952380952,-595.06201171875,132.04150390625,-572.7227172851562,132.04150390625,-1543.613037109375
Someone started a fire using furniture.,improbable,0.2058823529411764,0.6176470588235294,0.1764705882352941,0.0,-673.149658203125,13.262802124023438,-539.171142578125,13.262802124023438,-1611.0029296875
Someone started a fire using humor.,inconceivable,0.0,0.0,0.3611111111111111,0.6388888888888888,-537.728759765625,209.48663330078125,-362.220947265625,209.48663330078125,-868.7159423828125
Someone started a fire using kindling.,probable,1.0,0.0,0.0,0.0,-634.0834350585938,0.8191375732421875,-572.269287109375,0.8191375732421875,-1631.176513671875
Someone called a friend using a sandwich.,impossible,0.0,0.0,0.6046511627906976,0.3953488372093023,-749.1898193359375,-16.55902099609375,-502.8966979980469,-16.55902099609375,-1418.927734375
Someone called a friend using a laptop.,improbable,0.5675675675675675,0.4054054054054054,0.0,0.027027027027027,-747.938720703125,-52.555877685546875,-542.1688842773438,-52.555877685546875,-1498.381591796875
Someone called a friend using mass.,inconceivable,0.0303030303030303,0.0,0.0909090909090909,0.8787878787878788,-168.47987365722656,297.771728515625,-302.1448059082031,297.771728515625,117.92729187011719
Someone called a friend using a phone.,probable,1.0,0.0,0.0,0.0,-796.828369140625,-36.71913146972656,-498.5263977050781,-36.71913146972656,-1441.79052734375
Someone stored dishes inside a thimble.,impossible,0.0,0.1081081081081081,0.8648648648648649,0.027027027027027,-603.3628540039062,23.404930114746094,-521.9183959960938,23.404930114746094,-1423.7503662109375
Someone stored dishes inside an attic.,improbable,0.6153846153846154,0.3846153846153846,0.0,0.0,-690.0269775390625,-7.486541748046875,-569.915771484375,-7.486541748046875,-1557.57958984375
Someone stored dishes inside an equation.,inconceivable,0.0,0.0,0.1351351351351351,0.8648648648648649,-655.6141357421875,192.01724243164062,-391.5470886230469,192.01724243164062,-943.05029296875
Someone stored dishes inside a cabinet.,probable,0.9722222222222222,0.0277777777777777,0.0,0.0,-736.9732666015625,-37.725563049316406,-543.0767211914062,-37.725563049316406,-1543.639404296875
Someone took a vacation to the sun.,impossible,0.0,0.032258064516129,0.9032258064516128,0.064516129032258,-657.0838623046875,241.52218627929688,-447.0930480957031,241.52218627929688,-1003.9888916015625
Someone took a vacation to the desert.,improbable,0.5306122448979592,0.4081632653061224,0.0204081632653061,0.0408163265306122,-647.7498168945312,137.3203887939453,-484.1158447265625,137.3203887939453,-1211.275634765625
Someone took a vacation to a verb.,inconceivable,0.0,0.0285714285714285,0.0285714285714285,0.9428571428571428,-432.5177307128906,334.73529052734375,-325.87579345703125,334.73529052734375,-256.59735107421875
Someone took a vacation to the beach.,probable,1.0,0.0,0.0,0.0,-770.222412109375,50.99107360839844,-484.23382568359375,50.99107360839844,-1410.3079833984375
Someone tightened a bolt using a house.,impossible,0.0,0.0217391304347826,0.5217391304347826,0.4565217391304347,-642.7928466796875,103.09402465820312,-495.5689697265625,103.09402465820312,-1214.3563232421875
Someone tightened a bolt using chopsticks.,improbable,0.0,0.6153846153846154,0.3333333333333333,0.0512820512820512,-643.05322265625,-60.154266357421875,-549.6362915039062,-60.154266357421875,-1506.26513671875
Someone tightened a bolt using a dream.,inconceivable,0.0,0.0,0.1875,0.8125,-482.1341552734375,358.2993469238281,-284.9563903808594,358.2993469238281,-343.74017333984375
Someone tightened a bolt using a wrench.,probable,0.96875,0.03125,0.0,0.0,-722.4281005859375,-61.34419250488281,-524.992919921875,-61.34419250488281,-1528.688232421875
Someone turned an apple into a cherry.,impossible,0.0,0.0,0.9032258064516128,0.0967741935483871,-619.5838623046875,186.05137634277344,-568.1502075195312,186.05137634277344,-1293.5185546875
Someone turned an apple into a salad.,improbable,0.5111111111111111,0.3777777777777777,0.1111111111111111,0.0,-615.3118896484375,144.95980834960938,-507.5599365234375,144.95980834960938,-1262.350341796875
Someone turned an apple into honesty.,inconceivable,0.0,0.0,0.0930232558139534,0.9069767441860463,-505.596435546875,316.19244384765625,-337.0517272949219,316.19244384765625,-532.59228515625
Someone turned an apple into a pie.,probable,0.7666666666666667,0.1666666666666666,0.0666666666666666,0.0,-611.5133056640625,153.807373046875,-512.68310546875,153.807373046875,-1302.1025390625
Someone unlocked a door using a marshmallow.,impossible,0.0,0.1578947368421052,0.7368421052631579,0.1052631578947368,-572.7318115234375,141.61912536621094,-529.7149047851562,141.61912536621094,-1383.258544921875
Someone unlocked a door using a screwdriver.,improbable,0.1707317073170731,0.7560975609756098,0.073170731707317,0.0,-720.7913818359375,-52.43165969848633,-533.3330078125,-52.43165969848633,-1650.150634765625
Someone unlocked a door using a lie.,inconceivable,0.032258064516129,0.064516129032258,0.2580645161290322,0.6451612903225806,-601.3770141601562,188.53408813476562,-319.808837890625,188.53408813476562,-752.6723022460938
Someone unlocked a door using a key.,probable,1.0,0.0,0.0,0.0,-777.9324951171875,-5.950111389160156,-498.98974609375,-5.950111389160156,-1548.08935546875
Someone washed their hair using a rainbow.,impossible,0.0,0.0,0.4358974358974359,0.5641025641025641,-548.47021484375,176.7139892578125,-538.4638061523438,176.7139892578125,-1343.509765625
Someone washed their hair using detergent.,improbable,0.2222222222222222,0.75,0.0,0.0277777777777777,-802.3646850585938,-29.86290740966797,-557.8603515625,-29.86290740966797,-1725.0877685546875
Someone washed their hair using applause.,inconceivable,0.0,0.0333333333333333,0.2,0.7666666666666667,-608.138916015625,158.8319549560547,-380.1191711425781,158.8319549560547,-819.25732421875
Someone washed their hair using shampoo.,probable,1.0,0.0,0.0,0.0,-808.6945190429688,-0.9658355712890625,-557.0018920898438,-0.9658355712890625,-1661.63134765625
Someone wore shoes made of stars.,impossible,0.0,0.0,0.65,0.35,-567.529052734375,183.4906005859375,-488.1301574707031,183.4906005859375,-1175.4437255859375
Someone wore shoes made of wood.,improbable,0.2195121951219512,0.7804878048780488,0.0,0.0,-639.5010375976562,66.52005004882812,-588.7195434570312,66.52005004882812,-1486.652099609375
Someone wore shoes made of traffic.,inconceivable,0.0,0.0,0.1081081081081081,0.8918918918918919,-629.424560546875,148.0936737060547,-455.76702880859375,148.0936737060547,-1120.100341796875
Someone wore shoes made of leather.,probable,1.0,0.0,0.0,0.0,-634.4194946289062,37.793174743652344,-574.4195556640625,37.793174743652344,-1495.94140625
Someone wrapped a present using ketchup.,impossible,0.0,0.131578947368421,0.4736842105263157,0.3947368421052631,-518.0911254882812,37.595184326171875,-538.6036987304688,37.595184326171875,-1412.9298095703125
Someone wrapped a present using a dress.,improbable,0.03125,0.84375,0.09375,0.03125,-587.074951171875,-10.194042205810547,-511.92864990234375,-10.194042205810547,-1396.3951416015625
Someone wrapped a present using gossip.,inconceivable,0.0,0.0,0.0555555555555555,0.9444444444444444,-347.08441162109375,280.0151672363281,-370.02276611328125,280.0151672363281,-364.401123046875
Someone wrapped a present using paper.,probable,0.9534883720930232,0.0232558139534883,0.0,0.0232558139534883,-594.975830078125,10.411209106445312,-553.15234375,10.411209106445312,-1477.9365234375
Someone wrote a letter using a snowflake.,impossible,0.0,0.0555555555555555,0.75,0.1944444444444444,-569.6284790039062,172.86581420898438,-495.0050964355469,172.86581420898438,-1301.8919677734375
Someone wrote a letter using a stylus.,improbable,0.7297297297297297,0.1891891891891892,0.081081081081081,0.0,-719.28125,0.9844970703125,-516.6920166015625,0.9844970703125,-1561.520751953125
Someone wrote a letter using a marathon.,inconceivable,0.0,0.0465116279069767,0.0465116279069767,0.9069767441860463,-339.88018798828125,314.7912292480469,-404.072265625,314.7912292480469,-338.1991882324219
Someone wrote a letter using a pen.,probable,1.0,0.0,0.0,0.0,-733.2922973632812,86.74415588378906,-506.3975524902344,86.74415588378906,-1413.763427734375
Someone wrote an equation on an atom.,impossible,0.0,0.073170731707317,0.6585365853658537,0.2682926829268293,-802.442138671875,215.53538513183594,-503.099609375,215.53538513183594,-1310.3865966796875
Someone wrote an equation on a billboard.,improbable,0.475,0.5,0.0,0.025,-749.1183471679688,101.78861236572266,-472.95556640625,101.78861236572266,-1391.8670654296875
Someone wrote an equation on a scream.,inconceivable,0.0,0.0,0.0303030303030303,0.9696969696969696,-603.9203491210938,242.71017456054688,-382.78619384765625,242.71017456054688,-868.3431396484375
Someone wrote an equation on a chalkboard.,probable,1.0,0.0,0.0,0.0,-835.0693359375,52.12514877319336,-516.6731567382812,52.12514877319336,-1460.5750732421875
Someone carried groceries inside a tornado.,impossible,0.0,0.3333333333333333,0.3611111111111111,0.3055555555555556,-623.8220825195312,136.83323669433594,-509.8841552734375,136.83323669433594,-1325.6004638671875
Someone carried groceries inside a backpack.,improbable,0.7878787878787878,0.2121212121212121,0.0,0.0,-717.535888671875,-57.41435241699219,-552.3333129882812,-57.41435241699219,-1559.107666015625
Someone carried groceries inside a law.,inconceivable,0.0,0.0,0.03125,0.96875,-466.2080078125,353.6207580566406,-338.1158142089844,353.6207580566406,-225.07699584960938
Someone carried groceries inside a tote bag.,probable,0.9583333333333334,0.0416666666666666,0.0,0.0,-716.6099243164062,-72.7204360961914,-554.4065551757812,-72.7204360961914,-1585.1143798828125
Someone carved a statue using a sock.,impossible,0.0,0.1395348837209302,0.7906976744186046,0.0697674418604651,-499.6198425292969,8.932891845703125,-571.1844482421875,8.932891845703125,-1574.5009765625
Someone carved a statue using a nail.,improbable,0.075,0.875,0.05,0.0,-536.529541015625,31.23114013671875,-537.2044067382812,31.23114013671875,-1527.4576416015625
Someone carved a statue using laughter.,inconceivable,0.0,0.0,0.1875,0.8125,-553.6986694335938,146.0111846923828,-383.0866394042969,146.0111846923828,-1084.8382568359375
Someone carved a statue using a chisel.,probable,0.9705882352941176,0.0294117647058823,0.0,0.0,-593.8201904296875,-23.453994750976562,-544.7053833007812,-23.453994750976562,-1619.376953125
Someone caught a fish in a raindrop.,impossible,0.0,0.054054054054054,0.6756756756756757,0.2702702702702703,-689.8663330078125,122.71304321289062,-504.2442626953125,122.71304321289062,-1420.140625
Someone caught a fish in a puddle.,improbable,0.3061224489795918,0.5714285714285714,0.1224489795918367,0.0,-732.2800903320312,42.57587432861328,-503.1349792480469,42.57587432861328,-1525.685791015625
Someone caught a fish in an exclamation.,inconceivable,0.0,0.0,0.088235294117647,0.9117647058823528,-631.4931640625,138.7698974609375,-353.17822265625,138.7698974609375,-876.2471313476562
Someone caught a fish in a lake.,probable,1.0,0.0,0.0,0.0,-793.099853515625,34.219032287597656,-532.4586791992188,34.219032287597656,-1668.82373046875
Someone chilled a drink using fire.,impossible,0.0,0.0294117647058823,0.9411764705882352,0.0294117647058823,-631.8531494140625,164.23733520507812,-499.10638427734375,164.23733520507812,-1315.5111083984375
Someone chilled a drink using snow.,improbable,0.3636363636363636,0.6136363636363636,0.0,0.0227272727272727,-581.5286254882812,149.89784240722656,-553.0565795898438,149.89784240722656,-1381.7266845703125
Someone chilled a drink using yesterday.,inconceivable,0.0,0.0,0.0,1.0,-604.1663818359375,187.71804809570312,-371.3326416015625,187.71804809570312,-984.726806640625
Someone chilled a drink using ice.,probable,1.0,0.0,0.0,0.0,-721.1870727539062,54.87068176269531,-559.2755126953125,54.87068176269531,-1587.437255859375
