{
    "prolific_data": {
        "subject_id": "60aa5894c3afdc6292cf383b",
        "study_id": "67e2c7f5c9ee767149702482",
        "session_id": "67e2d2b48df03e300314f753",
        "rng_seed": "0.724897714198464"
    },
    "data": "[{\"rt\":11732,\"stimulus\":\"\\n  <div class=\\\"jspsych-content\\\" align=left style=\\\"width:100%;text-align: left;\\\">\\n  <h2>Hello, and welcome to our study!</h2>\\n      In this study, we will ask you to 25 questions.\\n      <p>\\n      In 20 of the questions, we will need your help deciding which statement is more <strong>nonsensical</strong>.\\n      </p>\\n      <strong>Nonsensical</strong> means it does not make sense due to some basic conceptual error (\\\"I painted the house with my number.\\\"). \\n      <p>\\n      The remaining questions will check to make sure that you are paying attention to the study.\\n      <p>\\n    <h3>IMPORTANT:</h3>\\n    <ul>\\n      <li>Respond as quickly as you can.</li>\\n      <li>Answer the questions based on what is possible given the physical laws of the real world.</li>\\n      <li>There are no right or wrong answers. We are simply interested in your intuitions.</li>\\n      </ul>\\n    Once you are done reading this page, please press SPACEBAR to continue.\\n    </p>\\n  </div>\\n  \",\"response\":\" \",\"trial_type\":\"html-keyboard-response\",\"trial_index\":0,\"time_elapsed\":11743,\"internal_node_id\":\"0.0-0.0\",\"subject_id\":\"60aa5894c3afdc6292cf383b\",\"study_id\":\"67e2c7f5c9ee767149702482\",\"session_id\":\"67e2d2b48df03e300314f753\",\"rng_seed\":\"0.724897714198464\"},{\"rt\":8702,\"stimulus\":\"<div style=\\\"font-size:20px;\\\"><p>Which scenario is more nonsensical?</p>\\n  Reminder: <strong>Nonsensical</strong> means it does not make sense due to some basic conceptual error (\\\"I painted the house with my number.\\\"). </div>\",\"response\":1,\"stimulus_0\":\"denting a car with\",\"stimulus_1\":\"cooling a room using\",\"condition_0\":\"improbable\",\"condition_1\":\"inconceivable\",\"continuation_0\":\"a dumbbell\",\"continuation_1\":\"a taste\",\"id_0\":23,\"id_1\":17,\"context_0\":\"They do not have a baseball bat, so they are\",\"context_1\":\"They do not have a fan, so they are\",\"task_type\":\"critical\",\"concept\":\"inconceivable\",\"trial_type\":\"html-button-response\",\"trial_index\":1,\"time_elapsed\":20448,\"internal_node_id\":\"0.0-1.0-0.0\",\"subject_id\":\"60aa5894c3afdc6292cf383b\",\"study_id\":\"67e2c7f5c9ee767149702482\",\"session_id\":\"67e2d2b48df03e300314f753\",\"rng_seed\":\"0.724897714198464\",\"response_label\":1,\"provided_context\":true},{\"rt\":16206,\"stimulus\":\"<div style=\\\"font-size:20px;\\\"><p>Which scenario is more nonsensical?</p>\\n  Reminder: <strong>Nonsensical</strong> means it does not make sense due to some basic conceptual error (\\\"I painted the house with my number.\\\"). </div>\",\"response\":1,\"stimulus_0\":\"painting a wall using\",\"stimulus_1\":\"crafting a bowl out of\",\"condition_0\":\"inconceivable\",\"condition_1\":\"impossible\",\"continuation_0\":\"a whisper\",\"continuation_1\":\"smoke\",\"id_0\":45,\"id_1\":19,\"context_0\":\"They do not have a brush, so they are\",\"context_1\":\"They do not have clay, so they are\",\"task_type\":\"critical\",\"concept\":\"inconceivable\",\"trial_type\":\"html-button-response\",\"trial_index\":2,\"time_elapsed\":36656,\"internal_node_id\":\"0.0-1.0-0.1\",\"subject_id\":\"60aa5894c3afdc6292cf383b\",\"study_id\":\"67e2c7f5c9ee767149702482\",\"session_id\":\"67e2d2b48df03e300314f753\",\"rng_seed\":\"0.724897714198464\",\"response_label\":1,\"provided_context\":true},{\"rt\":8006,\"stimulus\":\"<div style=\\\"font-size:20px;\\\"><p>Which scenario is more nonsensical?</p>\\n  Reminder: <strong>Nonsensical</strong> means it does not make sense due to some basic conceptual error (\\\"I painted the house with my number.\\\"). </div>\",\"response\":0,\"stimulus_0\":\"filling a bucket with\",\"stimulus_1\":\"sewing a shirt using\",\"condition_0\":\"impossible\",\"condition_1\":\"improbable\",\"continuation_0\":\"buildings\",\"continuation_1\":\"a toothpick\",\"id_0\":33,\"id_1\":52,\"context_0\":\"They are not near sand, so they are\",\"context_1\":\"They do not have a needle, so they are\",\"task_type\":\"critical\",\"concept\":\"inconceivable\",\"trial_type\":\"html-button-response\",\"trial_index\":3,\"time_elapsed\":44663,\"internal_node_id\":\"0.0-1.0-0.2\",\"subject_id\":\"60aa5894c3afdc6292cf383b\",\"study_id\":\"67e2c7f5c9ee767149702482\",\"session_id\":\"67e2d2b48df03e300314f753\",\"rng_seed\":\"0.724897714198464\",\"response_label\":0,\"provided_context\":true},{\"rt\":5681,\"stimulus\":\"<div style=\\\"font-size:20px;\\\"><p>Which scenario is more nonsensical?</p>\\n  Reminder: <strong>Nonsensical</strong> means it does not make sense due to some basic conceptual error (\\\"I painted the house with my number.\\\"). </div>\",\"response\":0,\"stimulus_0\":\"building a bridge out of\",\"stimulus_1\":\"squishing a blueberry using\",\"condition_0\":\"improbable\",\"condition_1\":\"improbable\",\"continuation_0\":\"plastic\",\"continuation_1\":\"[POSS] nose\",\"id_0\":4,\"id_1\":58,\"context_0\":\"They do not have any steel, so they are\",\"context_1\":\"They do not have fingers, so they are\",\"task_type\":\"critical\",\"concept\":\"inconceivable\",\"trial_type\":\"html-button-response\",\"trial_index\":4,\"time_elapsed\":50346,\"internal_node_id\":\"0.0-1.0-0.3\",\"subject_id\":\"60aa5894c3afdc6292cf383b\",\"study_id\":\"67e2c7f5c9ee767149702482\",\"session_id\":\"67e2d2b48df03e300314f753\",\"rng_seed\":\"0.724897714198464\",\"response_label\":0,\"provided_context\":true},{\"rt\":2773,\"stimulus\":\"<div style=\\\"font-size:20px;\\\"><p>Follow the instructions below.</p></div>\",\"response\":1,\"stimulus_0\":\"building a bridge out of\",\"stimulus_1\":\"squishing a blueberry using\",\"condition_0\":\"improbable\",\"condition_1\":\"improbable\",\"continuation_0\":\"plastic\",\"continuation_1\":\"[POSS] nose\",\"id_0\":4,\"id_1\":58,\"context_0\":\"They do not have any steel, so they are\",\"context_1\":\"They do not have fingers, so they are\",\"task_type\":\"attention_check\",\"choices\":[\"Don't Click This Button!\",\"Click This Button!\"],\"trial_type\":\"html-button-response\",\"trial_index\":5,\"time_elapsed\":53120,\"internal_node_id\":\"0.0-1.0-1.3-0.3\",\"subject_id\":\"60aa5894c3afdc6292cf383b\",\"study_id\":\"67e2c7f5c9ee767149702482\",\"session_id\":\"67e2d2b48df03e300314f753\",\"rng_seed\":\"0.724897714198464\"},{\"rt\":9076,\"stimulus\":\"<div style=\\\"font-size:20px;\\\"><p>Which scenario is more nonsensical?</p>\\n  Reminder: <strong>Nonsensical</strong> means it does not make sense due to some basic conceptual error (\\\"I painted the house with my number.\\\"). </div>\",\"response\":0,\"stimulus_0\":\"cutting cardboard using\",\"stimulus_1\":\"cooling a room using\",\"condition_0\":\"inconceivable\",\"condition_1\":\"inconceivable\",\"continuation_0\":\"a snore\",\"continuation_1\":\"a taste\",\"id_0\":22,\"id_1\":17,\"context_0\":\"They do not have scissors, so they are\",\"context_1\":\"They do not have a fan, so they are\",\"task_type\":\"critical\",\"concept\":\"inconceivable\",\"trial_type\":\"html-button-response\",\"trial_index\":6,\"time_elapsed\":62198,\"internal_node_id\":\"0.0-1.0-0.4\",\"subject_id\":\"60aa5894c3afdc6292cf383b\",\"study_id\":\"67e2c7f5c9ee767149702482\",\"session_id\":\"67e2d2b48df03e300314f753\",\"rng_seed\":\"0.724897714198464\",\"response_label\":0,\"provided_context\":true},{\"rt\":5992,\"stimulus\":\"<div style=\\\"font-size:20px;\\\"><p>Which scenario is more nonsensical?</p>\\n  Reminder: <strong>Nonsensical</strong> means it does not make sense due to some basic conceptual error (\\\"I painted the house with my number.\\\"). </div>\",\"response\":1,\"stimulus_0\":\"crafting a bowl out of\",\"stimulus_1\":\"hanging a painting using\",\"condition_0\":\"impossible\",\"condition_1\":\"inconceivable\",\"continuation_0\":\"smoke\",\"continuation_1\":\"a handshake\",\"id_0\":19,\"id_1\":36,\"context_0\":\"They do not have clay, so they are\",\"context_1\":\"They do not have screws, so they are\",\"task_type\":\"critical\",\"concept\":\"inconceivable\",\"trial_type\":\"html-button-response\",\"trial_index\":7,\"time_elapsed\":68191,\"internal_node_id\":\"0.0-1.0-0.5\",\"subject_id\":\"60aa5894c3afdc6292cf383b\",\"study_id\":\"67e2c7f5c9ee767149702482\",\"session_id\":\"67e2d2b48df03e300314f753\",\"rng_seed\":\"0.724897714198464\",\"response_label\":1,\"provided_context\":true},{\"rt\":4071,\"stimulus\":\"<div style=\\\"font-size:20px;\\\"><p>Which scenario is more nonsensical?</p>\\n  Reminder: <strong>Nonsensical</strong> means it does not make sense due to some basic conceptual error (\\\"I painted the house with my number.\\\"). </div>\",\"response\":0,\"stimulus_0\":\"cleaning a spill using\",\"stimulus_1\":\"sewing a shirt using\",\"condition_0\":\"inconceivable\",\"condition_1\":\"improbable\",\"continuation_0\":\"a country\",\"continuation_1\":\"a toothpick\",\"id_0\":11,\"id_1\":52,\"context_0\":\"They do not have a sponge, so they are\",\"context_1\":\"They do not have a needle, so they are\",\"task_type\":\"critical\",\"concept\":\"inconceivable\",\"trial_type\":\"html-button-response\",\"trial_index\":8,\"time_elapsed\":72263,\"internal_node_id\":\"0.0-1.0-0.6\",\"subject_id\":\"60aa5894c3afdc6292cf383b\",\"study_id\":\"67e2c7f5c9ee767149702482\",\"session_id\":\"67e2d2b48df03e300314f753\",\"rng_seed\":\"0.724897714198464\",\"response_label\":0,\"provided_context\":true},{\"rt\":4043,\"stimulus\":\"<div style=\\\"font-size:20px;\\\"><p>Which scenario is more nonsensical?</p>\\n  Reminder: <strong>Nonsensical</strong> means it does not make sense due to some basic conceptual error (\\\"I painted the house with my number.\\\"). </div>\",\"response\":1,\"stimulus_0\":\"crushing a soda can using\",\"stimulus_1\":\"cooking dinner out of\",\"condition_0\":\"improbable\",\"condition_1\":\"impossible\",\"continuation_0\":\"a chair\",\"continuation_1\":\"the moon\",\"id_0\":20,\"id_1\":16,\"context_0\":\"They do not have a shoe, so they are\",\"context_1\":\"They do not have pasta, so they are\",\"task_type\":\"critical\",\"concept\":\"inconceivable\",\"trial_type\":\"html-button-response\",\"trial_index\":9,\"time_elapsed\":76308,\"internal_node_id\":\"0.0-1.0-0.7\",\"subject_id\":\"60aa5894c3afdc6292cf383b\",\"study_id\":\"67e2c7f5c9ee767149702482\",\"session_id\":\"67e2d2b48df03e300314f753\",\"rng_seed\":\"0.724897714198464\",\"response_label\":1,\"provided_context\":true},{\"rt\":2225,\"stimulus\":\"<div style=\\\"font-size:20px;\\\"><p>Follow the instructions below.</p></div>\",\"response\":1,\"stimulus_0\":\"crushing a soda can using\",\"stimulus_1\":\"cooking dinner out of\",\"condition_0\":\"improbable\",\"condition_1\":\"impossible\",\"continuation_0\":\"a chair\",\"continuation_1\":\"the moon\",\"id_0\":20,\"id_1\":16,\"context_0\":\"They do not have a shoe, so they are\",\"context_1\":\"They do not have pasta, so they are\",\"task_type\":\"attention_check\",\"choices\":[\"Don't Click This Button!\",\"Click This Button!\"],\"trial_type\":\"html-button-response\",\"trial_index\":10,\"time_elapsed\":78534,\"internal_node_id\":\"0.0-1.0-1.7-0.7\",\"subject_id\":\"60aa5894c3afdc6292cf383b\",\"study_id\":\"67e2c7f5c9ee767149702482\",\"session_id\":\"67e2d2b48df03e300314f753\",\"rng_seed\":\"0.724897714198464\"},{\"rt\":6954,\"stimulus\":\"<div style=\\\"font-size:20px;\\\"><p>Which scenario is more nonsensical?</p>\\n  Reminder: <strong>Nonsensical</strong> means it does not make sense due to some basic conceptual error (\\\"I painted the house with my number.\\\"). </div>\",\"response\":0,\"stimulus_0\":\"cooking dinner out of\",\"stimulus_1\":\"taking a vacation to\",\"condition_0\":\"impossible\",\"condition_1\":\"impossible\",\"continuation_0\":\"the moon\",\"continuation_1\":\"the sun\",\"id_0\":16,\"id_1\":61,\"context_0\":\"They do not have pasta, so they are\",\"context_1\":\"They are not near the beach, so they are\",\"task_type\":\"critical\",\"concept\":\"inconceivable\",\"trial_type\":\"html-button-response\",\"trial_index\":11,\"time_elapsed\":85490,\"internal_node_id\":\"0.0-1.0-0.8\",\"subject_id\":\"60aa5894c3afdc6292cf383b\",\"study_id\":\"67e2c7f5c9ee767149702482\",\"session_id\":\"67e2d2b48df03e300314f753\",\"rng_seed\":\"0.724897714198464\",\"response_label\":0,\"provided_context\":true},{\"rt\":3819,\"stimulus\":\"<div style=\\\"font-size:20px;\\\"><p>Which scenario is more nonsensical?</p>\\n  Reminder: <strong>Nonsensical</strong> means it does not make sense due to some basic conceptual error (\\\"I painted the house with my number.\\\"). </div>\",\"response\":0,\"stimulus_0\":\"taking a vacation to\",\"stimulus_1\":\"filling a bucket with\",\"condition_0\":\"impossible\",\"condition_1\":\"impossible\",\"continuation_0\":\"the sun\",\"continuation_1\":\"buildings\",\"id_0\":61,\"id_1\":33,\"context_0\":\"They are not near the beach, so they are\",\"context_1\":\"They are not near sand, so they are\",\"task_type\":\"critical\",\"concept\":\"inconceivable\",\"trial_type\":\"html-button-response\",\"trial_index\":12,\"time_elapsed\":89310,\"internal_node_id\":\"0.0-1.0-0.9\",\"subject_id\":\"60aa5894c3afdc6292cf383b\",\"study_id\":\"67e2c7f5c9ee767149702482\",\"session_id\":\"67e2d2b48df03e300314f753\",\"rng_seed\":\"0.724897714198464\",\"response_label\":0,\"provided_context\":true},{\"rt\":3681,\"stimulus\":\"<div style=\\\"font-size:20px;\\\"><p>Which scenario is more nonsensical?</p>\\n  Reminder: <strong>Nonsensical</strong> means it does not make sense due to some basic conceptual error (\\\"I painted the house with my number.\\\"). </div>\",\"response\":0,\"stimulus_0\":\"baking a cake inside\",\"stimulus_1\":\"squishing a blueberry using\",\"condition_0\":\"inconceivable\",\"condition_1\":\"improbable\",\"continuation_0\":\"a sigh\",\"continuation_1\":\"[POSS] nose\",\"id_0\":0,\"id_1\":58,\"context_0\":\"They do not have an oven, so they are\",\"context_1\":\"They do not have fingers, so they are\",\"task_type\":\"critical\",\"concept\":\"inconceivable\",\"trial_type\":\"html-button-response\",\"trial_index\":13,\"time_elapsed\":92993,\"internal_node_id\":\"0.0-1.0-0.10\",\"subject_id\":\"60aa5894c3afdc6292cf383b\",\"study_id\":\"67e2c7f5c9ee767149702482\",\"session_id\":\"67e2d2b48df03e300314f753\",\"rng_seed\":\"0.724897714198464\",\"response_label\":0,\"provided_context\":true},{\"rt\":6199,\"stimulus\":\"<div style=\\\"font-size:20px;\\\"><p>Which scenario is more nonsensical?</p>\\n  Reminder: <strong>Nonsensical</strong> means it does not make sense due to some basic conceptual error (\\\"I painted the house with my number.\\\"). </div>\",\"response\":0,\"stimulus_0\":\"plucking a hair using\",\"stimulus_1\":\"hanging a painting using\",\"condition_0\":\"inconceivable\",\"condition_1\":\"inconceivable\",\"continuation_0\":\"sympathy\",\"continuation_1\":\"a handshake\",\"id_0\":47,\"id_1\":36,\"context_0\":\"They do not have tweezers, so they are\",\"context_1\":\"They do not have screws, so they are\",\"task_type\":\"critical\",\"concept\":\"inconceivable\",\"trial_type\":\"html-button-response\",\"trial_index\":14,\"time_elapsed\":99194,\"internal_node_id\":\"0.0-1.0-0.11\",\"subject_id\":\"60aa5894c3afdc6292cf383b\",\"study_id\":\"67e2c7f5c9ee767149702482\",\"session_id\":\"67e2d2b48df03e300314f753\",\"rng_seed\":\"0.724897714198464\",\"response_label\":0,\"provided_context\":true},{\"rt\":2597,\"stimulus\":\"<div style=\\\"font-size:20px;\\\"><p>Follow the instructions below.</p></div>\",\"response\":0,\"stimulus_0\":\"plucking a hair using\",\"stimulus_1\":\"hanging a painting using\",\"condition_0\":\"inconceivable\",\"condition_1\":\"inconceivable\",\"continuation_0\":\"sympathy\",\"continuation_1\":\"a handshake\",\"id_0\":47,\"id_1\":36,\"context_0\":\"They do not have tweezers, so they are\",\"context_1\":\"They do not have screws, so they are\",\"task_type\":\"attention_check\",\"choices\":[\"Click This Button!\",\"Don't Click This Button!\"],\"trial_type\":\"html-button-response\",\"trial_index\":15,\"time_elapsed\":101792,\"internal_node_id\":\"0.0-1.0-1.11-0.11\",\"subject_id\":\"60aa5894c3afdc6292cf383b\",\"study_id\":\"67e2c7f5c9ee767149702482\",\"session_id\":\"67e2d2b48df03e300314f753\",\"rng_seed\":\"0.724897714198464\"},{\"rt\":4139,\"stimulus\":\"<div style=\\\"font-size:20px;\\\"><p>Which scenario is more nonsensical?</p>\\n  Reminder: <strong>Nonsensical</strong> means it does not make sense due to some basic conceptual error (\\\"I painted the house with my number.\\\"). </div>\",\"response\":1,\"stimulus_0\":\"denting a car with\",\"stimulus_1\":\"carving a statue using\",\"condition_0\":\"improbable\",\"condition_1\":\"impossible\",\"continuation_0\":\"a dumbbell\",\"continuation_1\":\"a sock\",\"id_0\":23,\"id_1\":7,\"context_0\":\"They do not have a baseball bat, so they are\",\"context_1\":\"They do not have a chisel, so they are\",\"task_type\":\"critical\",\"concept\":\"inconceivable\",\"trial_type\":\"html-button-response\",\"trial_index\":16,\"time_elapsed\":105932,\"internal_node_id\":\"0.0-1.0-0.12\",\"subject_id\":\"60aa5894c3afdc6292cf383b\",\"study_id\":\"67e2c7f5c9ee767149702482\",\"session_id\":\"67e2d2b48df03e300314f753\",\"rng_seed\":\"0.724897714198464\",\"response_label\":1,\"provided_context\":true},{\"rt\":3805,\"stimulus\":\"<div style=\\\"font-size:20px;\\\"><p>Which scenario is more nonsensical?</p>\\n  Reminder: <strong>Nonsensical</strong> means it does not make sense due to some basic conceptual error (\\\"I painted the house with my number.\\\"). </div>\",\"response\":0,\"stimulus_0\":\"cleaning a spill using\",\"stimulus_1\":\"carving a statue using\",\"condition_0\":\"inconceivable\",\"condition_1\":\"impossible\",\"continuation_0\":\"a country\",\"continuation_1\":\"a sock\",\"id_0\":11,\"id_1\":7,\"context_0\":\"They do not have a sponge, so they are\",\"context_1\":\"They do not have a chisel, so they are\",\"task_type\":\"critical\",\"concept\":\"inconceivable\",\"trial_type\":\"html-button-response\",\"trial_index\":17,\"time_elapsed\":109738,\"internal_node_id\":\"0.0-1.0-0.13\",\"subject_id\":\"60aa5894c3afdc6292cf383b\",\"study_id\":\"67e2c7f5c9ee767149702482\",\"session_id\":\"67e2d2b48df03e300314f753\",\"rng_seed\":\"0.724897714198464\",\"response_label\":0,\"provided_context\":true},{\"rt\":3854,\"stimulus\":\"<div style=\\\"font-size:20px;\\\"><p>Which scenario is more nonsensical?</p>\\n  Reminder: <strong>Nonsensical</strong> means it does not make sense due to some basic conceptual error (\\\"I painted the house with my number.\\\"). </div>\",\"response\":1,\"stimulus_0\":\"filling a bucket with\",\"stimulus_1\":\"crafting a bowl out of\",\"condition_0\":\"impossible\",\"condition_1\":\"impossible\",\"continuation_0\":\"buildings\",\"continuation_1\":\"smoke\",\"id_0\":33,\"id_1\":19,\"context_0\":\"They are not near sand, so they are\",\"context_1\":\"They do not have clay, so they are\",\"task_type\":\"critical\",\"concept\":\"inconceivable\",\"trial_type\":\"html-button-response\",\"trial_index\":18,\"time_elapsed\":113593,\"internal_node_id\":\"0.0-1.0-0.14\",\"subject_id\":\"60aa5894c3afdc6292cf383b\",\"study_id\":\"67e2c7f5c9ee767149702482\",\"session_id\":\"67e2d2b48df03e300314f753\",\"rng_seed\":\"0.724897714198464\",\"response_label\":1,\"provided_context\":true},{\"rt\":4245,\"stimulus\":\"<div style=\\\"font-size:20px;\\\"><p>Which scenario is more nonsensical?</p>\\n  Reminder: <strong>Nonsensical</strong> means it does not make sense due to some basic conceptual error (\\\"I painted the house with my number.\\\"). </div>\",\"response\":0,\"stimulus_0\":\"digging a hole using\",\"stimulus_1\":\"squishing a blueberry using\",\"condition_0\":\"impossible\",\"condition_1\":\"improbable\",\"continuation_0\":\"dirt\",\"continuation_1\":\"[POSS] nose\",\"id_0\":24,\"id_1\":58,\"context_0\":\"They do not have a shovel, so they are\",\"context_1\":\"They do not have fingers, so they are\",\"task_type\":\"critical\",\"concept\":\"inconceivable\",\"trial_type\":\"html-button-response\",\"trial_index\":19,\"time_elapsed\":117839,\"internal_node_id\":\"0.0-1.0-0.15\",\"subject_id\":\"60aa5894c3afdc6292cf383b\",\"study_id\":\"67e2c7f5c9ee767149702482\",\"session_id\":\"67e2d2b48df03e300314f753\",\"rng_seed\":\"0.724897714198464\",\"response_label\":0,\"provided_context\":true},{\"rt\":1766,\"stimulus\":\"<div style=\\\"font-size:20px;\\\"><p>Follow the instructions below.</p></div>\",\"response\":1,\"stimulus_0\":\"digging a hole using\",\"stimulus_1\":\"squishing a blueberry using\",\"condition_0\":\"impossible\",\"condition_1\":\"improbable\",\"continuation_0\":\"dirt\",\"continuation_1\":\"[POSS] nose\",\"id_0\":24,\"id_1\":58,\"context_0\":\"They do not have a shovel, so they are\",\"context_1\":\"They do not have fingers, so they are\",\"task_type\":\"attention_check\",\"choices\":[\"Don't Click This Button!\",\"Click This Button!\"],\"trial_type\":\"html-button-response\",\"trial_index\":20,\"time_elapsed\":119607,\"internal_node_id\":\"0.0-1.0-1.15-0.15\",\"subject_id\":\"60aa5894c3afdc6292cf383b\",\"study_id\":\"67e2c7f5c9ee767149702482\",\"session_id\":\"67e2d2b48df03e300314f753\",\"rng_seed\":\"0.724897714198464\"},{\"rt\":4535,\"stimulus\":\"<div style=\\\"font-size:20px;\\\"><p>Which scenario is more nonsensical?</p>\\n  Reminder: <strong>Nonsensical</strong> means it does not make sense due to some basic conceptual error (\\\"I painted the house with my number.\\\"). </div>\",\"response\":1,\"stimulus_0\":\"drying laundry using\",\"stimulus_1\":\"cutting cardboard using\",\"condition_0\":\"improbable\",\"condition_1\":\"inconceivable\",\"continuation_0\":\"a fan\",\"continuation_1\":\"a snore\",\"id_0\":30,\"id_1\":22,\"context_0\":\"They do not have a clothesline, so they are\",\"context_1\":\"They do not have scissors, so they are\",\"task_type\":\"critical\",\"concept\":\"inconceivable\",\"trial_type\":\"html-button-response\",\"trial_index\":21,\"time_elapsed\":124143,\"internal_node_id\":\"0.0-1.0-0.16\",\"subject_id\":\"60aa5894c3afdc6292cf383b\",\"study_id\":\"67e2c7f5c9ee767149702482\",\"session_id\":\"67e2d2b48df03e300314f753\",\"rng_seed\":\"0.724897714198464\",\"response_label\":1,\"provided_context\":true},{\"rt\":2599,\"stimulus\":\"<div style=\\\"font-size:20px;\\\"><p>Which scenario is more nonsensical?</p>\\n  Reminder: <strong>Nonsensical</strong> means it does not make sense due to some basic conceptual error (\\\"I painted the house with my number.\\\"). </div>\",\"response\":0,\"stimulus_0\":\"digging a hole using\",\"stimulus_1\":\"squishing a blueberry using\",\"condition_0\":\"impossible\",\"condition_1\":\"improbable\",\"continuation_0\":\"dirt\",\"continuation_1\":\"[POSS] nose\",\"id_0\":24,\"id_1\":58,\"context_0\":\"They do not have a shovel, so they are\",\"context_1\":\"They do not have fingers, so they are\",\"task_type\":\"critical\",\"concept\":\"inconceivable\",\"trial_type\":\"html-button-response\",\"trial_index\":22,\"time_elapsed\":126743,\"internal_node_id\":\"0.0-1.0-0.17\",\"subject_id\":\"60aa5894c3afdc6292cf383b\",\"study_id\":\"67e2c7f5c9ee767149702482\",\"session_id\":\"67e2d2b48df03e300314f753\",\"rng_seed\":\"0.724897714198464\",\"response_label\":0,\"provided_context\":true},{\"rt\":3456,\"stimulus\":\"<div style=\\\"font-size:20px;\\\"><p>Which scenario is more nonsensical?</p>\\n  Reminder: <strong>Nonsensical</strong> means it does not make sense due to some basic conceptual error (\\\"I painted the house with my number.\\\"). </div>\",\"response\":0,\"stimulus_0\":\"unlocking a door using\",\"stimulus_1\":\"crushing a soda can using\",\"condition_0\":\"impossible\",\"condition_1\":\"improbable\",\"continuation_0\":\"a marshmallow\",\"continuation_1\":\"a chair\",\"id_0\":64,\"id_1\":20,\"context_0\":\"They do not have a key, so they are\",\"context_1\":\"They do not have a shoe, so they are\",\"task_type\":\"critical\",\"concept\":\"inconceivable\",\"trial_type\":\"html-button-response\",\"trial_index\":23,\"time_elapsed\":130200,\"internal_node_id\":\"0.0-1.0-0.18\",\"subject_id\":\"60aa5894c3afdc6292cf383b\",\"study_id\":\"67e2c7f5c9ee767149702482\",\"session_id\":\"67e2d2b48df03e300314f753\",\"rng_seed\":\"0.724897714198464\",\"response_label\":0,\"provided_context\":true},{\"rt\":8470,\"stimulus\":\"<div style=\\\"font-size:20px;\\\"><p>Which scenario is more nonsensical?</p>\\n  Reminder: <strong>Nonsensical</strong> means it does not make sense due to some basic conceptual error (\\\"I painted the house with my number.\\\"). </div>\",\"response\":0,\"stimulus_0\":\"unlocking a door using\",\"stimulus_1\":\"carrying groceries inside\",\"condition_0\":\"impossible\",\"condition_1\":\"improbable\",\"continuation_0\":\"a marshmallow\",\"continuation_1\":\"a backpack\",\"id_0\":64,\"id_1\":6,\"context_0\":\"They do not have a key, so they are\",\"context_1\":\"They do not have a tote bag, so they are\",\"task_type\":\"critical\",\"concept\":\"inconceivable\",\"trial_type\":\"html-button-response\",\"trial_index\":24,\"time_elapsed\":138672,\"internal_node_id\":\"0.0-1.0-0.19\",\"subject_id\":\"60aa5894c3afdc6292cf383b\",\"study_id\":\"67e2c7f5c9ee767149702482\",\"session_id\":\"67e2d2b48df03e300314f753\",\"rng_seed\":\"0.724897714198464\",\"response_label\":0,\"provided_context\":true},{\"rt\":1926,\"stimulus\":\"<div style=\\\"font-size:20px;\\\"><p>Follow the instructions below.</p></div>\",\"response\":0,\"stimulus_0\":\"unlocking a door using\",\"stimulus_1\":\"carrying groceries inside\",\"condition_0\":\"impossible\",\"condition_1\":\"improbable\",\"continuation_0\":\"a marshmallow\",\"continuation_1\":\"a backpack\",\"id_0\":64,\"id_1\":6,\"context_0\":\"They do not have a key, so they are\",\"context_1\":\"They do not have a tote bag, so they are\",\"task_type\":\"attention_check\",\"choices\":[\"Click This Button!\",\"Don't Click This Button!\"],\"trial_type\":\"html-button-response\",\"trial_index\":25,\"time_elapsed\":140598,\"internal_node_id\":\"0.0-1.0-1.19-0.19\",\"subject_id\":\"60aa5894c3afdc6292cf383b\",\"study_id\":\"67e2c7f5c9ee767149702482\",\"session_id\":\"67e2d2b48df03e300314f753\",\"rng_seed\":\"0.724897714198464\"},{\"rt\":13820,\"response\":{\"language\":\"english\",\"gender\":\"female\",\"feedback\":\"\"},\"trial_type\":\"survey-text\",\"trial_index\":26,\"time_elapsed\":154430,\"internal_node_id\":\"0.0-2.0\",\"subject_id\":\"60aa5894c3afdc6292cf383b\",\"study_id\":\"67e2c7f5c9ee767149702482\",\"session_id\":\"67e2d2b48df03e300314f753\",\"rng_seed\":\"0.724897714198464\",\"task_type\":\"survey\"},{\"success\":true,\"completion_time\":\"2025-03-25T16:02:05.429Z\",\"exp_type\":\"gesture-beat-expt-pilot\"}]",
    "dir_path": "data/experiment_2_pilot"
}