{
    "prolific_data": {
        "subject_id": "5e72088be17e9012bbd9bef1",
        "study_id": "67e2c7f5c9ee767149702482",
        "session_id": "67e2d2402d96c9165d1d6a3e",
        "rng_seed": "0.3388418873023775"
    },
    "data": "[{\"rt\":6898,\"stimulus\":\"\\n  <div class=\\\"jspsych-content\\\" align=left style=\\\"width:100%;text-align: left;\\\">\\n  <h2>Hello, and welcome to our study!</h2>\\n      In this study, we will ask you to 25 questions.\\n      <p>\\n      In 20 of the questions, we will need your help deciding which statement is more <strong>improbable</strong>.\\n      </p>\\n      <strong>Improbable</strong> means it is possible, but unlikely (e.g., \\\"I painted the house with my hair.\\\").\\n      <p>\\n      The remaining questions will check to make sure that you are paying attention to the study.\\n      <p>\\n    <h3>IMPORTANT:</h3>\\n    <ul>\\n      <li>Respond as quickly as you can.</li>\\n      <li>Answer the questions based on what is possible given the physical laws of the real world.</li>\\n      <li>There are no right or wrong answers. We are simply interested in your intuitions.</li>\\n      </ul>\\n    Once you are done reading this page, please press SPACEBAR to continue.\\n    </p>\\n  </div>\\n  \",\"response\":\" \",\"trial_type\":\"html-keyboard-response\",\"trial_index\":0,\"time_elapsed\":6900,\"internal_node_id\":\"0.0-0.0\",\"subject_id\":\"5e72088be17e9012bbd9bef1\",\"study_id\":\"67e2c7f5c9ee767149702482\",\"session_id\":\"67e2d2402d96c9165d1d6a3e\",\"rng_seed\":\"0.3388418873023775\"},{\"rt\":9236,\"stimulus\":\"<div style=\\\"font-size:20px;\\\"><p>Which scenario is more improbable?</p>\\n  Reminder: <strong>Improbable</strong> means it is possible, but unlikely (e.g., \\\"I painted the house with my hair.\\\").</div>\",\"response\":1,\"stimulus_0\":\"shattering a window using\",\"stimulus_1\":\"painting a wall using\",\"condition_0\":\"impossible\",\"condition_1\":\"inconceivable\",\"continuation_0\":\"confetti\",\"continuation_1\":\"a whisper\",\"id_0\":53,\"id_1\":45,\"context_0\":\"They do not have a stone, so they are\",\"context_1\":\"They do not have a brush, so they are\",\"task_type\":\"critical\",\"concept\":\"improbable\",\"trial_type\":\"html-button-response\",\"trial_index\":1,\"time_elapsed\":16137,\"internal_node_id\":\"0.0-1.0-0.0\",\"subject_id\":\"5e72088be17e9012bbd9bef1\",\"study_id\":\"67e2c7f5c9ee767149702482\",\"session_id\":\"67e2d2402d96c9165d1d6a3e\",\"rng_seed\":\"0.3388418873023775\",\"response_label\":1,\"provided_context\":true},{\"rt\":4964,\"stimulus\":\"<div style=\\\"font-size:20px;\\\"><p>Which scenario is more improbable?</p>\\n  Reminder: <strong>Improbable</strong> means it is possible, but unlikely (e.g., \\\"I painted the house with my hair.\\\").</div>\",\"response\":1,\"stimulus_0\":\"writing an equation on\",\"stimulus_1\":\"shattering a window using\",\"condition_0\":\"inconceivable\",\"condition_1\":\"impossible\",\"continuation_0\":\"a scream\",\"continuation_1\":\"confetti\",\"id_0\":69,\"id_1\":53,\"context_0\":\"They do not have a chalkboard, so they are\",\"context_1\":\"They do not have a stone, so they are\",\"task_type\":\"critical\",\"concept\":\"improbable\",\"trial_type\":\"html-button-response\",\"trial_index\":2,\"time_elapsed\":21102,\"internal_node_id\":\"0.0-1.0-0.1\",\"subject_id\":\"5e72088be17e9012bbd9bef1\",\"study_id\":\"67e2c7f5c9ee767149702482\",\"session_id\":\"67e2d2402d96c9165d1d6a3e\",\"rng_seed\":\"0.3388418873023775\",\"response_label\":1,\"provided_context\":true},{\"rt\":7069,\"stimulus\":\"<div style=\\\"font-size:20px;\\\"><p>Which scenario is more improbable?</p>\\n  Reminder: <strong>Improbable</strong> means it is possible, but unlikely (e.g., \\\"I painted the house with my hair.\\\").</div>\",\"response\":1,\"stimulus_0\":\"squishing a blueberry using\",\"stimulus_1\":\"catching a fish in\",\"condition_0\":\"improbable\",\"condition_1\":\"improbable\",\"continuation_0\":\"[POSS] nose\",\"continuation_1\":\"a puddle\",\"id_0\":58,\"id_1\":8,\"context_0\":\"They do not have fingers, so they are\",\"context_1\":\"They are not near a lake, so they are\",\"task_type\":\"critical\",\"concept\":\"improbable\",\"trial_type\":\"html-button-response\",\"trial_index\":3,\"time_elapsed\":28171,\"internal_node_id\":\"0.0-1.0-0.2\",\"subject_id\":\"5e72088be17e9012bbd9bef1\",\"study_id\":\"67e2c7f5c9ee767149702482\",\"session_id\":\"67e2d2402d96c9165d1d6a3e\",\"rng_seed\":\"0.3388418873023775\",\"response_label\":1,\"provided_context\":true},{\"rt\":3528,\"stimulus\":\"<div style=\\\"font-size:20px;\\\"><p>Which scenario is more improbable?</p>\\n  Reminder: <strong>Improbable</strong> means it is possible, but unlikely (e.g., \\\"I painted the house with my hair.\\\").</div>\",\"response\":0,\"stimulus_0\":\"polishing jewelry using\",\"stimulus_1\":\"catching a fish in\",\"condition_0\":\"impossible\",\"condition_1\":\"improbable\",\"continuation_0\":\"a chainsaw\",\"continuation_1\":\"a puddle\",\"id_0\":48,\"id_1\":8,\"context_0\":\"They do not have a cloth, so they are\",\"context_1\":\"They are not near a lake, so they are\",\"task_type\":\"critical\",\"concept\":\"improbable\",\"trial_type\":\"html-button-response\",\"trial_index\":4,\"time_elapsed\":31700,\"internal_node_id\":\"0.0-1.0-0.3\",\"subject_id\":\"5e72088be17e9012bbd9bef1\",\"study_id\":\"67e2c7f5c9ee767149702482\",\"session_id\":\"67e2d2402d96c9165d1d6a3e\",\"rng_seed\":\"0.3388418873023775\",\"response_label\":0,\"provided_context\":true},{\"rt\":2161,\"stimulus\":\"<div style=\\\"font-size:20px;\\\"><p>Follow the instructions below.</p></div>\",\"response\":0,\"stimulus_0\":\"polishing jewelry using\",\"stimulus_1\":\"catching a fish in\",\"condition_0\":\"impossible\",\"condition_1\":\"improbable\",\"continuation_0\":\"a chainsaw\",\"continuation_1\":\"a puddle\",\"id_0\":48,\"id_1\":8,\"context_0\":\"They do not have a cloth, so they are\",\"context_1\":\"They are not near a lake, so they are\",\"task_type\":\"attention_check\",\"choices\":[\"Click This Button!\",\"Don't Click This Button!\"],\"trial_type\":\"html-button-response\",\"trial_index\":5,\"time_elapsed\":33862,\"internal_node_id\":\"0.0-1.0-1.3-0.3\",\"subject_id\":\"5e72088be17e9012bbd9bef1\",\"study_id\":\"67e2c7f5c9ee767149702482\",\"session_id\":\"67e2d2402d96c9165d1d6a3e\",\"rng_seed\":\"0.3388418873023775\"},{\"rt\":4391,\"stimulus\":\"<div style=\\\"font-size:20px;\\\"><p>Which scenario is more improbable?</p>\\n  Reminder: <strong>Improbable</strong> means it is possible, but unlikely (e.g., \\\"I painted the house with my hair.\\\").</div>\",\"response\":1,\"stimulus_0\":\"building a bridge out of\",\"stimulus_1\":\"hanging a painting using\",\"condition_0\":\"improbable\",\"condition_1\":\"inconceivable\",\"continuation_0\":\"plastic\",\"continuation_1\":\"a handshake\",\"id_0\":4,\"id_1\":36,\"context_0\":\"They do not have any steel, so they are\",\"context_1\":\"They do not have screws, so they are\",\"task_type\":\"critical\",\"concept\":\"improbable\",\"trial_type\":\"html-button-response\",\"trial_index\":6,\"time_elapsed\":38253,\"internal_node_id\":\"0.0-1.0-0.4\",\"subject_id\":\"5e72088be17e9012bbd9bef1\",\"study_id\":\"67e2c7f5c9ee767149702482\",\"session_id\":\"67e2d2402d96c9165d1d6a3e\",\"rng_seed\":\"0.3388418873023775\",\"response_label\":1,\"provided_context\":true},{\"rt\":4293,\"stimulus\":\"<div style=\\\"font-size:20px;\\\"><p>Which scenario is more improbable?</p>\\n  Reminder: <strong>Improbable</strong> means it is possible, but unlikely (e.g., \\\"I painted the house with my hair.\\\").</div>\",\"response\":0,\"stimulus_0\":\"cutting cardboard using\",\"stimulus_1\":\"denting a car with\",\"condition_0\":\"inconceivable\",\"condition_1\":\"improbable\",\"continuation_0\":\"a snore\",\"continuation_1\":\"a dumbbell\",\"id_0\":22,\"id_1\":23,\"context_0\":\"They do not have scissors, so they are\",\"context_1\":\"They do not have a baseball bat, so they are\",\"task_type\":\"critical\",\"concept\":\"improbable\",\"trial_type\":\"html-button-response\",\"trial_index\":7,\"time_elapsed\":42547,\"internal_node_id\":\"0.0-1.0-0.5\",\"subject_id\":\"5e72088be17e9012bbd9bef1\",\"study_id\":\"67e2c7f5c9ee767149702482\",\"session_id\":\"67e2d2402d96c9165d1d6a3e\",\"rng_seed\":\"0.3388418873023775\",\"response_label\":0,\"provided_context\":true},{\"rt\":5207,\"stimulus\":\"<div style=\\\"font-size:20px;\\\"><p>Which scenario is more improbable?</p>\\n  Reminder: <strong>Improbable</strong> means it is possible, but unlikely (e.g., \\\"I painted the house with my hair.\\\").</div>\",\"response\":0,\"stimulus_0\":\"shattering a window using\",\"stimulus_1\":\"crushing a soda can using\",\"condition_0\":\"impossible\",\"condition_1\":\"improbable\",\"continuation_0\":\"confetti\",\"continuation_1\":\"a chair\",\"id_0\":53,\"id_1\":20,\"context_0\":\"They do not have a stone, so they are\",\"context_1\":\"They do not have a shoe, so they are\",\"task_type\":\"critical\",\"concept\":\"improbable\",\"trial_type\":\"html-button-response\",\"trial_index\":8,\"time_elapsed\":47755,\"internal_node_id\":\"0.0-1.0-0.6\",\"subject_id\":\"5e72088be17e9012bbd9bef1\",\"study_id\":\"67e2c7f5c9ee767149702482\",\"session_id\":\"67e2d2402d96c9165d1d6a3e\",\"rng_seed\":\"0.3388418873023775\",\"response_label\":0,\"provided_context\":true},{\"rt\":5796,\"stimulus\":\"<div style=\\\"font-size:20px;\\\"><p>Which scenario is more improbable?</p>\\n  Reminder: <strong>Improbable</strong> means it is possible, but unlikely (e.g., \\\"I painted the house with my hair.\\\").</div>\",\"response\":0,\"stimulus_0\":\"sewing a shirt using\",\"stimulus_1\":\"building a bridge out of\",\"condition_0\":\"improbable\",\"condition_1\":\"improbable\",\"continuation_0\":\"a toothpick\",\"continuation_1\":\"plastic\",\"id_0\":52,\"id_1\":4,\"context_0\":\"They do not have a needle, so they are\",\"context_1\":\"They do not have any steel, so they are\",\"task_type\":\"critical\",\"concept\":\"improbable\",\"trial_type\":\"html-button-response\",\"trial_index\":9,\"time_elapsed\":53551,\"internal_node_id\":\"0.0-1.0-0.7\",\"subject_id\":\"5e72088be17e9012bbd9bef1\",\"study_id\":\"67e2c7f5c9ee767149702482\",\"session_id\":\"67e2d2402d96c9165d1d6a3e\",\"rng_seed\":\"0.3388418873023775\",\"response_label\":0,\"provided_context\":true},{\"rt\":1696,\"stimulus\":\"<div style=\\\"font-size:20px;\\\"><p>Follow the instructions below.</p></div>\",\"response\":1,\"stimulus_0\":\"sewing a shirt using\",\"stimulus_1\":\"building a bridge out of\",\"condition_0\":\"improbable\",\"condition_1\":\"improbable\",\"continuation_0\":\"a toothpick\",\"continuation_1\":\"plastic\",\"id_0\":52,\"id_1\":4,\"context_0\":\"They do not have a needle, so they are\",\"context_1\":\"They do not have any steel, so they are\",\"task_type\":\"attention_check\",\"choices\":[\"Don't Click This Button!\",\"Click This Button!\"],\"trial_type\":\"html-button-response\",\"trial_index\":10,\"time_elapsed\":55248,\"internal_node_id\":\"0.0-1.0-1.7-0.7\",\"subject_id\":\"5e72088be17e9012bbd9bef1\",\"study_id\":\"67e2c7f5c9ee767149702482\",\"session_id\":\"67e2d2402d96c9165d1d6a3e\",\"rng_seed\":\"0.3388418873023775\"},{\"rt\":4365,\"stimulus\":\"<div style=\\\"font-size:20px;\\\"><p>Which scenario is more improbable?</p>\\n  Reminder: <strong>Improbable</strong> means it is possible, but unlikely (e.g., \\\"I painted the house with my hair.\\\").</div>\",\"response\":0,\"stimulus_0\":\"drinking a cup full of\",\"stimulus_1\":\"drying laundry using\",\"condition_0\":\"inconceivable\",\"condition_1\":\"improbable\",\"continuation_0\":\"minutes\",\"continuation_1\":\"a fan\",\"id_0\":28,\"id_1\":30,\"context_0\":\"They do not have water, so they are\",\"context_1\":\"They do not have a clothesline, so they are\",\"task_type\":\"critical\",\"concept\":\"improbable\",\"trial_type\":\"html-button-response\",\"trial_index\":11,\"time_elapsed\":59613,\"internal_node_id\":\"0.0-1.0-0.8\",\"subject_id\":\"5e72088be17e9012bbd9bef1\",\"study_id\":\"67e2c7f5c9ee767149702482\",\"session_id\":\"67e2d2402d96c9165d1d6a3e\",\"rng_seed\":\"0.3388418873023775\",\"response_label\":0,\"provided_context\":true},{\"rt\":5490,\"stimulus\":\"<div style=\\\"font-size:20px;\\\"><p>Which scenario is more improbable?</p>\\n  Reminder: <strong>Improbable</strong> means it is possible, but unlikely (e.g., \\\"I painted the house with my hair.\\\").</div>\",\"response\":1,\"stimulus_0\":\"baking a cake inside\",\"stimulus_1\":\"cooling a room using\",\"condition_0\":\"inconceivable\",\"condition_1\":\"inconceivable\",\"continuation_0\":\"a sigh\",\"continuation_1\":\"a taste\",\"id_0\":0,\"id_1\":17,\"context_0\":\"They do not have an oven, so they are\",\"context_1\":\"They do not have a fan, so they are\",\"task_type\":\"critical\",\"concept\":\"improbable\",\"trial_type\":\"html-button-response\",\"trial_index\":12,\"time_elapsed\":65104,\"internal_node_id\":\"0.0-1.0-0.9\",\"subject_id\":\"5e72088be17e9012bbd9bef1\",\"study_id\":\"67e2c7f5c9ee767149702482\",\"session_id\":\"67e2d2402d96c9165d1d6a3e\",\"rng_seed\":\"0.3388418873023775\",\"response_label\":1,\"provided_context\":true},{\"rt\":3521,\"stimulus\":\"<div style=\\\"font-size:20px;\\\"><p>Which scenario is more improbable?</p>\\n  Reminder: <strong>Improbable</strong> means it is possible, but unlikely (e.g., \\\"I painted the house with my hair.\\\").</div>\",\"response\":0,\"stimulus_0\":\"writing an equation on\",\"stimulus_1\":\"packing a suit inside\",\"condition_0\":\"inconceivable\",\"condition_1\":\"improbable\",\"continuation_0\":\"a scream\",\"continuation_1\":\"a pocket\",\"id_0\":69,\"id_1\":44,\"context_0\":\"They do not have a chalkboard, so they are\",\"context_1\":\"They do not have a suitcase, so they are\",\"task_type\":\"critical\",\"concept\":\"improbable\",\"trial_type\":\"html-button-response\",\"trial_index\":13,\"time_elapsed\":68625,\"internal_node_id\":\"0.0-1.0-0.10\",\"subject_id\":\"5e72088be17e9012bbd9bef1\",\"study_id\":\"67e2c7f5c9ee767149702482\",\"session_id\":\"67e2d2402d96c9165d1d6a3e\",\"rng_seed\":\"0.3388418873023775\",\"response_label\":0,\"provided_context\":true},{\"rt\":4959,\"stimulus\":\"<div style=\\\"font-size:20px;\\\"><p>Which scenario is more improbable?</p>\\n  Reminder: <strong>Improbable</strong> means it is possible, but unlikely (e.g., \\\"I painted the house with my hair.\\\").</div>\",\"response\":0,\"stimulus_0\":\"drinking a cup full of\",\"stimulus_1\":\"unlocking a door using\",\"condition_0\":\"inconceivable\",\"condition_1\":\"impossible\",\"continuation_0\":\"minutes\",\"continuation_1\":\"a marshmallow\",\"id_0\":28,\"id_1\":64,\"context_0\":\"They do not have water, so they are\",\"context_1\":\"They do not have a key, so they are\",\"task_type\":\"critical\",\"concept\":\"improbable\",\"trial_type\":\"html-button-response\",\"trial_index\":14,\"time_elapsed\":73584,\"internal_node_id\":\"0.0-1.0-0.11\",\"subject_id\":\"5e72088be17e9012bbd9bef1\",\"study_id\":\"67e2c7f5c9ee767149702482\",\"session_id\":\"67e2d2402d96c9165d1d6a3e\",\"rng_seed\":\"0.3388418873023775\",\"response_label\":0,\"provided_context\":true},{\"rt\":1368,\"stimulus\":\"<div style=\\\"font-size:20px;\\\"><p>Follow the instructions below.</p></div>\",\"response\":0,\"stimulus_0\":\"drinking a cup full of\",\"stimulus_1\":\"unlocking a door using\",\"condition_0\":\"inconceivable\",\"condition_1\":\"impossible\",\"continuation_0\":\"minutes\",\"continuation_1\":\"a marshmallow\",\"id_0\":28,\"id_1\":64,\"context_0\":\"They do not have water, so they are\",\"context_1\":\"They do not have a key, so they are\",\"task_type\":\"attention_check\",\"choices\":[\"Click This Button!\",\"Don't Click This Button!\"],\"trial_type\":\"html-button-response\",\"trial_index\":15,\"time_elapsed\":74952,\"internal_node_id\":\"0.0-1.0-1.11-0.11\",\"subject_id\":\"5e72088be17e9012bbd9bef1\",\"study_id\":\"67e2c7f5c9ee767149702482\",\"session_id\":\"67e2d2402d96c9165d1d6a3e\",\"rng_seed\":\"0.3388418873023775\"},{\"rt\":4857,\"stimulus\":\"<div style=\\\"font-size:20px;\\\"><p>Which scenario is more improbable?</p>\\n  Reminder: <strong>Improbable</strong> means it is possible, but unlikely (e.g., \\\"I painted the house with my hair.\\\").</div>\",\"response\":1,\"stimulus_0\":\"carrying groceries inside\",\"stimulus_1\":\"lighting a candle using\",\"condition_0\":\"improbable\",\"condition_1\":\"impossible\",\"continuation_0\":\"a backpack\",\"continuation_1\":\"yogurt\",\"id_0\":6,\"id_1\":39,\"context_0\":\"They do not have a tote bag, so they are\",\"context_1\":\"They do not have a match, so they are\",\"task_type\":\"critical\",\"concept\":\"improbable\",\"trial_type\":\"html-button-response\",\"trial_index\":16,\"time_elapsed\":79810,\"internal_node_id\":\"0.0-1.0-0.12\",\"subject_id\":\"5e72088be17e9012bbd9bef1\",\"study_id\":\"67e2c7f5c9ee767149702482\",\"session_id\":\"67e2d2402d96c9165d1d6a3e\",\"rng_seed\":\"0.3388418873023775\",\"response_label\":1,\"provided_context\":true},{\"rt\":3435,\"stimulus\":\"<div style=\\\"font-size:20px;\\\"><p>Which scenario is more improbable?</p>\\n  Reminder: <strong>Improbable</strong> means it is possible, but unlikely (e.g., \\\"I painted the house with my hair.\\\").</div>\",\"response\":0,\"stimulus_0\":\"crafting a bowl out of\",\"stimulus_1\":\"carrying groceries inside\",\"condition_0\":\"impossible\",\"condition_1\":\"improbable\",\"continuation_0\":\"smoke\",\"continuation_1\":\"a backpack\",\"id_0\":19,\"id_1\":6,\"context_0\":\"They do not have clay, so they are\",\"context_1\":\"They do not have a tote bag, so they are\",\"task_type\":\"critical\",\"concept\":\"improbable\",\"trial_type\":\"html-button-response\",\"trial_index\":17,\"time_elapsed\":83245,\"internal_node_id\":\"0.0-1.0-0.13\",\"subject_id\":\"5e72088be17e9012bbd9bef1\",\"study_id\":\"67e2c7f5c9ee767149702482\",\"session_id\":\"67e2d2402d96c9165d1d6a3e\",\"rng_seed\":\"0.3388418873023775\",\"response_label\":0,\"provided_context\":true},{\"rt\":5532,\"stimulus\":\"<div style=\\\"font-size:20px;\\\"><p>Which scenario is more improbable?</p>\\n  Reminder: <strong>Improbable</strong> means it is possible, but unlikely (e.g., \\\"I painted the house with my hair.\\\").</div>\",\"response\":1,\"stimulus_0\":\"carving a statue using\",\"stimulus_1\":\"shaving [POSS] beard using\",\"condition_0\":\"impossible\",\"condition_1\":\"inconceivable\",\"continuation_0\":\"a sock\",\"continuation_1\":\"a belief\",\"id_0\":7,\"id_1\":54,\"context_0\":\"They do not have a chisel, so they are\",\"context_1\":\"They do not have a razor, so they are\",\"task_type\":\"critical\",\"concept\":\"improbable\",\"trial_type\":\"html-button-response\",\"trial_index\":18,\"time_elapsed\":88777,\"internal_node_id\":\"0.0-1.0-0.14\",\"subject_id\":\"5e72088be17e9012bbd9bef1\",\"study_id\":\"67e2c7f5c9ee767149702482\",\"session_id\":\"67e2d2402d96c9165d1d6a3e\",\"rng_seed\":\"0.3388418873023775\",\"response_label\":1,\"provided_context\":true},{\"rt\":3395,\"stimulus\":\"<div style=\\\"font-size:20px;\\\"><p>Which scenario is more improbable?</p>\\n  Reminder: <strong>Improbable</strong> means it is possible, but unlikely (e.g., \\\"I painted the house with my hair.\\\").</div>\",\"response\":0,\"stimulus_0\":\"crafting a bowl out of\",\"stimulus_1\":\"unlocking a door using\",\"condition_0\":\"impossible\",\"condition_1\":\"impossible\",\"continuation_0\":\"smoke\",\"continuation_1\":\"a marshmallow\",\"id_0\":19,\"id_1\":64,\"context_0\":\"They do not have clay, so they are\",\"context_1\":\"They do not have a key, so they are\",\"task_type\":\"critical\",\"concept\":\"improbable\",\"trial_type\":\"html-button-response\",\"trial_index\":19,\"time_elapsed\":92173,\"internal_node_id\":\"0.0-1.0-0.15\",\"subject_id\":\"5e72088be17e9012bbd9bef1\",\"study_id\":\"67e2c7f5c9ee767149702482\",\"session_id\":\"67e2d2402d96c9165d1d6a3e\",\"rng_seed\":\"0.3388418873023775\",\"response_label\":0,\"provided_context\":true},{\"rt\":1510,\"stimulus\":\"<div style=\\\"font-size:20px;\\\"><p>Follow the instructions below.</p></div>\",\"response\":1,\"stimulus_0\":\"crafting a bowl out of\",\"stimulus_1\":\"unlocking a door using\",\"condition_0\":\"impossible\",\"condition_1\":\"impossible\",\"continuation_0\":\"smoke\",\"continuation_1\":\"a marshmallow\",\"id_0\":19,\"id_1\":64,\"context_0\":\"They do not have clay, so they are\",\"context_1\":\"They do not have a key, so they are\",\"task_type\":\"attention_check\",\"choices\":[\"Don't Click This Button!\",\"Click This Button!\"],\"trial_type\":\"html-button-response\",\"trial_index\":20,\"time_elapsed\":93683,\"internal_node_id\":\"0.0-1.0-1.15-0.15\",\"subject_id\":\"5e72088be17e9012bbd9bef1\",\"study_id\":\"67e2c7f5c9ee767149702482\",\"session_id\":\"67e2d2402d96c9165d1d6a3e\",\"rng_seed\":\"0.3388418873023775\"},{\"rt\":4777,\"stimulus\":\"<div style=\\\"font-size:20px;\\\"><p>Which scenario is more improbable?</p>\\n  Reminder: <strong>Improbable</strong> means it is possible, but unlikely (e.g., \\\"I painted the house with my hair.\\\").</div>\",\"response\":0,\"stimulus_0\":\"shaving [POSS] beard using\",\"stimulus_1\":\"shattering a window using\",\"condition_0\":\"inconceivable\",\"condition_1\":\"impossible\",\"continuation_0\":\"a belief\",\"continuation_1\":\"confetti\",\"id_0\":54,\"id_1\":53,\"context_0\":\"They do not have a razor, so they are\",\"context_1\":\"They do not have a stone, so they are\",\"task_type\":\"critical\",\"concept\":\"improbable\",\"trial_type\":\"html-button-response\",\"trial_index\":21,\"time_elapsed\":98460,\"internal_node_id\":\"0.0-1.0-0.16\",\"subject_id\":\"5e72088be17e9012bbd9bef1\",\"study_id\":\"67e2c7f5c9ee767149702482\",\"session_id\":\"67e2d2402d96c9165d1d6a3e\",\"rng_seed\":\"0.3388418873023775\",\"response_label\":0,\"provided_context\":true},{\"rt\":4092,\"stimulus\":\"<div style=\\\"font-size:20px;\\\"><p>Which scenario is more improbable?</p>\\n  Reminder: <strong>Improbable</strong> means it is possible, but unlikely (e.g., \\\"I painted the house with my hair.\\\").</div>\",\"response\":1,\"stimulus_0\":\"denting a car with\",\"stimulus_1\":\"building a bridge out of\",\"condition_0\":\"improbable\",\"condition_1\":\"improbable\",\"continuation_0\":\"a dumbbell\",\"continuation_1\":\"plastic\",\"id_0\":23,\"id_1\":4,\"context_0\":\"They do not have a baseball bat, so they are\",\"context_1\":\"They do not have any steel, so they are\",\"task_type\":\"critical\",\"concept\":\"improbable\",\"trial_type\":\"html-button-response\",\"trial_index\":22,\"time_elapsed\":102553,\"internal_node_id\":\"0.0-1.0-0.17\",\"subject_id\":\"5e72088be17e9012bbd9bef1\",\"study_id\":\"67e2c7f5c9ee767149702482\",\"session_id\":\"67e2d2402d96c9165d1d6a3e\",\"rng_seed\":\"0.3388418873023775\",\"response_label\":1,\"provided_context\":true},{\"rt\":4112,\"stimulus\":\"<div style=\\\"font-size:20px;\\\"><p>Which scenario is more improbable?</p>\\n  Reminder: <strong>Improbable</strong> means it is possible, but unlikely (e.g., \\\"I painted the house with my hair.\\\").</div>\",\"response\":1,\"stimulus_0\":\"filling a bucket with\",\"stimulus_1\":\"cooling a room using\",\"condition_0\":\"impossible\",\"condition_1\":\"inconceivable\",\"continuation_0\":\"buildings\",\"continuation_1\":\"a taste\",\"id_0\":33,\"id_1\":17,\"context_0\":\"They are not near sand, so they are\",\"context_1\":\"They do not have a fan, so they are\",\"task_type\":\"critical\",\"concept\":\"improbable\",\"trial_type\":\"html-button-response\",\"trial_index\":23,\"time_elapsed\":106665,\"internal_node_id\":\"0.0-1.0-0.18\",\"subject_id\":\"5e72088be17e9012bbd9bef1\",\"study_id\":\"67e2c7f5c9ee767149702482\",\"session_id\":\"67e2d2402d96c9165d1d6a3e\",\"rng_seed\":\"0.3388418873023775\",\"response_label\":1,\"provided_context\":true},{\"rt\":2933,\"stimulus\":\"<div style=\\\"font-size:20px;\\\"><p>Which scenario is more improbable?</p>\\n  Reminder: <strong>Improbable</strong> means it is possible, but unlikely (e.g., \\\"I painted the house with my hair.\\\").</div>\",\"response\":1,\"stimulus_0\":\"carrying groceries inside\",\"stimulus_1\":\"cleaning a spill using\",\"condition_0\":\"improbable\",\"condition_1\":\"inconceivable\",\"continuation_0\":\"a backpack\",\"continuation_1\":\"a country\",\"id_0\":6,\"id_1\":11,\"context_0\":\"They do not have a tote bag, so they are\",\"context_1\":\"They do not have a sponge, so they are\",\"task_type\":\"critical\",\"concept\":\"improbable\",\"trial_type\":\"html-button-response\",\"trial_index\":24,\"time_elapsed\":109599,\"internal_node_id\":\"0.0-1.0-0.19\",\"subject_id\":\"5e72088be17e9012bbd9bef1\",\"study_id\":\"67e2c7f5c9ee767149702482\",\"session_id\":\"67e2d2402d96c9165d1d6a3e\",\"rng_seed\":\"0.3388418873023775\",\"response_label\":1,\"provided_context\":true},{\"rt\":1199,\"stimulus\":\"<div style=\\\"font-size:20px;\\\"><p>Follow the instructions below.</p></div>\",\"response\":1,\"stimulus_0\":\"carrying groceries inside\",\"stimulus_1\":\"cleaning a spill using\",\"condition_0\":\"improbable\",\"condition_1\":\"inconceivable\",\"continuation_0\":\"a backpack\",\"continuation_1\":\"a country\",\"id_0\":6,\"id_1\":11,\"context_0\":\"They do not have a tote bag, so they are\",\"context_1\":\"They do not have a sponge, so they are\",\"task_type\":\"attention_check\",\"choices\":[\"Don't Click This Button!\",\"Click This Button!\"],\"trial_type\":\"html-button-response\",\"trial_index\":25,\"time_elapsed\":110798,\"internal_node_id\":\"0.0-1.0-1.19-0.19\",\"subject_id\":\"5e72088be17e9012bbd9bef1\",\"study_id\":\"67e2c7f5c9ee767149702482\",\"session_id\":\"67e2d2402d96c9165d1d6a3e\",\"rng_seed\":\"0.3388418873023775\"},{\"rt\":7557,\"response\":{\"language\":\"English\",\"gender\":\"Male\",\"feedback\":\"\"},\"trial_type\":\"survey-text\",\"trial_index\":26,\"time_elapsed\":118358,\"internal_node_id\":\"0.0-2.0\",\"subject_id\":\"5e72088be17e9012bbd9bef1\",\"study_id\":\"67e2c7f5c9ee767149702482\",\"session_id\":\"67e2d2402d96c9165d1d6a3e\",\"rng_seed\":\"0.3388418873023775\",\"task_type\":\"survey\"},{\"success\":true,\"completion_time\":\"2025-03-25T15:58:51.697Z\",\"exp_type\":\"gesture-beat-expt-pilot\"}]",
    "dir_path": "data/experiment_2_pilot"
}