{
    "prolific_data": {
        "subject_id": "5af9d543672ea800010d8e0f",
        "study_id": "67e2c7f5c9ee767149702482",
        "session_id": "67e2d3a51d9c8e9c702ec92f",
        "rng_seed": "0.7154606772906116"
    },
    "data": "[{\"rt\":38470,\"stimulus\":\"\\n  <div class=\\\"jspsych-content\\\" align=left style=\\\"width:100%;text-align: left;\\\">\\n  <h2>Hello, and welcome to our study!</h2>\\n      In this study, we will ask you to 25 questions.\\n      <p>\\n      In 20 of the questions, we will need your help deciding which statement is more <strong>nonsensical</strong>.\\n      </p>\\n      <strong>Nonsensical</strong> means it does not make sense due to some basic conceptual error (\\\"I painted the house with my number.\\\"). \\n      <p>\\n      The remaining questions will check to make sure that you are paying attention to the study.\\n      <p>\\n    <h3>IMPORTANT:</h3>\\n    <ul>\\n      <li>Respond as quickly as you can.</li>\\n      <li>Answer the questions based on what is possible given the physical laws of the real world.</li>\\n      <li>There are no right or wrong answers. We are simply interested in your intuitions.</li>\\n      </ul>\\n    Once you are done reading this page, please press SPACEBAR to continue.\\n    </p>\\n  </div>\\n  \",\"response\":\" \",\"trial_type\":\"html-keyboard-response\",\"trial_index\":0,\"time_elapsed\":38476,\"internal_node_id\":\"0.0-0.0\",\"subject_id\":\"5af9d543672ea800010d8e0f\",\"study_id\":\"67e2c7f5c9ee767149702482\",\"session_id\":\"67e2d3a51d9c8e9c702ec92f\",\"rng_seed\":\"0.7154606772906116\"},{\"rt\":25089,\"stimulus\":\"<div style=\\\"font-size:20px;\\\"><p>Which scenario is more nonsensical?</p>\\n  Reminder: <strong>Nonsensical</strong> means it does not make sense due to some basic conceptual error (\\\"I painted the house with my number.\\\"). </div>\",\"response\":1,\"stimulus_0\":\"carving a statue using\",\"stimulus_1\":\"cleaning a spill using\",\"condition_0\":\"impossible\",\"condition_1\":\"inconceivable\",\"continuation_0\":\"a sock\",\"continuation_1\":\"a country\",\"id_0\":7,\"id_1\":11,\"context_0\":\"They do not have a chisel, so they are\",\"context_1\":\"They do not have a sponge, so they are\",\"task_type\":\"critical\",\"concept\":\"inconceivable\",\"trial_type\":\"html-button-response\",\"trial_index\":1,\"time_elapsed\":63568,\"internal_node_id\":\"0.0-1.0-0.0\",\"subject_id\":\"5af9d543672ea800010d8e0f\",\"study_id\":\"67e2c7f5c9ee767149702482\",\"session_id\":\"67e2d3a51d9c8e9c702ec92f\",\"rng_seed\":\"0.7154606772906116\",\"response_label\":1,\"provided_context\":true},{\"rt\":17297,\"stimulus\":\"<div style=\\\"font-size:20px;\\\"><p>Which scenario is more nonsensical?</p>\\n  Reminder: <strong>Nonsensical</strong> means it does not make sense due to some basic conceptual error (\\\"I painted the house with my number.\\\"). </div>\",\"response\":0,\"stimulus_0\":\"shattering a window using\",\"stimulus_1\":\"drying laundry using\",\"condition_0\":\"impossible\",\"condition_1\":\"improbable\",\"continuation_0\":\"confetti\",\"continuation_1\":\"a fan\",\"id_0\":53,\"id_1\":30,\"context_0\":\"They do not have a stone, so they are\",\"context_1\":\"They do not have a clothesline, so they are\",\"task_type\":\"critical\",\"concept\":\"inconceivable\",\"trial_type\":\"html-button-response\",\"trial_index\":2,\"time_elapsed\":80866,\"internal_node_id\":\"0.0-1.0-0.1\",\"subject_id\":\"5af9d543672ea800010d8e0f\",\"study_id\":\"67e2c7f5c9ee767149702482\",\"session_id\":\"67e2d3a51d9c8e9c702ec92f\",\"rng_seed\":\"0.7154606772906116\",\"response_label\":0,\"provided_context\":true},{\"rt\":17447,\"stimulus\":\"<div style=\\\"font-size:20px;\\\"><p>Which scenario is more nonsensical?</p>\\n  Reminder: <strong>Nonsensical</strong> means it does not make sense due to some basic conceptual error (\\\"I painted the house with my number.\\\"). </div>\",\"response\":0,\"stimulus_0\":\"drying laundry using\",\"stimulus_1\":\"carrying groceries inside\",\"condition_0\":\"improbable\",\"condition_1\":\"improbable\",\"continuation_0\":\"a fan\",\"continuation_1\":\"a backpack\",\"id_0\":30,\"id_1\":6,\"context_0\":\"They do not have a clothesline, so they are\",\"context_1\":\"They do not have a tote bag, so they are\",\"task_type\":\"critical\",\"concept\":\"inconceivable\",\"trial_type\":\"html-button-response\",\"trial_index\":3,\"time_elapsed\":98314,\"internal_node_id\":\"0.0-1.0-0.2\",\"subject_id\":\"5af9d543672ea800010d8e0f\",\"study_id\":\"67e2c7f5c9ee767149702482\",\"session_id\":\"67e2d3a51d9c8e9c702ec92f\",\"rng_seed\":\"0.7154606772906116\",\"response_label\":0,\"provided_context\":true},{\"rt\":10325,\"stimulus\":\"<div style=\\\"font-size:20px;\\\"><p>Which scenario is more nonsensical?</p>\\n  Reminder: <strong>Nonsensical</strong> means it does not make sense due to some basic conceptual error (\\\"I painted the house with my number.\\\"). </div>\",\"response\":1,\"stimulus_0\":\"building a bridge out of\",\"stimulus_1\":\"baking a cake inside\",\"condition_0\":\"improbable\",\"condition_1\":\"inconceivable\",\"continuation_0\":\"plastic\",\"continuation_1\":\"a sigh\",\"id_0\":4,\"id_1\":0,\"context_0\":\"They do not have any steel, so they are\",\"context_1\":\"They do not have an oven, so they are\",\"task_type\":\"critical\",\"concept\":\"inconceivable\",\"trial_type\":\"html-button-response\",\"trial_index\":4,\"time_elapsed\":108640,\"internal_node_id\":\"0.0-1.0-0.3\",\"subject_id\":\"5af9d543672ea800010d8e0f\",\"study_id\":\"67e2c7f5c9ee767149702482\",\"session_id\":\"67e2d3a51d9c8e9c702ec92f\",\"rng_seed\":\"0.7154606772906116\",\"response_label\":1,\"provided_context\":true},{\"rt\":3011,\"stimulus\":\"<div style=\\\"font-size:20px;\\\"><p>Follow the instructions below.</p></div>\",\"response\":1,\"stimulus_0\":\"building a bridge out of\",\"stimulus_1\":\"baking a cake inside\",\"condition_0\":\"improbable\",\"condition_1\":\"inconceivable\",\"continuation_0\":\"plastic\",\"continuation_1\":\"a sigh\",\"id_0\":4,\"id_1\":0,\"context_0\":\"They do not have any steel, so they are\",\"context_1\":\"They do not have an oven, so they are\",\"task_type\":\"attention_check\",\"choices\":[\"Don't Click This Button!\",\"Click This Button!\"],\"trial_type\":\"html-button-response\",\"trial_index\":5,\"time_elapsed\":111652,\"internal_node_id\":\"0.0-1.0-1.3-0.3\",\"subject_id\":\"5af9d543672ea800010d8e0f\",\"study_id\":\"67e2c7f5c9ee767149702482\",\"session_id\":\"67e2d3a51d9c8e9c702ec92f\",\"rng_seed\":\"0.7154606772906116\"},{\"rt\":10805,\"stimulus\":\"<div style=\\\"font-size:20px;\\\"><p>Which scenario is more nonsensical?</p>\\n  Reminder: <strong>Nonsensical</strong> means it does not make sense due to some basic conceptual error (\\\"I painted the house with my number.\\\"). </div>\",\"response\":1,\"stimulus_0\":\"baking a cake inside\",\"stimulus_1\":\"crafting a bowl out of\",\"condition_0\":\"inconceivable\",\"condition_1\":\"impossible\",\"continuation_0\":\"a sigh\",\"continuation_1\":\"smoke\",\"id_0\":0,\"id_1\":19,\"context_0\":\"They do not have an oven, so they are\",\"context_1\":\"They do not have clay, so they are\",\"task_type\":\"critical\",\"concept\":\"inconceivable\",\"trial_type\":\"html-button-response\",\"trial_index\":6,\"time_elapsed\":122458,\"internal_node_id\":\"0.0-1.0-0.4\",\"subject_id\":\"5af9d543672ea800010d8e0f\",\"study_id\":\"67e2c7f5c9ee767149702482\",\"session_id\":\"67e2d3a51d9c8e9c702ec92f\",\"rng_seed\":\"0.7154606772906116\",\"response_label\":1,\"provided_context\":true},{\"rt\":8640,\"stimulus\":\"<div style=\\\"font-size:20px;\\\"><p>Which scenario is more nonsensical?</p>\\n  Reminder: <strong>Nonsensical</strong> means it does not make sense due to some basic conceptual error (\\\"I painted the house with my number.\\\"). </div>\",\"response\":1,\"stimulus_0\":\"catching a fish in\",\"stimulus_1\":\"filling a bucket with\",\"condition_0\":\"improbable\",\"condition_1\":\"impossible\",\"continuation_0\":\"a puddle\",\"continuation_1\":\"buildings\",\"id_0\":8,\"id_1\":33,\"context_0\":\"They are not near a lake, so they are\",\"context_1\":\"They are not near sand, so they are\",\"task_type\":\"critical\",\"concept\":\"inconceivable\",\"trial_type\":\"html-button-response\",\"trial_index\":7,\"time_elapsed\":131099,\"internal_node_id\":\"0.0-1.0-0.5\",\"subject_id\":\"5af9d543672ea800010d8e0f\",\"study_id\":\"67e2c7f5c9ee767149702482\",\"session_id\":\"67e2d3a51d9c8e9c702ec92f\",\"rng_seed\":\"0.7154606772906116\",\"response_label\":1,\"provided_context\":true},{\"rt\":13209,\"stimulus\":\"<div style=\\\"font-size:20px;\\\"><p>Which scenario is more nonsensical?</p>\\n  Reminder: <strong>Nonsensical</strong> means it does not make sense due to some basic conceptual error (\\\"I painted the house with my number.\\\"). </div>\",\"response\":0,\"stimulus_0\":\"lighting a candle using\",\"stimulus_1\":\"packing a suit inside\",\"condition_0\":\"impossible\",\"condition_1\":\"improbable\",\"continuation_0\":\"yogurt\",\"continuation_1\":\"a pocket\",\"id_0\":39,\"id_1\":44,\"context_0\":\"They do not have a match, so they are\",\"context_1\":\"They do not have a suitcase, so they are\",\"task_type\":\"critical\",\"concept\":\"inconceivable\",\"trial_type\":\"html-button-response\",\"trial_index\":8,\"time_elapsed\":144308,\"internal_node_id\":\"0.0-1.0-0.6\",\"subject_id\":\"5af9d543672ea800010d8e0f\",\"study_id\":\"67e2c7f5c9ee767149702482\",\"session_id\":\"67e2d3a51d9c8e9c702ec92f\",\"rng_seed\":\"0.7154606772906116\",\"response_label\":0,\"provided_context\":true},{\"rt\":21247,\"stimulus\":\"<div style=\\\"font-size:20px;\\\"><p>Which scenario is more nonsensical?</p>\\n  Reminder: <strong>Nonsensical</strong> means it does not make sense due to some basic conceptual error (\\\"I painted the house with my number.\\\"). </div>\",\"response\":1,\"stimulus_0\":\"cooling a room using\",\"stimulus_1\":\"cleaning a spill using\",\"condition_0\":\"inconceivable\",\"condition_1\":\"inconceivable\",\"continuation_0\":\"a taste\",\"continuation_1\":\"a country\",\"id_0\":17,\"id_1\":11,\"context_0\":\"They do not have a fan, so they are\",\"context_1\":\"They do not have a sponge, so they are\",\"task_type\":\"critical\",\"concept\":\"inconceivable\",\"trial_type\":\"html-button-response\",\"trial_index\":9,\"time_elapsed\":165556,\"internal_node_id\":\"0.0-1.0-0.7\",\"subject_id\":\"5af9d543672ea800010d8e0f\",\"study_id\":\"67e2c7f5c9ee767149702482\",\"session_id\":\"67e2d3a51d9c8e9c702ec92f\",\"rng_seed\":\"0.7154606772906116\",\"response_label\":1,\"provided_context\":true},{\"rt\":2371,\"stimulus\":\"<div style=\\\"font-size:20px;\\\"><p>Follow the instructions below.</p></div>\",\"response\":0,\"stimulus_0\":\"cooling a room using\",\"stimulus_1\":\"cleaning a spill using\",\"condition_0\":\"inconceivable\",\"condition_1\":\"inconceivable\",\"continuation_0\":\"a taste\",\"continuation_1\":\"a country\",\"id_0\":17,\"id_1\":11,\"context_0\":\"They do not have a fan, so they are\",\"context_1\":\"They do not have a sponge, so they are\",\"task_type\":\"attention_check\",\"choices\":[\"Click This Button!\",\"Don't Click This Button!\"],\"trial_type\":\"html-button-response\",\"trial_index\":10,\"time_elapsed\":167928,\"internal_node_id\":\"0.0-1.0-1.7-0.7\",\"subject_id\":\"5af9d543672ea800010d8e0f\",\"study_id\":\"67e2c7f5c9ee767149702482\",\"session_id\":\"67e2d3a51d9c8e9c702ec92f\",\"rng_seed\":\"0.7154606772906116\"},{\"rt\":13961,\"stimulus\":\"<div style=\\\"font-size:20px;\\\"><p>Which scenario is more nonsensical?</p>\\n  Reminder: <strong>Nonsensical</strong> means it does not make sense due to some basic conceptual error (\\\"I painted the house with my number.\\\"). </div>\",\"response\":1,\"stimulus_0\":\"eating soup using\",\"stimulus_1\":\"building a bridge out of\",\"condition_0\":\"improbable\",\"condition_1\":\"improbable\",\"continuation_0\":\"a bucket\",\"continuation_1\":\"plastic\",\"id_0\":31,\"id_1\":4,\"context_0\":\"They do not have a spoon, so they are\",\"context_1\":\"They do not have any steel, so they are\",\"task_type\":\"critical\",\"concept\":\"inconceivable\",\"trial_type\":\"html-button-response\",\"trial_index\":11,\"time_elapsed\":181890,\"internal_node_id\":\"0.0-1.0-0.8\",\"subject_id\":\"5af9d543672ea800010d8e0f\",\"study_id\":\"67e2c7f5c9ee767149702482\",\"session_id\":\"67e2d3a51d9c8e9c702ec92f\",\"rng_seed\":\"0.7154606772906116\",\"response_label\":1,\"provided_context\":true},{\"rt\":10466,\"stimulus\":\"<div style=\\\"font-size:20px;\\\"><p>Which scenario is more nonsensical?</p>\\n  Reminder: <strong>Nonsensical</strong> means it does not make sense due to some basic conceptual error (\\\"I painted the house with my number.\\\"). </div>\",\"response\":1,\"stimulus_0\":\"polishing jewelry using\",\"stimulus_1\":\"lighting a candle using\",\"condition_0\":\"impossible\",\"condition_1\":\"impossible\",\"continuation_0\":\"a chainsaw\",\"continuation_1\":\"yogurt\",\"id_0\":48,\"id_1\":39,\"context_0\":\"They do not have a cloth, so they are\",\"context_1\":\"They do not have a match, so they are\",\"task_type\":\"critical\",\"concept\":\"inconceivable\",\"trial_type\":\"html-button-response\",\"trial_index\":12,\"time_elapsed\":192356,\"internal_node_id\":\"0.0-1.0-0.9\",\"subject_id\":\"5af9d543672ea800010d8e0f\",\"study_id\":\"67e2c7f5c9ee767149702482\",\"session_id\":\"67e2d3a51d9c8e9c702ec92f\",\"rng_seed\":\"0.7154606772906116\",\"response_label\":1,\"provided_context\":true},{\"rt\":14425,\"stimulus\":\"<div style=\\\"font-size:20px;\\\"><p>Which scenario is more nonsensical?</p>\\n  Reminder: <strong>Nonsensical</strong> means it does not make sense due to some basic conceptual error (\\\"I painted the house with my number.\\\"). </div>\",\"response\":0,\"stimulus_0\":\"cutting cardboard using\",\"stimulus_1\":\"writing an equation on\",\"condition_0\":\"inconceivable\",\"condition_1\":\"inconceivable\",\"continuation_0\":\"a snore\",\"continuation_1\":\"a scream\",\"id_0\":22,\"id_1\":69,\"context_0\":\"They do not have scissors, so they are\",\"context_1\":\"They do not have a chalkboard, so they are\",\"task_type\":\"critical\",\"concept\":\"inconceivable\",\"trial_type\":\"html-button-response\",\"trial_index\":13,\"time_elapsed\":206782,\"internal_node_id\":\"0.0-1.0-0.10\",\"subject_id\":\"5af9d543672ea800010d8e0f\",\"study_id\":\"67e2c7f5c9ee767149702482\",\"session_id\":\"67e2d3a51d9c8e9c702ec92f\",\"rng_seed\":\"0.7154606772906116\",\"response_label\":0,\"provided_context\":true},{\"rt\":12373,\"stimulus\":\"<div style=\\\"font-size:20px;\\\"><p>Which scenario is more nonsensical?</p>\\n  Reminder: <strong>Nonsensical</strong> means it does not make sense due to some basic conceptual error (\\\"I painted the house with my number.\\\"). </div>\",\"response\":1,\"stimulus_0\":\"denting a car with\",\"stimulus_1\":\"painting a wall using\",\"condition_0\":\"improbable\",\"condition_1\":\"inconceivable\",\"continuation_0\":\"a dumbbell\",\"continuation_1\":\"a whisper\",\"id_0\":23,\"id_1\":45,\"context_0\":\"They do not have a baseball bat, so they are\",\"context_1\":\"They do not have a brush, so they are\",\"task_type\":\"critical\",\"concept\":\"inconceivable\",\"trial_type\":\"html-button-response\",\"trial_index\":14,\"time_elapsed\":219156,\"internal_node_id\":\"0.0-1.0-0.11\",\"subject_id\":\"5af9d543672ea800010d8e0f\",\"study_id\":\"67e2c7f5c9ee767149702482\",\"session_id\":\"67e2d3a51d9c8e9c702ec92f\",\"rng_seed\":\"0.7154606772906116\",\"response_label\":1,\"provided_context\":true},{\"rt\":2801,\"stimulus\":\"<div style=\\\"font-size:20px;\\\"><p>Follow the instructions below.</p></div>\",\"response\":1,\"stimulus_0\":\"denting a car with\",\"stimulus_1\":\"painting a wall using\",\"condition_0\":\"improbable\",\"condition_1\":\"inconceivable\",\"continuation_0\":\"a dumbbell\",\"continuation_1\":\"a whisper\",\"id_0\":23,\"id_1\":45,\"context_0\":\"They do not have a baseball bat, so they are\",\"context_1\":\"They do not have a brush, so they are\",\"task_type\":\"attention_check\",\"choices\":[\"Don't Click This Button!\",\"Click This Button!\"],\"trial_type\":\"html-button-response\",\"trial_index\":15,\"time_elapsed\":221958,\"internal_node_id\":\"0.0-1.0-1.11-0.11\",\"subject_id\":\"5af9d543672ea800010d8e0f\",\"study_id\":\"67e2c7f5c9ee767149702482\",\"session_id\":\"67e2d3a51d9c8e9c702ec92f\",\"rng_seed\":\"0.7154606772906116\"},{\"rt\":18827,\"stimulus\":\"<div style=\\\"font-size:20px;\\\"><p>Which scenario is more nonsensical?</p>\\n  Reminder: <strong>Nonsensical</strong> means it does not make sense due to some basic conceptual error (\\\"I painted the house with my number.\\\"). </div>\",\"response\":0,\"stimulus_0\":\"squishing a blueberry using\",\"stimulus_1\":\"drying laundry using\",\"condition_0\":\"improbable\",\"condition_1\":\"improbable\",\"continuation_0\":\"[POSS] nose\",\"continuation_1\":\"a fan\",\"id_0\":58,\"id_1\":30,\"context_0\":\"They do not have fingers, so they are\",\"context_1\":\"They do not have a clothesline, so they are\",\"task_type\":\"critical\",\"concept\":\"inconceivable\",\"trial_type\":\"html-button-response\",\"trial_index\":16,\"time_elapsed\":240786,\"internal_node_id\":\"0.0-1.0-0.12\",\"subject_id\":\"5af9d543672ea800010d8e0f\",\"study_id\":\"67e2c7f5c9ee767149702482\",\"session_id\":\"67e2d3a51d9c8e9c702ec92f\",\"rng_seed\":\"0.7154606772906116\",\"response_label\":0,\"provided_context\":true},{\"rt\":9153,\"stimulus\":\"<div style=\\\"font-size:20px;\\\"><p>Which scenario is more nonsensical?</p>\\n  Reminder: <strong>Nonsensical</strong> means it does not make sense due to some basic conceptual error (\\\"I painted the house with my number.\\\"). </div>\",\"response\":0,\"stimulus_0\":\"plucking a hair using\",\"stimulus_1\":\"polishing jewelry using\",\"condition_0\":\"inconceivable\",\"condition_1\":\"impossible\",\"continuation_0\":\"sympathy\",\"continuation_1\":\"a chainsaw\",\"id_0\":47,\"id_1\":48,\"context_0\":\"They do not have tweezers, so they are\",\"context_1\":\"They do not have a cloth, so they are\",\"task_type\":\"critical\",\"concept\":\"inconceivable\",\"trial_type\":\"html-button-response\",\"trial_index\":17,\"time_elapsed\":249940,\"internal_node_id\":\"0.0-1.0-0.13\",\"subject_id\":\"5af9d543672ea800010d8e0f\",\"study_id\":\"67e2c7f5c9ee767149702482\",\"session_id\":\"67e2d3a51d9c8e9c702ec92f\",\"rng_seed\":\"0.7154606772906116\",\"response_label\":0,\"provided_context\":true},{\"rt\":12129,\"stimulus\":\"<div style=\\\"font-size:20px;\\\"><p>Which scenario is more nonsensical?</p>\\n  Reminder: <strong>Nonsensical</strong> means it does not make sense due to some basic conceptual error (\\\"I painted the house with my number.\\\"). </div>\",\"response\":0,\"stimulus_0\":\"shattering a window using\",\"stimulus_1\":\"squishing a blueberry using\",\"condition_0\":\"impossible\",\"condition_1\":\"improbable\",\"continuation_0\":\"confetti\",\"continuation_1\":\"[POSS] nose\",\"id_0\":53,\"id_1\":58,\"context_0\":\"They do not have a stone, so they are\",\"context_1\":\"They do not have fingers, so they are\",\"task_type\":\"critical\",\"concept\":\"inconceivable\",\"trial_type\":\"html-button-response\",\"trial_index\":18,\"time_elapsed\":262070,\"internal_node_id\":\"0.0-1.0-0.14\",\"subject_id\":\"5af9d543672ea800010d8e0f\",\"study_id\":\"67e2c7f5c9ee767149702482\",\"session_id\":\"67e2d3a51d9c8e9c702ec92f\",\"rng_seed\":\"0.7154606772906116\",\"response_label\":0,\"provided_context\":true},{\"rt\":5377,\"stimulus\":\"<div style=\\\"font-size:20px;\\\"><p>Which scenario is more nonsensical?</p>\\n  Reminder: <strong>Nonsensical</strong> means it does not make sense due to some basic conceptual error (\\\"I painted the house with my number.\\\"). </div>\",\"response\":0,\"stimulus_0\":\"digging a hole using\",\"stimulus_1\":\"squishing a blueberry using\",\"condition_0\":\"impossible\",\"condition_1\":\"improbable\",\"continuation_0\":\"dirt\",\"continuation_1\":\"[POSS] nose\",\"id_0\":24,\"id_1\":58,\"context_0\":\"They do not have a shovel, so they are\",\"context_1\":\"They do not have fingers, so they are\",\"task_type\":\"critical\",\"concept\":\"inconceivable\",\"trial_type\":\"html-button-response\",\"trial_index\":19,\"time_elapsed\":267448,\"internal_node_id\":\"0.0-1.0-0.15\",\"subject_id\":\"5af9d543672ea800010d8e0f\",\"study_id\":\"67e2c7f5c9ee767149702482\",\"session_id\":\"67e2d3a51d9c8e9c702ec92f\",\"rng_seed\":\"0.7154606772906116\",\"response_label\":0,\"provided_context\":true},{\"rt\":2396,\"stimulus\":\"<div style=\\\"font-size:20px;\\\"><p>Follow the instructions below.</p></div>\",\"response\":0,\"stimulus_0\":\"digging a hole using\",\"stimulus_1\":\"squishing a blueberry using\",\"condition_0\":\"impossible\",\"condition_1\":\"improbable\",\"continuation_0\":\"dirt\",\"continuation_1\":\"[POSS] nose\",\"id_0\":24,\"id_1\":58,\"context_0\":\"They do not have a shovel, so they are\",\"context_1\":\"They do not have fingers, so they are\",\"task_type\":\"attention_check\",\"choices\":[\"Click This Button!\",\"Don't Click This Button!\"],\"trial_type\":\"html-button-response\",\"trial_index\":20,\"time_elapsed\":269844,\"internal_node_id\":\"0.0-1.0-1.15-0.15\",\"subject_id\":\"5af9d543672ea800010d8e0f\",\"study_id\":\"67e2c7f5c9ee767149702482\",\"session_id\":\"67e2d3a51d9c8e9c702ec92f\",\"rng_seed\":\"0.7154606772906116\"},{\"rt\":7195,\"stimulus\":\"<div style=\\\"font-size:20px;\\\"><p>Which scenario is more nonsensical?</p>\\n  Reminder: <strong>Nonsensical</strong> means it does not make sense due to some basic conceptual error (\\\"I painted the house with my number.\\\"). </div>\",\"response\":0,\"stimulus_0\":\"carrying groceries inside\",\"stimulus_1\":\"denting a car with\",\"condition_0\":\"improbable\",\"condition_1\":\"improbable\",\"continuation_0\":\"a backpack\",\"continuation_1\":\"a dumbbell\",\"id_0\":6,\"id_1\":23,\"context_0\":\"They do not have a tote bag, so they are\",\"context_1\":\"They do not have a baseball bat, so they are\",\"task_type\":\"critical\",\"concept\":\"inconceivable\",\"trial_type\":\"html-button-response\",\"trial_index\":21,\"time_elapsed\":277040,\"internal_node_id\":\"0.0-1.0-0.16\",\"subject_id\":\"5af9d543672ea800010d8e0f\",\"study_id\":\"67e2c7f5c9ee767149702482\",\"session_id\":\"67e2d3a51d9c8e9c702ec92f\",\"rng_seed\":\"0.7154606772906116\",\"response_label\":0,\"provided_context\":true},{\"rt\":7263,\"stimulus\":\"<div style=\\\"font-size:20px;\\\"><p>Which scenario is more nonsensical?</p>\\n  Reminder: <strong>Nonsensical</strong> means it does not make sense due to some basic conceptual error (\\\"I painted the house with my number.\\\"). </div>\",\"response\":0,\"stimulus_0\":\"painting a wall using\",\"stimulus_1\":\"eating soup using\",\"condition_0\":\"inconceivable\",\"condition_1\":\"improbable\",\"continuation_0\":\"a whisper\",\"continuation_1\":\"a bucket\",\"id_0\":45,\"id_1\":31,\"context_0\":\"They do not have a brush, so they are\",\"context_1\":\"They do not have a spoon, so they are\",\"task_type\":\"critical\",\"concept\":\"inconceivable\",\"trial_type\":\"html-button-response\",\"trial_index\":22,\"time_elapsed\":284304,\"internal_node_id\":\"0.0-1.0-0.17\",\"subject_id\":\"5af9d543672ea800010d8e0f\",\"study_id\":\"67e2c7f5c9ee767149702482\",\"session_id\":\"67e2d3a51d9c8e9c702ec92f\",\"rng_seed\":\"0.7154606772906116\",\"response_label\":0,\"provided_context\":true},{\"rt\":16766,\"stimulus\":\"<div style=\\\"font-size:20px;\\\"><p>Which scenario is more nonsensical?</p>\\n  Reminder: <strong>Nonsensical</strong> means it does not make sense due to some basic conceptual error (\\\"I painted the house with my number.\\\"). </div>\",\"response\":0,\"stimulus_0\":\"cooking dinner out of\",\"stimulus_1\":\"filling a bucket with\",\"condition_0\":\"impossible\",\"condition_1\":\"impossible\",\"continuation_0\":\"the moon\",\"continuation_1\":\"buildings\",\"id_0\":16,\"id_1\":33,\"context_0\":\"They do not have pasta, so they are\",\"context_1\":\"They are not near sand, so they are\",\"task_type\":\"critical\",\"concept\":\"inconceivable\",\"trial_type\":\"html-button-response\",\"trial_index\":23,\"time_elapsed\":301070,\"internal_node_id\":\"0.0-1.0-0.18\",\"subject_id\":\"5af9d543672ea800010d8e0f\",\"study_id\":\"67e2c7f5c9ee767149702482\",\"session_id\":\"67e2d3a51d9c8e9c702ec92f\",\"rng_seed\":\"0.7154606772906116\",\"response_label\":0,\"provided_context\":true},{\"rt\":15459,\"stimulus\":\"<div style=\\\"font-size:20px;\\\"><p>Which scenario is more nonsensical?</p>\\n  Reminder: <strong>Nonsensical</strong> means it does not make sense due to some basic conceptual error (\\\"I painted the house with my number.\\\"). </div>\",\"response\":1,\"stimulus_0\":\"catching a fish in\",\"stimulus_1\":\"polishing jewelry using\",\"condition_0\":\"improbable\",\"condition_1\":\"impossible\",\"continuation_0\":\"a puddle\",\"continuation_1\":\"a chainsaw\",\"id_0\":8,\"id_1\":48,\"context_0\":\"They are not near a lake, so they are\",\"context_1\":\"They do not have a cloth, so they are\",\"task_type\":\"critical\",\"concept\":\"inconceivable\",\"trial_type\":\"html-button-response\",\"trial_index\":24,\"time_elapsed\":316530,\"internal_node_id\":\"0.0-1.0-0.19\",\"subject_id\":\"5af9d543672ea800010d8e0f\",\"study_id\":\"67e2c7f5c9ee767149702482\",\"session_id\":\"67e2d3a51d9c8e9c702ec92f\",\"rng_seed\":\"0.7154606772906116\",\"response_label\":1,\"provided_context\":true},{\"rt\":3231,\"stimulus\":\"<div style=\\\"font-size:20px;\\\"><p>Follow the instructions below.</p></div>\",\"response\":1,\"stimulus_0\":\"catching a fish in\",\"stimulus_1\":\"polishing jewelry using\",\"condition_0\":\"improbable\",\"condition_1\":\"impossible\",\"continuation_0\":\"a puddle\",\"continuation_1\":\"a chainsaw\",\"id_0\":8,\"id_1\":48,\"context_0\":\"They are not near a lake, so they are\",\"context_1\":\"They do not have a cloth, so they are\",\"task_type\":\"attention_check\",\"choices\":[\"Don't Click This Button!\",\"Click This Button!\"],\"trial_type\":\"html-button-response\",\"trial_index\":25,\"time_elapsed\":319762,\"internal_node_id\":\"0.0-1.0-1.19-0.19\",\"subject_id\":\"5af9d543672ea800010d8e0f\",\"study_id\":\"67e2c7f5c9ee767149702482\",\"session_id\":\"67e2d3a51d9c8e9c702ec92f\",\"rng_seed\":\"0.7154606772906116\"},{\"rt\":22297,\"response\":{\"language\":\"English\",\"gender\":\"Male\",\"feedback\":\"\"},\"trial_type\":\"survey-text\",\"trial_index\":26,\"time_elapsed\":342062,\"internal_node_id\":\"0.0-2.0\",\"subject_id\":\"5af9d543672ea800010d8e0f\",\"study_id\":\"67e2c7f5c9ee767149702482\",\"session_id\":\"67e2d3a51d9c8e9c702ec92f\",\"rng_seed\":\"0.7154606772906116\",\"task_type\":\"survey\"},{\"success\":true,\"completion_time\":\"2025-03-25T16:09:12.787Z\",\"exp_type\":\"gesture-beat-expt-pilot\"}]",
    "dir_path": "data/experiment_2_pilot"
}