{
    "prolific_data": {
        "subject_id": "672212a833c451773be022fe",
        "study_id": "67e2c7f5c9ee767149702482",
        "session_id": "67e2d35a93d5c27e7dded87b",
        "rng_seed": "0.28775422956287744"
    },
    "data": "[{\"rt\":31803,\"stimulus\":\"\\n  <div class=\\\"jspsych-content\\\" align=left style=\\\"width:100%;text-align: left;\\\">\\n  <h2>Hello, and welcome to our study!</h2>\\n      In this study, we will ask you to 25 questions.\\n      <p>\\n      In 20 of the questions, we will need your help deciding which statement is more <strong>nonsensical</strong>.\\n      </p>\\n      <strong>Nonsensical</strong> means it does not make sense due to some basic conceptual error (\\\"I painted the house with my number.\\\"). \\n      <p>\\n      The remaining questions will check to make sure that you are paying attention to the study.\\n      <p>\\n    <h3>IMPORTANT:</h3>\\n    <ul>\\n      <li>Respond as quickly as you can.</li>\\n      <li>Answer the questions based on what is possible given the physical laws of the real world.</li>\\n      <li>There are no right or wrong answers. We are simply interested in your intuitions.</li>\\n      </ul>\\n    Once you are done reading this page, please press SPACEBAR to continue.\\n    </p>\\n  </div>\\n  \",\"response\":\" \",\"trial_type\":\"html-keyboard-response\",\"trial_index\":0,\"time_elapsed\":31860,\"internal_node_id\":\"0.0-0.0\",\"subject_id\":\"672212a833c451773be022fe\",\"study_id\":\"67e2c7f5c9ee767149702482\",\"session_id\":\"67e2d35a93d5c27e7dded87b\",\"rng_seed\":\"0.28775422956287744\"},{\"rt\":17208,\"stimulus\":\"<div style=\\\"font-size:20px;\\\"><p>Which scenario is more nonsensical?</p>\\n  Reminder: <strong>Nonsensical</strong> means it does not make sense due to some basic conceptual error (\\\"I painted the house with my number.\\\"). </div>\",\"response\":0,\"stimulus_0\":\"lighting a candle using\",\"stimulus_1\":\"carving a statue using\",\"condition_0\":\"impossible\",\"condition_1\":\"impossible\",\"continuation_0\":\"yogurt\",\"continuation_1\":\"a sock\",\"id_0\":39,\"id_1\":7,\"context_0\":\"They do not have a match, so they are\",\"context_1\":\"They do not have a chisel, so they are\",\"task_type\":\"critical\",\"concept\":\"inconceivable\",\"trial_type\":\"html-button-response\",\"trial_index\":1,\"time_elapsed\":49077,\"internal_node_id\":\"0.0-1.0-0.0\",\"subject_id\":\"672212a833c451773be022fe\",\"study_id\":\"67e2c7f5c9ee767149702482\",\"session_id\":\"67e2d35a93d5c27e7dded87b\",\"rng_seed\":\"0.28775422956287744\",\"response_label\":0,\"provided_context\":true},{\"rt\":30363,\"stimulus\":\"<div style=\\\"font-size:20px;\\\"><p>Which scenario is more nonsensical?</p>\\n  Reminder: <strong>Nonsensical</strong> means it does not make sense due to some basic conceptual error (\\\"I painted the house with my number.\\\"). </div>\",\"response\":1,\"stimulus_0\":\"catching a fish in\",\"stimulus_1\":\"unlocking a door using\",\"condition_0\":\"improbable\",\"condition_1\":\"impossible\",\"continuation_0\":\"a puddle\",\"continuation_1\":\"a marshmallow\",\"id_0\":8,\"id_1\":64,\"context_0\":\"They are not near a lake, so they are\",\"context_1\":\"They do not have a key, so they are\",\"task_type\":\"critical\",\"concept\":\"inconceivable\",\"trial_type\":\"html-button-response\",\"trial_index\":2,\"time_elapsed\":79450,\"internal_node_id\":\"0.0-1.0-0.1\",\"subject_id\":\"672212a833c451773be022fe\",\"study_id\":\"67e2c7f5c9ee767149702482\",\"session_id\":\"67e2d35a93d5c27e7dded87b\",\"rng_seed\":\"0.28775422956287744\",\"response_label\":1,\"provided_context\":true},{\"rt\":10316,\"stimulus\":\"<div style=\\\"font-size:20px;\\\"><p>Which scenario is more nonsensical?</p>\\n  Reminder: <strong>Nonsensical</strong> means it does not make sense due to some basic conceptual error (\\\"I painted the house with my number.\\\"). </div>\",\"response\":1,\"stimulus_0\":\"hanging a painting using\",\"stimulus_1\":\"filling a bucket with\",\"condition_0\":\"inconceivable\",\"condition_1\":\"impossible\",\"continuation_0\":\"a handshake\",\"continuation_1\":\"buildings\",\"id_0\":36,\"id_1\":33,\"context_0\":\"They do not have screws, so they are\",\"context_1\":\"They are not near sand, so they are\",\"task_type\":\"critical\",\"concept\":\"inconceivable\",\"trial_type\":\"html-button-response\",\"trial_index\":3,\"time_elapsed\":89772,\"internal_node_id\":\"0.0-1.0-0.2\",\"subject_id\":\"672212a833c451773be022fe\",\"study_id\":\"67e2c7f5c9ee767149702482\",\"session_id\":\"67e2d35a93d5c27e7dded87b\",\"rng_seed\":\"0.28775422956287744\",\"response_label\":1,\"provided_context\":true},{\"rt\":18030,\"stimulus\":\"<div style=\\\"font-size:20px;\\\"><p>Which scenario is more nonsensical?</p>\\n  Reminder: <strong>Nonsensical</strong> means it does not make sense due to some basic conceptual error (\\\"I painted the house with my number.\\\"). </div>\",\"response\":0,\"stimulus_0\":\"cutting cardboard using\",\"stimulus_1\":\"taking a vacation to\",\"condition_0\":\"inconceivable\",\"condition_1\":\"impossible\",\"continuation_0\":\"a snore\",\"continuation_1\":\"the sun\",\"id_0\":22,\"id_1\":61,\"context_0\":\"They do not have scissors, so they are\",\"context_1\":\"They are not near the beach, so they are\",\"task_type\":\"critical\",\"concept\":\"inconceivable\",\"trial_type\":\"html-button-response\",\"trial_index\":4,\"time_elapsed\":107806,\"internal_node_id\":\"0.0-1.0-0.3\",\"subject_id\":\"672212a833c451773be022fe\",\"study_id\":\"67e2c7f5c9ee767149702482\",\"session_id\":\"67e2d35a93d5c27e7dded87b\",\"rng_seed\":\"0.28775422956287744\",\"response_label\":0,\"provided_context\":true},{\"rt\":5016,\"stimulus\":\"<div style=\\\"font-size:20px;\\\"><p>Follow the instructions below.</p></div>\",\"response\":1,\"stimulus_0\":\"cutting cardboard using\",\"stimulus_1\":\"taking a vacation to\",\"condition_0\":\"inconceivable\",\"condition_1\":\"impossible\",\"continuation_0\":\"a snore\",\"continuation_1\":\"the sun\",\"id_0\":22,\"id_1\":61,\"context_0\":\"They do not have scissors, so they are\",\"context_1\":\"They are not near the beach, so they are\",\"task_type\":\"attention_check\",\"choices\":[\"Don't Click This Button!\",\"Click This Button!\"],\"trial_type\":\"html-button-response\",\"trial_index\":5,\"time_elapsed\":112825,\"internal_node_id\":\"0.0-1.0-1.3-0.3\",\"subject_id\":\"672212a833c451773be022fe\",\"study_id\":\"67e2c7f5c9ee767149702482\",\"session_id\":\"67e2d35a93d5c27e7dded87b\",\"rng_seed\":\"0.28775422956287744\"},{\"rt\":13462,\"stimulus\":\"<div style=\\\"font-size:20px;\\\"><p>Which scenario is more nonsensical?</p>\\n  Reminder: <strong>Nonsensical</strong> means it does not make sense due to some basic conceptual error (\\\"I painted the house with my number.\\\"). </div>\",\"response\":0,\"stimulus_0\":\"writing an equation on\",\"stimulus_1\":\"building a bridge out of\",\"condition_0\":\"inconceivable\",\"condition_1\":\"improbable\",\"continuation_0\":\"a scream\",\"continuation_1\":\"plastic\",\"id_0\":69,\"id_1\":4,\"context_0\":\"They do not have a chalkboard, so they are\",\"context_1\":\"They do not have any steel, so they are\",\"task_type\":\"critical\",\"concept\":\"inconceivable\",\"trial_type\":\"html-button-response\",\"trial_index\":6,\"time_elapsed\":126295,\"internal_node_id\":\"0.0-1.0-0.4\",\"subject_id\":\"672212a833c451773be022fe\",\"study_id\":\"67e2c7f5c9ee767149702482\",\"session_id\":\"67e2d35a93d5c27e7dded87b\",\"rng_seed\":\"0.28775422956287744\",\"response_label\":0,\"provided_context\":true},{\"rt\":10721,\"stimulus\":\"<div style=\\\"font-size:20px;\\\"><p>Which scenario is more nonsensical?</p>\\n  Reminder: <strong>Nonsensical</strong> means it does not make sense due to some basic conceptual error (\\\"I painted the house with my number.\\\"). </div>\",\"response\":1,\"stimulus_0\":\"packing a suit inside\",\"stimulus_1\":\"lighting a candle using\",\"condition_0\":\"improbable\",\"condition_1\":\"impossible\",\"continuation_0\":\"a pocket\",\"continuation_1\":\"yogurt\",\"id_0\":44,\"id_1\":39,\"context_0\":\"They do not have a suitcase, so they are\",\"context_1\":\"They do not have a match, so they are\",\"task_type\":\"critical\",\"concept\":\"inconceivable\",\"trial_type\":\"html-button-response\",\"trial_index\":7,\"time_elapsed\":137023,\"internal_node_id\":\"0.0-1.0-0.5\",\"subject_id\":\"672212a833c451773be022fe\",\"study_id\":\"67e2c7f5c9ee767149702482\",\"session_id\":\"67e2d35a93d5c27e7dded87b\",\"rng_seed\":\"0.28775422956287744\",\"response_label\":1,\"provided_context\":true},{\"rt\":8614,\"stimulus\":\"<div style=\\\"font-size:20px;\\\"><p>Which scenario is more nonsensical?</p>\\n  Reminder: <strong>Nonsensical</strong> means it does not make sense due to some basic conceptual error (\\\"I painted the house with my number.\\\"). </div>\",\"response\":0,\"stimulus_0\":\"unlocking a door using\",\"stimulus_1\":\"carrying groceries inside\",\"condition_0\":\"impossible\",\"condition_1\":\"improbable\",\"continuation_0\":\"a marshmallow\",\"continuation_1\":\"a backpack\",\"id_0\":64,\"id_1\":6,\"context_0\":\"They do not have a key, so they are\",\"context_1\":\"They do not have a tote bag, so they are\",\"task_type\":\"critical\",\"concept\":\"inconceivable\",\"trial_type\":\"html-button-response\",\"trial_index\":8,\"time_elapsed\":145642,\"internal_node_id\":\"0.0-1.0-0.6\",\"subject_id\":\"672212a833c451773be022fe\",\"study_id\":\"67e2c7f5c9ee767149702482\",\"session_id\":\"67e2d35a93d5c27e7dded87b\",\"rng_seed\":\"0.28775422956287744\",\"response_label\":0,\"provided_context\":true},{\"rt\":12229,\"stimulus\":\"<div style=\\\"font-size:20px;\\\"><p>Which scenario is more nonsensical?</p>\\n  Reminder: <strong>Nonsensical</strong> means it does not make sense due to some basic conceptual error (\\\"I painted the house with my number.\\\"). </div>\",\"response\":0,\"stimulus_0\":\"cooking dinner out of\",\"stimulus_1\":\"denting a car with\",\"condition_0\":\"impossible\",\"condition_1\":\"improbable\",\"continuation_0\":\"the moon\",\"continuation_1\":\"a dumbbell\",\"id_0\":16,\"id_1\":23,\"context_0\":\"They do not have pasta, so they are\",\"context_1\":\"They do not have a baseball bat, so they are\",\"task_type\":\"critical\",\"concept\":\"inconceivable\",\"trial_type\":\"html-button-response\",\"trial_index\":9,\"time_elapsed\":157879,\"internal_node_id\":\"0.0-1.0-0.7\",\"subject_id\":\"672212a833c451773be022fe\",\"study_id\":\"67e2c7f5c9ee767149702482\",\"session_id\":\"67e2d35a93d5c27e7dded87b\",\"rng_seed\":\"0.28775422956287744\",\"response_label\":0,\"provided_context\":true},{\"rt\":3481,\"stimulus\":\"<div style=\\\"font-size:20px;\\\"><p>Follow the instructions below.</p></div>\",\"response\":1,\"stimulus_0\":\"cooking dinner out of\",\"stimulus_1\":\"denting a car with\",\"condition_0\":\"impossible\",\"condition_1\":\"improbable\",\"continuation_0\":\"the moon\",\"continuation_1\":\"a dumbbell\",\"id_0\":16,\"id_1\":23,\"context_0\":\"They do not have pasta, so they are\",\"context_1\":\"They do not have a baseball bat, so they are\",\"task_type\":\"attention_check\",\"choices\":[\"Don't Click This Button!\",\"Click This Button!\"],\"trial_type\":\"html-button-response\",\"trial_index\":10,\"time_elapsed\":161366,\"internal_node_id\":\"0.0-1.0-1.7-0.7\",\"subject_id\":\"672212a833c451773be022fe\",\"study_id\":\"67e2c7f5c9ee767149702482\",\"session_id\":\"67e2d35a93d5c27e7dded87b\",\"rng_seed\":\"0.28775422956287744\"},{\"rt\":8063,\"stimulus\":\"<div style=\\\"font-size:20px;\\\"><p>Which scenario is more nonsensical?</p>\\n  Reminder: <strong>Nonsensical</strong> means it does not make sense due to some basic conceptual error (\\\"I painted the house with my number.\\\"). </div>\",\"response\":1,\"stimulus_0\":\"eating soup using\",\"stimulus_1\":\"crafting a bowl out of\",\"condition_0\":\"improbable\",\"condition_1\":\"impossible\",\"continuation_0\":\"a bucket\",\"continuation_1\":\"smoke\",\"id_0\":31,\"id_1\":19,\"context_0\":\"They do not have a spoon, so they are\",\"context_1\":\"They do not have clay, so they are\",\"task_type\":\"critical\",\"concept\":\"inconceivable\",\"trial_type\":\"html-button-response\",\"trial_index\":11,\"time_elapsed\":169435,\"internal_node_id\":\"0.0-1.0-0.8\",\"subject_id\":\"672212a833c451773be022fe\",\"study_id\":\"67e2c7f5c9ee767149702482\",\"session_id\":\"67e2d35a93d5c27e7dded87b\",\"rng_seed\":\"0.28775422956287744\",\"response_label\":1,\"provided_context\":true},{\"rt\":8465,\"stimulus\":\"<div style=\\\"font-size:20px;\\\"><p>Which scenario is more nonsensical?</p>\\n  Reminder: <strong>Nonsensical</strong> means it does not make sense due to some basic conceptual error (\\\"I painted the house with my number.\\\"). </div>\",\"response\":1,\"stimulus_0\":\"cutting cardboard using\",\"stimulus_1\":\"cleaning a spill using\",\"condition_0\":\"inconceivable\",\"condition_1\":\"inconceivable\",\"continuation_0\":\"a snore\",\"continuation_1\":\"a country\",\"id_0\":22,\"id_1\":11,\"context_0\":\"They do not have scissors, so they are\",\"context_1\":\"They do not have a sponge, so they are\",\"task_type\":\"critical\",\"concept\":\"inconceivable\",\"trial_type\":\"html-button-response\",\"trial_index\":12,\"time_elapsed\":177908,\"internal_node_id\":\"0.0-1.0-0.9\",\"subject_id\":\"672212a833c451773be022fe\",\"study_id\":\"67e2c7f5c9ee767149702482\",\"session_id\":\"67e2d35a93d5c27e7dded87b\",\"rng_seed\":\"0.28775422956287744\",\"response_label\":1,\"provided_context\":true},{\"rt\":10082,\"stimulus\":\"<div style=\\\"font-size:20px;\\\"><p>Which scenario is more nonsensical?</p>\\n  Reminder: <strong>Nonsensical</strong> means it does not make sense due to some basic conceptual error (\\\"I painted the house with my number.\\\"). </div>\",\"response\":0,\"stimulus_0\":\"painting a wall using\",\"stimulus_1\":\"lighting a candle using\",\"condition_0\":\"inconceivable\",\"condition_1\":\"impossible\",\"continuation_0\":\"a whisper\",\"continuation_1\":\"yogurt\",\"id_0\":45,\"id_1\":39,\"context_0\":\"They do not have a brush, so they are\",\"context_1\":\"They do not have a match, so they are\",\"task_type\":\"critical\",\"concept\":\"inconceivable\",\"trial_type\":\"html-button-response\",\"trial_index\":13,\"time_elapsed\":187998,\"internal_node_id\":\"0.0-1.0-0.10\",\"subject_id\":\"672212a833c451773be022fe\",\"study_id\":\"67e2c7f5c9ee767149702482\",\"session_id\":\"67e2d35a93d5c27e7dded87b\",\"rng_seed\":\"0.28775422956287744\",\"response_label\":0,\"provided_context\":true},{\"rt\":6915,\"stimulus\":\"<div style=\\\"font-size:20px;\\\"><p>Which scenario is more nonsensical?</p>\\n  Reminder: <strong>Nonsensical</strong> means it does not make sense due to some basic conceptual error (\\\"I painted the house with my number.\\\"). </div>\",\"response\":0,\"stimulus_0\":\"painting a wall using\",\"stimulus_1\":\"digging a hole using\",\"condition_0\":\"inconceivable\",\"condition_1\":\"impossible\",\"continuation_0\":\"a whisper\",\"continuation_1\":\"dirt\",\"id_0\":45,\"id_1\":24,\"context_0\":\"They do not have a brush, so they are\",\"context_1\":\"They do not have a shovel, so they are\",\"task_type\":\"critical\",\"concept\":\"inconceivable\",\"trial_type\":\"html-button-response\",\"trial_index\":14,\"time_elapsed\":194922,\"internal_node_id\":\"0.0-1.0-0.11\",\"subject_id\":\"672212a833c451773be022fe\",\"study_id\":\"67e2c7f5c9ee767149702482\",\"session_id\":\"67e2d35a93d5c27e7dded87b\",\"rng_seed\":\"0.28775422956287744\",\"response_label\":0,\"provided_context\":true},{\"rt\":3081,\"stimulus\":\"<div style=\\\"font-size:20px;\\\"><p>Follow the instructions below.</p></div>\",\"response\":1,\"stimulus_0\":\"painting a wall using\",\"stimulus_1\":\"digging a hole using\",\"condition_0\":\"inconceivable\",\"condition_1\":\"impossible\",\"continuation_0\":\"a whisper\",\"continuation_1\":\"dirt\",\"id_0\":45,\"id_1\":24,\"context_0\":\"They do not have a brush, so they are\",\"context_1\":\"They do not have a shovel, so they are\",\"task_type\":\"attention_check\",\"choices\":[\"Don't Click This Button!\",\"Click This Button!\"],\"trial_type\":\"html-button-response\",\"trial_index\":15,\"time_elapsed\":198005,\"internal_node_id\":\"0.0-1.0-1.11-0.11\",\"subject_id\":\"672212a833c451773be022fe\",\"study_id\":\"67e2c7f5c9ee767149702482\",\"session_id\":\"67e2d35a93d5c27e7dded87b\",\"rng_seed\":\"0.28775422956287744\"},{\"rt\":9626,\"stimulus\":\"<div style=\\\"font-size:20px;\\\"><p>Which scenario is more nonsensical?</p>\\n  Reminder: <strong>Nonsensical</strong> means it does not make sense due to some basic conceptual error (\\\"I painted the house with my number.\\\"). </div>\",\"response\":1,\"stimulus_0\":\"polishing jewelry using\",\"stimulus_1\":\"crafting a bowl out of\",\"condition_0\":\"impossible\",\"condition_1\":\"impossible\",\"continuation_0\":\"a chainsaw\",\"continuation_1\":\"smoke\",\"id_0\":48,\"id_1\":19,\"context_0\":\"They do not have a cloth, so they are\",\"context_1\":\"They do not have clay, so they are\",\"task_type\":\"critical\",\"concept\":\"inconceivable\",\"trial_type\":\"html-button-response\",\"trial_index\":16,\"time_elapsed\":207637,\"internal_node_id\":\"0.0-1.0-0.12\",\"subject_id\":\"672212a833c451773be022fe\",\"study_id\":\"67e2c7f5c9ee767149702482\",\"session_id\":\"67e2d35a93d5c27e7dded87b\",\"rng_seed\":\"0.28775422956287744\",\"response_label\":1,\"provided_context\":true},{\"rt\":7301,\"stimulus\":\"<div style=\\\"font-size:20px;\\\"><p>Which scenario is more nonsensical?</p>\\n  Reminder: <strong>Nonsensical</strong> means it does not make sense due to some basic conceptual error (\\\"I painted the house with my number.\\\"). </div>\",\"response\":1,\"stimulus_0\":\"drying laundry using\",\"stimulus_1\":\"taking a vacation to\",\"condition_0\":\"improbable\",\"condition_1\":\"impossible\",\"continuation_0\":\"a fan\",\"continuation_1\":\"the sun\",\"id_0\":30,\"id_1\":61,\"context_0\":\"They do not have a clothesline, so they are\",\"context_1\":\"They are not near the beach, so they are\",\"task_type\":\"critical\",\"concept\":\"inconceivable\",\"trial_type\":\"html-button-response\",\"trial_index\":17,\"time_elapsed\":214941,\"internal_node_id\":\"0.0-1.0-0.13\",\"subject_id\":\"672212a833c451773be022fe\",\"study_id\":\"67e2c7f5c9ee767149702482\",\"session_id\":\"67e2d35a93d5c27e7dded87b\",\"rng_seed\":\"0.28775422956287744\",\"response_label\":1,\"provided_context\":true},{\"rt\":8005,\"stimulus\":\"<div style=\\\"font-size:20px;\\\"><p>Which scenario is more nonsensical?</p>\\n  Reminder: <strong>Nonsensical</strong> means it does not make sense due to some basic conceptual error (\\\"I painted the house with my number.\\\"). </div>\",\"response\":1,\"stimulus_0\":\"squishing a blueberry using\",\"stimulus_1\":\"painting a wall using\",\"condition_0\":\"improbable\",\"condition_1\":\"inconceivable\",\"continuation_0\":\"[POSS] nose\",\"continuation_1\":\"a whisper\",\"id_0\":58,\"id_1\":45,\"context_0\":\"They do not have fingers, so they are\",\"context_1\":\"They do not have a brush, so they are\",\"task_type\":\"critical\",\"concept\":\"inconceivable\",\"trial_type\":\"html-button-response\",\"trial_index\":18,\"time_elapsed\":222948,\"internal_node_id\":\"0.0-1.0-0.14\",\"subject_id\":\"672212a833c451773be022fe\",\"study_id\":\"67e2c7f5c9ee767149702482\",\"session_id\":\"67e2d35a93d5c27e7dded87b\",\"rng_seed\":\"0.28775422956287744\",\"response_label\":1,\"provided_context\":true},{\"rt\":6235,\"stimulus\":\"<div style=\\\"font-size:20px;\\\"><p>Which scenario is more nonsensical?</p>\\n  Reminder: <strong>Nonsensical</strong> means it does not make sense due to some basic conceptual error (\\\"I painted the house with my number.\\\"). </div>\",\"response\":1,\"stimulus_0\":\"carrying groceries inside\",\"stimulus_1\":\"drinking a cup full of\",\"condition_0\":\"improbable\",\"condition_1\":\"inconceivable\",\"continuation_0\":\"a backpack\",\"continuation_1\":\"minutes\",\"id_0\":6,\"id_1\":28,\"context_0\":\"They do not have a tote bag, so they are\",\"context_1\":\"They do not have water, so they are\",\"task_type\":\"critical\",\"concept\":\"inconceivable\",\"trial_type\":\"html-button-response\",\"trial_index\":19,\"time_elapsed\":229188,\"internal_node_id\":\"0.0-1.0-0.15\",\"subject_id\":\"672212a833c451773be022fe\",\"study_id\":\"67e2c7f5c9ee767149702482\",\"session_id\":\"67e2d35a93d5c27e7dded87b\",\"rng_seed\":\"0.28775422956287744\",\"response_label\":1,\"provided_context\":true},{\"rt\":2873,\"stimulus\":\"<div style=\\\"font-size:20px;\\\"><p>Follow the instructions below.</p></div>\",\"response\":0,\"stimulus_0\":\"carrying groceries inside\",\"stimulus_1\":\"drinking a cup full of\",\"condition_0\":\"improbable\",\"condition_1\":\"inconceivable\",\"continuation_0\":\"a backpack\",\"continuation_1\":\"minutes\",\"id_0\":6,\"id_1\":28,\"context_0\":\"They do not have a tote bag, so they are\",\"context_1\":\"They do not have water, so they are\",\"task_type\":\"attention_check\",\"choices\":[\"Click This Button!\",\"Don't Click This Button!\"],\"trial_type\":\"html-button-response\",\"trial_index\":20,\"time_elapsed\":232066,\"internal_node_id\":\"0.0-1.0-1.15-0.15\",\"subject_id\":\"672212a833c451773be022fe\",\"study_id\":\"67e2c7f5c9ee767149702482\",\"session_id\":\"67e2d35a93d5c27e7dded87b\",\"rng_seed\":\"0.28775422956287744\"},{\"rt\":13648,\"stimulus\":\"<div style=\\\"font-size:20px;\\\"><p>Which scenario is more nonsensical?</p>\\n  Reminder: <strong>Nonsensical</strong> means it does not make sense due to some basic conceptual error (\\\"I painted the house with my number.\\\"). </div>\",\"response\":0,\"stimulus_0\":\"cooling a room using\",\"stimulus_1\":\"taking a vacation to\",\"condition_0\":\"inconceivable\",\"condition_1\":\"impossible\",\"continuation_0\":\"a taste\",\"continuation_1\":\"the sun\",\"id_0\":17,\"id_1\":61,\"context_0\":\"They do not have a fan, so they are\",\"context_1\":\"They are not near the beach, so they are\",\"task_type\":\"critical\",\"concept\":\"inconceivable\",\"trial_type\":\"html-button-response\",\"trial_index\":21,\"time_elapsed\":245720,\"internal_node_id\":\"0.0-1.0-0.16\",\"subject_id\":\"672212a833c451773be022fe\",\"study_id\":\"67e2c7f5c9ee767149702482\",\"session_id\":\"67e2d35a93d5c27e7dded87b\",\"rng_seed\":\"0.28775422956287744\",\"response_label\":0,\"provided_context\":true},{\"rt\":8062,\"stimulus\":\"<div style=\\\"font-size:20px;\\\"><p>Which scenario is more nonsensical?</p>\\n  Reminder: <strong>Nonsensical</strong> means it does not make sense due to some basic conceptual error (\\\"I painted the house with my number.\\\"). </div>\",\"response\":0,\"stimulus_0\":\"carving a statue using\",\"stimulus_1\":\"building a bridge out of\",\"condition_0\":\"impossible\",\"condition_1\":\"improbable\",\"continuation_0\":\"a sock\",\"continuation_1\":\"plastic\",\"id_0\":7,\"id_1\":4,\"context_0\":\"They do not have a chisel, so they are\",\"context_1\":\"They do not have any steel, so they are\",\"task_type\":\"critical\",\"concept\":\"inconceivable\",\"trial_type\":\"html-button-response\",\"trial_index\":22,\"time_elapsed\":253787,\"internal_node_id\":\"0.0-1.0-0.17\",\"subject_id\":\"672212a833c451773be022fe\",\"study_id\":\"67e2c7f5c9ee767149702482\",\"session_id\":\"67e2d35a93d5c27e7dded87b\",\"rng_seed\":\"0.28775422956287744\",\"response_label\":0,\"provided_context\":true},{\"rt\":8184,\"stimulus\":\"<div style=\\\"font-size:20px;\\\"><p>Which scenario is more nonsensical?</p>\\n  Reminder: <strong>Nonsensical</strong> means it does not make sense due to some basic conceptual error (\\\"I painted the house with my number.\\\"). </div>\",\"response\":0,\"stimulus_0\":\"filling a bucket with\",\"stimulus_1\":\"unlocking a door using\",\"condition_0\":\"impossible\",\"condition_1\":\"impossible\",\"continuation_0\":\"buildings\",\"continuation_1\":\"a marshmallow\",\"id_0\":33,\"id_1\":64,\"context_0\":\"They are not near sand, so they are\",\"context_1\":\"They do not have a key, so they are\",\"task_type\":\"critical\",\"concept\":\"inconceivable\",\"trial_type\":\"html-button-response\",\"trial_index\":23,\"time_elapsed\":261974,\"internal_node_id\":\"0.0-1.0-0.18\",\"subject_id\":\"672212a833c451773be022fe\",\"study_id\":\"67e2c7f5c9ee767149702482\",\"session_id\":\"67e2d35a93d5c27e7dded87b\",\"rng_seed\":\"0.28775422956287744\",\"response_label\":0,\"provided_context\":true},{\"rt\":10164,\"stimulus\":\"<div style=\\\"font-size:20px;\\\"><p>Which scenario is more nonsensical?</p>\\n  Reminder: <strong>Nonsensical</strong> means it does not make sense due to some basic conceptual error (\\\"I painted the house with my number.\\\"). </div>\",\"response\":1,\"stimulus_0\":\"crushing a soda can using\",\"stimulus_1\":\"shaving [POSS] beard using\",\"condition_0\":\"improbable\",\"condition_1\":\"inconceivable\",\"continuation_0\":\"a chair\",\"continuation_1\":\"a belief\",\"id_0\":20,\"id_1\":54,\"context_0\":\"They do not have a shoe, so they are\",\"context_1\":\"They do not have a razor, so they are\",\"task_type\":\"critical\",\"concept\":\"inconceivable\",\"trial_type\":\"html-button-response\",\"trial_index\":24,\"time_elapsed\":272144,\"internal_node_id\":\"0.0-1.0-0.19\",\"subject_id\":\"672212a833c451773be022fe\",\"study_id\":\"67e2c7f5c9ee767149702482\",\"session_id\":\"67e2d35a93d5c27e7dded87b\",\"rng_seed\":\"0.28775422956287744\",\"response_label\":1,\"provided_context\":true},{\"rt\":2161,\"stimulus\":\"<div style=\\\"font-size:20px;\\\"><p>Follow the instructions below.</p></div>\",\"response\":0,\"stimulus_0\":\"crushing a soda can using\",\"stimulus_1\":\"shaving [POSS] beard using\",\"condition_0\":\"improbable\",\"condition_1\":\"inconceivable\",\"continuation_0\":\"a chair\",\"continuation_1\":\"a belief\",\"id_0\":20,\"id_1\":54,\"context_0\":\"They do not have a shoe, so they are\",\"context_1\":\"They do not have a razor, so they are\",\"task_type\":\"attention_check\",\"choices\":[\"Click This Button!\",\"Don't Click This Button!\"],\"trial_type\":\"html-button-response\",\"trial_index\":25,\"time_elapsed\":274310,\"internal_node_id\":\"0.0-1.0-1.19-0.19\",\"subject_id\":\"672212a833c451773be022fe\",\"study_id\":\"67e2c7f5c9ee767149702482\",\"session_id\":\"67e2d35a93d5c27e7dded87b\",\"rng_seed\":\"0.28775422956287744\"},{\"rt\":44344,\"response\":{\"language\":\"English\",\"gender\":\"Female\",\"feedback\":\"The study is funny\"},\"trial_type\":\"survey-text\",\"trial_index\":26,\"time_elapsed\":318706,\"internal_node_id\":\"0.0-2.0\",\"subject_id\":\"672212a833c451773be022fe\",\"study_id\":\"67e2c7f5c9ee767149702482\",\"session_id\":\"67e2d35a93d5c27e7dded87b\",\"rng_seed\":\"0.28775422956287744\",\"task_type\":\"survey\"},{\"success\":true,\"completion_time\":\"2025-03-25T16:08:59.862Z\",\"exp_type\":\"gesture-beat-expt-pilot\"}]",
    "dir_path": "data/experiment_2_pilot"
}