{
    "prolific_data": {
        "subject_id": "573a34f614f69e000d7d670f",
        "study_id": "67e2c7f5c9ee767149702482",
        "session_id": "67e2d7a39633badb6090d5e9",
        "rng_seed": "0.06463812690924087"
    },
    "data": "[{\"rt\":26158,\"stimulus\":\"\\n  <div class=\\\"jspsych-content\\\" align=left style=\\\"width:100%;text-align: left;\\\">\\n  <h2>Hello, and welcome to our study!</h2>\\n      In this study, we will ask you to 25 questions.\\n      <p>\\n      In 20 of the questions, we will need your help deciding which statement is more <strong>improbable</strong>.\\n      </p>\\n      <strong>Improbable</strong> means it is possible, but unlikely (e.g., \\\"I painted the house with my hair.\\\").\\n      <p>\\n      The remaining questions will check to make sure that you are paying attention to the study.\\n      <p>\\n    <h3>IMPORTANT:</h3>\\n    <ul>\\n      <li>Respond as quickly as you can.</li>\\n      <li>Answer the questions based on what is possible given the physical laws of the real world.</li>\\n      <li>There are no right or wrong answers. We are simply interested in your intuitions.</li>\\n      </ul>\\n    Once you are done reading this page, please press SPACEBAR to continue.\\n    </p>\\n  </div>\\n  \",\"response\":\" \",\"trial_type\":\"html-keyboard-response\",\"trial_index\":0,\"time_elapsed\":26176,\"internal_node_id\":\"0.0-0.0\",\"subject_id\":\"573a34f614f69e000d7d670f\",\"study_id\":\"67e2c7f5c9ee767149702482\",\"session_id\":\"67e2d7a39633badb6090d5e9\",\"rng_seed\":\"0.06463812690924087\"},{\"rt\":16012,\"stimulus\":\"<div style=\\\"font-size:20px;\\\"><p>Which scenario is more improbable?</p>\\n  Reminder: <strong>Improbable</strong> means it is possible, but unlikely (e.g., \\\"I painted the house with my hair.\\\").</div>\",\"response\":1,\"stimulus_0\":\"crafting a bowl out of\",\"stimulus_1\":\"building a bridge out of\",\"condition_0\":\"impossible\",\"condition_1\":\"improbable\",\"continuation_0\":\"smoke\",\"continuation_1\":\"plastic\",\"id_0\":19,\"id_1\":4,\"context_0\":\"They do not have clay, so they are\",\"context_1\":\"They do not have any steel, so they are\",\"task_type\":\"critical\",\"concept\":\"improbable\",\"trial_type\":\"html-button-response\",\"trial_index\":1,\"time_elapsed\":42200,\"internal_node_id\":\"0.0-1.0-0.0\",\"subject_id\":\"573a34f614f69e000d7d670f\",\"study_id\":\"67e2c7f5c9ee767149702482\",\"session_id\":\"67e2d7a39633badb6090d5e9\",\"rng_seed\":\"0.06463812690924087\",\"response_label\":1,\"provided_context\":true},{\"rt\":6630,\"stimulus\":\"<div style=\\\"font-size:20px;\\\"><p>Which scenario is more improbable?</p>\\n  Reminder: <strong>Improbable</strong> means it is possible, but unlikely (e.g., \\\"I painted the house with my hair.\\\").</div>\",\"response\":1,\"stimulus_0\":\"taking a vacation to\",\"stimulus_1\":\"eating soup using\",\"condition_0\":\"impossible\",\"condition_1\":\"improbable\",\"continuation_0\":\"the sun\",\"continuation_1\":\"a bucket\",\"id_0\":61,\"id_1\":31,\"context_0\":\"They are not near the beach, so they are\",\"context_1\":\"They do not have a spoon, so they are\",\"task_type\":\"critical\",\"concept\":\"improbable\",\"trial_type\":\"html-button-response\",\"trial_index\":2,\"time_elapsed\":48837,\"internal_node_id\":\"0.0-1.0-0.1\",\"subject_id\":\"573a34f614f69e000d7d670f\",\"study_id\":\"67e2c7f5c9ee767149702482\",\"session_id\":\"67e2d7a39633badb6090d5e9\",\"rng_seed\":\"0.06463812690924087\",\"response_label\":1,\"provided_context\":true},{\"rt\":5514,\"stimulus\":\"<div style=\\\"font-size:20px;\\\"><p>Which scenario is more improbable?</p>\\n  Reminder: <strong>Improbable</strong> means it is possible, but unlikely (e.g., \\\"I painted the house with my hair.\\\").</div>\",\"response\":0,\"stimulus_0\":\"carving a statue using\",\"stimulus_1\":\"denting a car with\",\"condition_0\":\"impossible\",\"condition_1\":\"improbable\",\"continuation_0\":\"a sock\",\"continuation_1\":\"a dumbbell\",\"id_0\":7,\"id_1\":23,\"context_0\":\"They do not have a chisel, so they are\",\"context_1\":\"They do not have a baseball bat, so they are\",\"task_type\":\"critical\",\"concept\":\"improbable\",\"trial_type\":\"html-button-response\",\"trial_index\":3,\"time_elapsed\":54356,\"internal_node_id\":\"0.0-1.0-0.2\",\"subject_id\":\"573a34f614f69e000d7d670f\",\"study_id\":\"67e2c7f5c9ee767149702482\",\"session_id\":\"67e2d7a39633badb6090d5e9\",\"rng_seed\":\"0.06463812690924087\",\"response_label\":0,\"provided_context\":true},{\"rt\":4852,\"stimulus\":\"<div style=\\\"font-size:20px;\\\"><p>Which scenario is more improbable?</p>\\n  Reminder: <strong>Improbable</strong> means it is possible, but unlikely (e.g., \\\"I painted the house with my hair.\\\").</div>\",\"response\":0,\"stimulus_0\":\"filling a bucket with\",\"stimulus_1\":\"cooking dinner out of\",\"condition_0\":\"impossible\",\"condition_1\":\"impossible\",\"continuation_0\":\"buildings\",\"continuation_1\":\"the moon\",\"id_0\":33,\"id_1\":16,\"context_0\":\"They are not near sand, so they are\",\"context_1\":\"They do not have pasta, so they are\",\"task_type\":\"critical\",\"concept\":\"improbable\",\"trial_type\":\"html-button-response\",\"trial_index\":4,\"time_elapsed\":59212,\"internal_node_id\":\"0.0-1.0-0.3\",\"subject_id\":\"573a34f614f69e000d7d670f\",\"study_id\":\"67e2c7f5c9ee767149702482\",\"session_id\":\"67e2d7a39633badb6090d5e9\",\"rng_seed\":\"0.06463812690924087\",\"response_label\":0,\"provided_context\":true},{\"rt\":7531,\"stimulus\":\"<div style=\\\"font-size:20px;\\\"><p>Follow the instructions below.</p></div>\",\"response\":1,\"stimulus_0\":\"filling a bucket with\",\"stimulus_1\":\"cooking dinner out of\",\"condition_0\":\"impossible\",\"condition_1\":\"impossible\",\"continuation_0\":\"buildings\",\"continuation_1\":\"the moon\",\"id_0\":33,\"id_1\":16,\"context_0\":\"They are not near sand, so they are\",\"context_1\":\"They do not have pasta, so they are\",\"task_type\":\"attention_check\",\"choices\":[\"Don't Click This Button!\",\"Click This Button!\"],\"trial_type\":\"html-button-response\",\"trial_index\":5,\"time_elapsed\":66749,\"internal_node_id\":\"0.0-1.0-1.3-0.3\",\"subject_id\":\"573a34f614f69e000d7d670f\",\"study_id\":\"67e2c7f5c9ee767149702482\",\"session_id\":\"67e2d7a39633badb6090d5e9\",\"rng_seed\":\"0.06463812690924087\"},{\"rt\":4298,\"stimulus\":\"<div style=\\\"font-size:20px;\\\"><p>Which scenario is more improbable?</p>\\n  Reminder: <strong>Improbable</strong> means it is possible, but unlikely (e.g., \\\"I painted the house with my hair.\\\").</div>\",\"response\":0,\"stimulus_0\":\"carrying groceries inside\",\"stimulus_1\":\"polishing jewelry using\",\"condition_0\":\"improbable\",\"condition_1\":\"impossible\",\"continuation_0\":\"a backpack\",\"continuation_1\":\"a chainsaw\",\"id_0\":6,\"id_1\":48,\"context_0\":\"They do not have a tote bag, so they are\",\"context_1\":\"They do not have a cloth, so they are\",\"task_type\":\"critical\",\"concept\":\"improbable\",\"trial_type\":\"html-button-response\",\"trial_index\":6,\"time_elapsed\":71052,\"internal_node_id\":\"0.0-1.0-0.4\",\"subject_id\":\"573a34f614f69e000d7d670f\",\"study_id\":\"67e2c7f5c9ee767149702482\",\"session_id\":\"67e2d7a39633badb6090d5e9\",\"rng_seed\":\"0.06463812690924087\",\"response_label\":0,\"provided_context\":true},{\"rt\":4427,\"stimulus\":\"<div style=\\\"font-size:20px;\\\"><p>Which scenario is more improbable?</p>\\n  Reminder: <strong>Improbable</strong> means it is possible, but unlikely (e.g., \\\"I painted the house with my hair.\\\").</div>\",\"response\":1,\"stimulus_0\":\"shaving [POSS] beard using\",\"stimulus_1\":\"eating soup using\",\"condition_0\":\"inconceivable\",\"condition_1\":\"improbable\",\"continuation_0\":\"a belief\",\"continuation_1\":\"a bucket\",\"id_0\":54,\"id_1\":31,\"context_0\":\"They do not have a razor, so they are\",\"context_1\":\"They do not have a spoon, so they are\",\"task_type\":\"critical\",\"concept\":\"improbable\",\"trial_type\":\"html-button-response\",\"trial_index\":7,\"time_elapsed\":75485,\"internal_node_id\":\"0.0-1.0-0.5\",\"subject_id\":\"573a34f614f69e000d7d670f\",\"study_id\":\"67e2c7f5c9ee767149702482\",\"session_id\":\"67e2d7a39633badb6090d5e9\",\"rng_seed\":\"0.06463812690924087\",\"response_label\":1,\"provided_context\":true},{\"rt\":5587,\"stimulus\":\"<div style=\\\"font-size:20px;\\\"><p>Which scenario is more improbable?</p>\\n  Reminder: <strong>Improbable</strong> means it is possible, but unlikely (e.g., \\\"I painted the house with my hair.\\\").</div>\",\"response\":1,\"stimulus_0\":\"squishing a blueberry using\",\"stimulus_1\":\"polishing jewelry using\",\"condition_0\":\"improbable\",\"condition_1\":\"impossible\",\"continuation_0\":\"[POSS] nose\",\"continuation_1\":\"a chainsaw\",\"id_0\":58,\"id_1\":48,\"context_0\":\"They do not have fingers, so they are\",\"context_1\":\"They do not have a cloth, so they are\",\"task_type\":\"critical\",\"concept\":\"improbable\",\"trial_type\":\"html-button-response\",\"trial_index\":8,\"time_elapsed\":81077,\"internal_node_id\":\"0.0-1.0-0.6\",\"subject_id\":\"573a34f614f69e000d7d670f\",\"study_id\":\"67e2c7f5c9ee767149702482\",\"session_id\":\"67e2d7a39633badb6090d5e9\",\"rng_seed\":\"0.06463812690924087\",\"response_label\":1,\"provided_context\":true},{\"rt\":3411,\"stimulus\":\"<div style=\\\"font-size:20px;\\\"><p>Which scenario is more improbable?</p>\\n  Reminder: <strong>Improbable</strong> means it is possible, but unlikely (e.g., \\\"I painted the house with my hair.\\\").</div>\",\"response\":0,\"stimulus_0\":\"baking a cake inside\",\"stimulus_1\":\"cooking dinner out of\",\"condition_0\":\"inconceivable\",\"condition_1\":\"impossible\",\"continuation_0\":\"a sigh\",\"continuation_1\":\"the moon\",\"id_0\":0,\"id_1\":16,\"context_0\":\"They do not have an oven, so they are\",\"context_1\":\"They do not have pasta, so they are\",\"task_type\":\"critical\",\"concept\":\"improbable\",\"trial_type\":\"html-button-response\",\"trial_index\":9,\"time_elapsed\":84494,\"internal_node_id\":\"0.0-1.0-0.7\",\"subject_id\":\"573a34f614f69e000d7d670f\",\"study_id\":\"67e2c7f5c9ee767149702482\",\"session_id\":\"67e2d7a39633badb6090d5e9\",\"rng_seed\":\"0.06463812690924087\",\"response_label\":0,\"provided_context\":true},{\"rt\":2841,\"stimulus\":\"<div style=\\\"font-size:20px;\\\"><p>Follow the instructions below.</p></div>\",\"response\":1,\"stimulus_0\":\"baking a cake inside\",\"stimulus_1\":\"cooking dinner out of\",\"condition_0\":\"inconceivable\",\"condition_1\":\"impossible\",\"continuation_0\":\"a sigh\",\"continuation_1\":\"the moon\",\"id_0\":0,\"id_1\":16,\"context_0\":\"They do not have an oven, so they are\",\"context_1\":\"They do not have pasta, so they are\",\"task_type\":\"attention_check\",\"choices\":[\"Don't Click This Button!\",\"Click This Button!\"],\"trial_type\":\"html-button-response\",\"trial_index\":10,\"time_elapsed\":87341,\"internal_node_id\":\"0.0-1.0-1.7-0.7\",\"subject_id\":\"573a34f614f69e000d7d670f\",\"study_id\":\"67e2c7f5c9ee767149702482\",\"session_id\":\"67e2d7a39633badb6090d5e9\",\"rng_seed\":\"0.06463812690924087\"},{\"rt\":4002,\"stimulus\":\"<div style=\\\"font-size:20px;\\\"><p>Which scenario is more improbable?</p>\\n  Reminder: <strong>Improbable</strong> means it is possible, but unlikely (e.g., \\\"I painted the house with my hair.\\\").</div>\",\"response\":0,\"stimulus_0\":\"crushing a soda can using\",\"stimulus_1\":\"plucking a hair using\",\"condition_0\":\"improbable\",\"condition_1\":\"inconceivable\",\"continuation_0\":\"a chair\",\"continuation_1\":\"sympathy\",\"id_0\":20,\"id_1\":47,\"context_0\":\"They do not have a shoe, so they are\",\"context_1\":\"They do not have tweezers, so they are\",\"task_type\":\"critical\",\"concept\":\"improbable\",\"trial_type\":\"html-button-response\",\"trial_index\":11,\"time_elapsed\":91348,\"internal_node_id\":\"0.0-1.0-0.8\",\"subject_id\":\"573a34f614f69e000d7d670f\",\"study_id\":\"67e2c7f5c9ee767149702482\",\"session_id\":\"67e2d7a39633badb6090d5e9\",\"rng_seed\":\"0.06463812690924087\",\"response_label\":0,\"provided_context\":true},{\"rt\":4825,\"stimulus\":\"<div style=\\\"font-size:20px;\\\"><p>Which scenario is more improbable?</p>\\n  Reminder: <strong>Improbable</strong> means it is possible, but unlikely (e.g., \\\"I painted the house with my hair.\\\").</div>\",\"response\":0,\"stimulus_0\":\"eating soup using\",\"stimulus_1\":\"cooking dinner out of\",\"condition_0\":\"improbable\",\"condition_1\":\"impossible\",\"continuation_0\":\"a bucket\",\"continuation_1\":\"the moon\",\"id_0\":31,\"id_1\":16,\"context_0\":\"They do not have a spoon, so they are\",\"context_1\":\"They do not have pasta, so they are\",\"task_type\":\"critical\",\"concept\":\"improbable\",\"trial_type\":\"html-button-response\",\"trial_index\":12,\"time_elapsed\":96179,\"internal_node_id\":\"0.0-1.0-0.9\",\"subject_id\":\"573a34f614f69e000d7d670f\",\"study_id\":\"67e2c7f5c9ee767149702482\",\"session_id\":\"67e2d7a39633badb6090d5e9\",\"rng_seed\":\"0.06463812690924087\",\"response_label\":0,\"provided_context\":true},{\"rt\":2382,\"stimulus\":\"<div style=\\\"font-size:20px;\\\"><p>Which scenario is more improbable?</p>\\n  Reminder: <strong>Improbable</strong> means it is possible, but unlikely (e.g., \\\"I painted the house with my hair.\\\").</div>\",\"response\":0,\"stimulus_0\":\"shaving [POSS] beard using\",\"stimulus_1\":\"cooking dinner out of\",\"condition_0\":\"inconceivable\",\"condition_1\":\"impossible\",\"continuation_0\":\"a belief\",\"continuation_1\":\"the moon\",\"id_0\":54,\"id_1\":16,\"context_0\":\"They do not have a razor, so they are\",\"context_1\":\"They do not have pasta, so they are\",\"task_type\":\"critical\",\"concept\":\"improbable\",\"trial_type\":\"html-button-response\",\"trial_index\":13,\"time_elapsed\":98564,\"internal_node_id\":\"0.0-1.0-0.10\",\"subject_id\":\"573a34f614f69e000d7d670f\",\"study_id\":\"67e2c7f5c9ee767149702482\",\"session_id\":\"67e2d7a39633badb6090d5e9\",\"rng_seed\":\"0.06463812690924087\",\"response_label\":0,\"provided_context\":true},{\"rt\":2420,\"stimulus\":\"<div style=\\\"font-size:20px;\\\"><p>Which scenario is more improbable?</p>\\n  Reminder: <strong>Improbable</strong> means it is possible, but unlikely (e.g., \\\"I painted the house with my hair.\\\").</div>\",\"response\":0,\"stimulus_0\":\"shattering a window using\",\"stimulus_1\":\"cutting cardboard using\",\"condition_0\":\"impossible\",\"condition_1\":\"inconceivable\",\"continuation_0\":\"confetti\",\"continuation_1\":\"a snore\",\"id_0\":53,\"id_1\":22,\"context_0\":\"They do not have a stone, so they are\",\"context_1\":\"They do not have scissors, so they are\",\"task_type\":\"critical\",\"concept\":\"improbable\",\"trial_type\":\"html-button-response\",\"trial_index\":14,\"time_elapsed\":100989,\"internal_node_id\":\"0.0-1.0-0.11\",\"subject_id\":\"573a34f614f69e000d7d670f\",\"study_id\":\"67e2c7f5c9ee767149702482\",\"session_id\":\"67e2d7a39633badb6090d5e9\",\"rng_seed\":\"0.06463812690924087\",\"response_label\":0,\"provided_context\":true},{\"rt\":1995,\"stimulus\":\"<div style=\\\"font-size:20px;\\\"><p>Follow the instructions below.</p></div>\",\"response\":0,\"stimulus_0\":\"shattering a window using\",\"stimulus_1\":\"cutting cardboard using\",\"condition_0\":\"impossible\",\"condition_1\":\"inconceivable\",\"continuation_0\":\"confetti\",\"continuation_1\":\"a snore\",\"id_0\":53,\"id_1\":22,\"context_0\":\"They do not have a stone, so they are\",\"context_1\":\"They do not have scissors, so they are\",\"task_type\":\"attention_check\",\"choices\":[\"Click This Button!\",\"Don't Click This Button!\"],\"trial_type\":\"html-button-response\",\"trial_index\":15,\"time_elapsed\":102988,\"internal_node_id\":\"0.0-1.0-1.11-0.11\",\"subject_id\":\"573a34f614f69e000d7d670f\",\"study_id\":\"67e2c7f5c9ee767149702482\",\"session_id\":\"67e2d7a39633badb6090d5e9\",\"rng_seed\":\"0.06463812690924087\"},{\"rt\":3333,\"stimulus\":\"<div style=\\\"font-size:20px;\\\"><p>Which scenario is more improbable?</p>\\n  Reminder: <strong>Improbable</strong> means it is possible, but unlikely (e.g., \\\"I painted the house with my hair.\\\").</div>\",\"response\":1,\"stimulus_0\":\"cleaning a spill using\",\"stimulus_1\":\"carrying groceries inside\",\"condition_0\":\"inconceivable\",\"condition_1\":\"improbable\",\"continuation_0\":\"a country\",\"continuation_1\":\"a backpack\",\"id_0\":11,\"id_1\":6,\"context_0\":\"They do not have a sponge, so they are\",\"context_1\":\"They do not have a tote bag, so they are\",\"task_type\":\"critical\",\"concept\":\"improbable\",\"trial_type\":\"html-button-response\",\"trial_index\":16,\"time_elapsed\":106326,\"internal_node_id\":\"0.0-1.0-0.12\",\"subject_id\":\"573a34f614f69e000d7d670f\",\"study_id\":\"67e2c7f5c9ee767149702482\",\"session_id\":\"67e2d7a39633badb6090d5e9\",\"rng_seed\":\"0.06463812690924087\",\"response_label\":1,\"provided_context\":true},{\"rt\":2279,\"stimulus\":\"<div style=\\\"font-size:20px;\\\"><p>Which scenario is more improbable?</p>\\n  Reminder: <strong>Improbable</strong> means it is possible, but unlikely (e.g., \\\"I painted the house with my hair.\\\").</div>\",\"response\":1,\"stimulus_0\":\"catching a fish in\",\"stimulus_1\":\"cooling a room using\",\"condition_0\":\"improbable\",\"condition_1\":\"inconceivable\",\"continuation_0\":\"a puddle\",\"continuation_1\":\"a taste\",\"id_0\":8,\"id_1\":17,\"context_0\":\"They are not near a lake, so they are\",\"context_1\":\"They do not have a fan, so they are\",\"task_type\":\"critical\",\"concept\":\"improbable\",\"trial_type\":\"html-button-response\",\"trial_index\":17,\"time_elapsed\":108613,\"internal_node_id\":\"0.0-1.0-0.13\",\"subject_id\":\"573a34f614f69e000d7d670f\",\"study_id\":\"67e2c7f5c9ee767149702482\",\"session_id\":\"67e2d7a39633badb6090d5e9\",\"rng_seed\":\"0.06463812690924087\",\"response_label\":1,\"provided_context\":true},{\"rt\":1915,\"stimulus\":\"<div style=\\\"font-size:20px;\\\"><p>Which scenario is more improbable?</p>\\n  Reminder: <strong>Improbable</strong> means it is possible, but unlikely (e.g., \\\"I painted the house with my hair.\\\").</div>\",\"response\":1,\"stimulus_0\":\"catching a fish in\",\"stimulus_1\":\"digging a hole using\",\"condition_0\":\"improbable\",\"condition_1\":\"impossible\",\"continuation_0\":\"a puddle\",\"continuation_1\":\"dirt\",\"id_0\":8,\"id_1\":24,\"context_0\":\"They are not near a lake, so they are\",\"context_1\":\"They do not have a shovel, so they are\",\"task_type\":\"critical\",\"concept\":\"improbable\",\"trial_type\":\"html-button-response\",\"trial_index\":18,\"time_elapsed\":110533,\"internal_node_id\":\"0.0-1.0-0.14\",\"subject_id\":\"573a34f614f69e000d7d670f\",\"study_id\":\"67e2c7f5c9ee767149702482\",\"session_id\":\"67e2d7a39633badb6090d5e9\",\"rng_seed\":\"0.06463812690924087\",\"response_label\":1,\"provided_context\":true},{\"rt\":2476,\"stimulus\":\"<div style=\\\"font-size:20px;\\\"><p>Which scenario is more improbable?</p>\\n  Reminder: <strong>Improbable</strong> means it is possible, but unlikely (e.g., \\\"I painted the house with my hair.\\\").</div>\",\"response\":1,\"stimulus_0\":\"filling a bucket with\",\"stimulus_1\":\"unlocking a door using\",\"condition_0\":\"impossible\",\"condition_1\":\"impossible\",\"continuation_0\":\"buildings\",\"continuation_1\":\"a marshmallow\",\"id_0\":33,\"id_1\":64,\"context_0\":\"They are not near sand, so they are\",\"context_1\":\"They do not have a key, so they are\",\"task_type\":\"critical\",\"concept\":\"improbable\",\"trial_type\":\"html-button-response\",\"trial_index\":19,\"time_elapsed\":113014,\"internal_node_id\":\"0.0-1.0-0.15\",\"subject_id\":\"573a34f614f69e000d7d670f\",\"study_id\":\"67e2c7f5c9ee767149702482\",\"session_id\":\"67e2d7a39633badb6090d5e9\",\"rng_seed\":\"0.06463812690924087\",\"response_label\":1,\"provided_context\":true},{\"rt\":2098,\"stimulus\":\"<div style=\\\"font-size:20px;\\\"><p>Follow the instructions below.</p></div>\",\"response\":1,\"stimulus_0\":\"filling a bucket with\",\"stimulus_1\":\"unlocking a door using\",\"condition_0\":\"impossible\",\"condition_1\":\"impossible\",\"continuation_0\":\"buildings\",\"continuation_1\":\"a marshmallow\",\"id_0\":33,\"id_1\":64,\"context_0\":\"They are not near sand, so they are\",\"context_1\":\"They do not have a key, so they are\",\"task_type\":\"attention_check\",\"choices\":[\"Don't Click This Button!\",\"Click This Button!\"],\"trial_type\":\"html-button-response\",\"trial_index\":20,\"time_elapsed\":115117,\"internal_node_id\":\"0.0-1.0-1.15-0.15\",\"subject_id\":\"573a34f614f69e000d7d670f\",\"study_id\":\"67e2c7f5c9ee767149702482\",\"session_id\":\"67e2d7a39633badb6090d5e9\",\"rng_seed\":\"0.06463812690924087\"},{\"rt\":2442,\"stimulus\":\"<div style=\\\"font-size:20px;\\\"><p>Which scenario is more improbable?</p>\\n  Reminder: <strong>Improbable</strong> means it is possible, but unlikely (e.g., \\\"I painted the house with my hair.\\\").</div>\",\"response\":0,\"stimulus_0\":\"plucking a hair using\",\"stimulus_1\":\"unlocking a door using\",\"condition_0\":\"inconceivable\",\"condition_1\":\"impossible\",\"continuation_0\":\"sympathy\",\"continuation_1\":\"a marshmallow\",\"id_0\":47,\"id_1\":64,\"context_0\":\"They do not have tweezers, so they are\",\"context_1\":\"They do not have a key, so they are\",\"task_type\":\"critical\",\"concept\":\"improbable\",\"trial_type\":\"html-button-response\",\"trial_index\":21,\"time_elapsed\":117564,\"internal_node_id\":\"0.0-1.0-0.16\",\"subject_id\":\"573a34f614f69e000d7d670f\",\"study_id\":\"67e2c7f5c9ee767149702482\",\"session_id\":\"67e2d7a39633badb6090d5e9\",\"rng_seed\":\"0.06463812690924087\",\"response_label\":0,\"provided_context\":true},{\"rt\":2069,\"stimulus\":\"<div style=\\\"font-size:20px;\\\"><p>Which scenario is more improbable?</p>\\n  Reminder: <strong>Improbable</strong> means it is possible, but unlikely (e.g., \\\"I painted the house with my hair.\\\").</div>\",\"response\":1,\"stimulus_0\":\"eating soup using\",\"stimulus_1\":\"drying laundry using\",\"condition_0\":\"improbable\",\"condition_1\":\"improbable\",\"continuation_0\":\"a bucket\",\"continuation_1\":\"a fan\",\"id_0\":31,\"id_1\":30,\"context_0\":\"They do not have a spoon, so they are\",\"context_1\":\"They do not have a clothesline, so they are\",\"task_type\":\"critical\",\"concept\":\"improbable\",\"trial_type\":\"html-button-response\",\"trial_index\":22,\"time_elapsed\":119637,\"internal_node_id\":\"0.0-1.0-0.17\",\"subject_id\":\"573a34f614f69e000d7d670f\",\"study_id\":\"67e2c7f5c9ee767149702482\",\"session_id\":\"67e2d7a39633badb6090d5e9\",\"rng_seed\":\"0.06463812690924087\",\"response_label\":1,\"provided_context\":true},{\"rt\":2235,\"stimulus\":\"<div style=\\\"font-size:20px;\\\"><p>Which scenario is more improbable?</p>\\n  Reminder: <strong>Improbable</strong> means it is possible, but unlikely (e.g., \\\"I painted the house with my hair.\\\").</div>\",\"response\":1,\"stimulus_0\":\"shattering a window using\",\"stimulus_1\":\"writing an equation on\",\"condition_0\":\"impossible\",\"condition_1\":\"inconceivable\",\"continuation_0\":\"confetti\",\"continuation_1\":\"a scream\",\"id_0\":53,\"id_1\":69,\"context_0\":\"They do not have a stone, so they are\",\"context_1\":\"They do not have a chalkboard, so they are\",\"task_type\":\"critical\",\"concept\":\"improbable\",\"trial_type\":\"html-button-response\",\"trial_index\":23,\"time_elapsed\":121876,\"internal_node_id\":\"0.0-1.0-0.18\",\"subject_id\":\"573a34f614f69e000d7d670f\",\"study_id\":\"67e2c7f5c9ee767149702482\",\"session_id\":\"67e2d7a39633badb6090d5e9\",\"rng_seed\":\"0.06463812690924087\",\"response_label\":1,\"provided_context\":true},{\"rt\":1613,\"stimulus\":\"<div style=\\\"font-size:20px;\\\"><p>Which scenario is more improbable?</p>\\n  Reminder: <strong>Improbable</strong> means it is possible, but unlikely (e.g., \\\"I painted the house with my hair.\\\").</div>\",\"response\":0,\"stimulus_0\":\"building a bridge out of\",\"stimulus_1\":\"crafting a bowl out of\",\"condition_0\":\"improbable\",\"condition_1\":\"impossible\",\"continuation_0\":\"plastic\",\"continuation_1\":\"smoke\",\"id_0\":4,\"id_1\":19,\"context_0\":\"They do not have any steel, so they are\",\"context_1\":\"They do not have clay, so they are\",\"task_type\":\"critical\",\"concept\":\"improbable\",\"trial_type\":\"html-button-response\",\"trial_index\":24,\"time_elapsed\":123492,\"internal_node_id\":\"0.0-1.0-0.19\",\"subject_id\":\"573a34f614f69e000d7d670f\",\"study_id\":\"67e2c7f5c9ee767149702482\",\"session_id\":\"67e2d7a39633badb6090d5e9\",\"rng_seed\":\"0.06463812690924087\",\"response_label\":0,\"provided_context\":true},{\"rt\":1709,\"stimulus\":\"<div style=\\\"font-size:20px;\\\"><p>Follow the instructions below.</p></div>\",\"response\":0,\"stimulus_0\":\"building a bridge out of\",\"stimulus_1\":\"crafting a bowl out of\",\"condition_0\":\"improbable\",\"condition_1\":\"impossible\",\"continuation_0\":\"plastic\",\"continuation_1\":\"smoke\",\"id_0\":4,\"id_1\":19,\"context_0\":\"They do not have any steel, so they are\",\"context_1\":\"They do not have clay, so they are\",\"task_type\":\"attention_check\",\"choices\":[\"Click This Button!\",\"Don't Click This Button!\"],\"trial_type\":\"html-button-response\",\"trial_index\":25,\"time_elapsed\":125204,\"internal_node_id\":\"0.0-1.0-1.19-0.19\",\"subject_id\":\"573a34f614f69e000d7d670f\",\"study_id\":\"67e2c7f5c9ee767149702482\",\"session_id\":\"67e2d7a39633badb6090d5e9\",\"rng_seed\":\"0.06463812690924087\"},{\"rt\":10850,\"response\":{\"language\":\"english\",\"gender\":\"male\",\"feedback\":\"\"},\"trial_type\":\"survey-text\",\"trial_index\":26,\"time_elapsed\":136080,\"internal_node_id\":\"0.0-2.0\",\"subject_id\":\"573a34f614f69e000d7d670f\",\"study_id\":\"67e2c7f5c9ee767149702482\",\"session_id\":\"67e2d7a39633badb6090d5e9\",\"rng_seed\":\"0.06463812690924087\",\"task_type\":\"survey\"},{\"success\":true,\"completion_time\":\"2025-03-25T16:22:12.377Z\",\"exp_type\":\"gesture-beat-expt-pilot\"}]",
    "dir_path": "data/experiment_2_pilot"
}