{
    "prolific_data": {
        "subject_id": "5bb58c0c27fb5000013c51cb",
        "study_id": "67e2c7f5c9ee767149702482",
        "session_id": "67e2d26e49454f21d31bb64e",
        "rng_seed": "0.3150957509987049"
    },
    "data": "[{\"rt\":24747,\"stimulus\":\"\\n  <div class=\\\"jspsych-content\\\" align=left style=\\\"width:100%;text-align: left;\\\">\\n  <h2>Hello, and welcome to our study!</h2>\\n      In this study, we will ask you to 25 questions.\\n      <p>\\n      In 20 of the questions, we will need your help deciding which statement is more <strong>improbable</strong>.\\n      </p>\\n      <strong>Improbable</strong> means it is possible, but unlikely (e.g., \\\"I painted the house with my hair.\\\").\\n      <p>\\n      The remaining questions will check to make sure that you are paying attention to the study.\\n      <p>\\n    <h3>IMPORTANT:</h3>\\n    <ul>\\n      <li>Respond as quickly as you can.</li>\\n      <li>Answer the questions based on what is possible given the physical laws of the real world.</li>\\n      <li>There are no right or wrong answers. We are simply interested in your intuitions.</li>\\n      </ul>\\n    Once you are done reading this page, please press SPACEBAR to continue.\\n    </p>\\n  </div>\\n  \",\"response\":\" \",\"trial_type\":\"html-keyboard-response\",\"trial_index\":0,\"time_elapsed\":24751,\"internal_node_id\":\"0.0-0.0\",\"subject_id\":\"5bb58c0c27fb5000013c51cb\",\"study_id\":\"67e2c7f5c9ee767149702482\",\"session_id\":\"67e2d26e49454f21d31bb64e\",\"rng_seed\":\"0.3150957509987049\"},{\"rt\":32429,\"stimulus\":\"<div style=\\\"font-size:20px;\\\"><p>Which scenario is more improbable?</p>\\n  Reminder: <strong>Improbable</strong> means it is possible, but unlikely (e.g., \\\"I painted the house with my hair.\\\").</div>\",\"response\":0,\"stimulus_0\":\"writing an equation on\",\"stimulus_1\":\"cleaning a spill using\",\"condition_0\":\"inconceivable\",\"condition_1\":\"inconceivable\",\"continuation_0\":\"a scream\",\"continuation_1\":\"a country\",\"id_0\":69,\"id_1\":11,\"context_0\":\"They do not have a chalkboard, so they are\",\"context_1\":\"They do not have a sponge, so they are\",\"task_type\":\"critical\",\"concept\":\"improbable\",\"trial_type\":\"html-button-response\",\"trial_index\":1,\"time_elapsed\":57182,\"internal_node_id\":\"0.0-1.0-0.0\",\"subject_id\":\"5bb58c0c27fb5000013c51cb\",\"study_id\":\"67e2c7f5c9ee767149702482\",\"session_id\":\"67e2d26e49454f21d31bb64e\",\"rng_seed\":\"0.3150957509987049\",\"response_label\":0,\"provided_context\":true},{\"rt\":11687,\"stimulus\":\"<div style=\\\"font-size:20px;\\\"><p>Which scenario is more improbable?</p>\\n  Reminder: <strong>Improbable</strong> means it is possible, but unlikely (e.g., \\\"I painted the house with my hair.\\\").</div>\",\"response\":0,\"stimulus_0\":\"building a bridge out of\",\"stimulus_1\":\"digging a hole using\",\"condition_0\":\"improbable\",\"condition_1\":\"impossible\",\"continuation_0\":\"plastic\",\"continuation_1\":\"dirt\",\"id_0\":4,\"id_1\":24,\"context_0\":\"They do not have any steel, so they are\",\"context_1\":\"They do not have a shovel, so they are\",\"task_type\":\"critical\",\"concept\":\"improbable\",\"trial_type\":\"html-button-response\",\"trial_index\":2,\"time_elapsed\":68870,\"internal_node_id\":\"0.0-1.0-0.1\",\"subject_id\":\"5bb58c0c27fb5000013c51cb\",\"study_id\":\"67e2c7f5c9ee767149702482\",\"session_id\":\"67e2d26e49454f21d31bb64e\",\"rng_seed\":\"0.3150957509987049\",\"response_label\":0,\"provided_context\":true},{\"rt\":40527,\"stimulus\":\"<div style=\\\"font-size:20px;\\\"><p>Which scenario is more improbable?</p>\\n  Reminder: <strong>Improbable</strong> means it is possible, but unlikely (e.g., \\\"I painted the house with my hair.\\\").</div>\",\"response\":0,\"stimulus_0\":\"carving a statue using\",\"stimulus_1\":\"shaving [POSS] beard using\",\"condition_0\":\"impossible\",\"condition_1\":\"inconceivable\",\"continuation_0\":\"a sock\",\"continuation_1\":\"a belief\",\"id_0\":7,\"id_1\":54,\"context_0\":\"They do not have a chisel, so they are\",\"context_1\":\"They do not have a razor, so they are\",\"task_type\":\"critical\",\"concept\":\"improbable\",\"trial_type\":\"html-button-response\",\"trial_index\":3,\"time_elapsed\":109398,\"internal_node_id\":\"0.0-1.0-0.2\",\"subject_id\":\"5bb58c0c27fb5000013c51cb\",\"study_id\":\"67e2c7f5c9ee767149702482\",\"session_id\":\"67e2d26e49454f21d31bb64e\",\"rng_seed\":\"0.3150957509987049\",\"response_label\":0,\"provided_context\":true},{\"rt\":8727,\"stimulus\":\"<div style=\\\"font-size:20px;\\\"><p>Which scenario is more improbable?</p>\\n  Reminder: <strong>Improbable</strong> means it is possible, but unlikely (e.g., \\\"I painted the house with my hair.\\\").</div>\",\"response\":0,\"stimulus_0\":\"building a bridge out of\",\"stimulus_1\":\"cutting cardboard using\",\"condition_0\":\"improbable\",\"condition_1\":\"inconceivable\",\"continuation_0\":\"plastic\",\"continuation_1\":\"a snore\",\"id_0\":4,\"id_1\":22,\"context_0\":\"They do not have any steel, so they are\",\"context_1\":\"They do not have scissors, so they are\",\"task_type\":\"critical\",\"concept\":\"improbable\",\"trial_type\":\"html-button-response\",\"trial_index\":4,\"time_elapsed\":118126,\"internal_node_id\":\"0.0-1.0-0.3\",\"subject_id\":\"5bb58c0c27fb5000013c51cb\",\"study_id\":\"67e2c7f5c9ee767149702482\",\"session_id\":\"67e2d26e49454f21d31bb64e\",\"rng_seed\":\"0.3150957509987049\",\"response_label\":0,\"provided_context\":true},{\"rt\":5847,\"stimulus\":\"<div style=\\\"font-size:20px;\\\"><p>Follow the instructions below.</p></div>\",\"response\":0,\"stimulus_0\":\"building a bridge out of\",\"stimulus_1\":\"cutting cardboard using\",\"condition_0\":\"improbable\",\"condition_1\":\"inconceivable\",\"continuation_0\":\"plastic\",\"continuation_1\":\"a snore\",\"id_0\":4,\"id_1\":22,\"context_0\":\"They do not have any steel, so they are\",\"context_1\":\"They do not have scissors, so they are\",\"task_type\":\"attention_check\",\"choices\":[\"Click This Button!\",\"Don't Click This Button!\"],\"trial_type\":\"html-button-response\",\"trial_index\":5,\"time_elapsed\":123974,\"internal_node_id\":\"0.0-1.0-1.3-0.3\",\"subject_id\":\"5bb58c0c27fb5000013c51cb\",\"study_id\":\"67e2c7f5c9ee767149702482\",\"session_id\":\"67e2d26e49454f21d31bb64e\",\"rng_seed\":\"0.3150957509987049\"},{\"rt\":7007,\"stimulus\":\"<div style=\\\"font-size:20px;\\\"><p>Which scenario is more improbable?</p>\\n  Reminder: <strong>Improbable</strong> means it is possible, but unlikely (e.g., \\\"I painted the house with my hair.\\\").</div>\",\"response\":0,\"stimulus_0\":\"drying laundry using\",\"stimulus_1\":\"shattering a window using\",\"condition_0\":\"improbable\",\"condition_1\":\"impossible\",\"continuation_0\":\"a fan\",\"continuation_1\":\"confetti\",\"id_0\":30,\"id_1\":53,\"context_0\":\"They do not have a clothesline, so they are\",\"context_1\":\"They do not have a stone, so they are\",\"task_type\":\"critical\",\"concept\":\"improbable\",\"trial_type\":\"html-button-response\",\"trial_index\":6,\"time_elapsed\":130982,\"internal_node_id\":\"0.0-1.0-0.4\",\"subject_id\":\"5bb58c0c27fb5000013c51cb\",\"study_id\":\"67e2c7f5c9ee767149702482\",\"session_id\":\"67e2d26e49454f21d31bb64e\",\"rng_seed\":\"0.3150957509987049\",\"response_label\":0,\"provided_context\":true},{\"rt\":8783,\"stimulus\":\"<div style=\\\"font-size:20px;\\\"><p>Which scenario is more improbable?</p>\\n  Reminder: <strong>Improbable</strong> means it is possible, but unlikely (e.g., \\\"I painted the house with my hair.\\\").</div>\",\"response\":1,\"stimulus_0\":\"baking a cake inside\",\"stimulus_1\":\"drying laundry using\",\"condition_0\":\"inconceivable\",\"condition_1\":\"improbable\",\"continuation_0\":\"a sigh\",\"continuation_1\":\"a fan\",\"id_0\":0,\"id_1\":30,\"context_0\":\"They do not have an oven, so they are\",\"context_1\":\"They do not have a clothesline, so they are\",\"task_type\":\"critical\",\"concept\":\"improbable\",\"trial_type\":\"html-button-response\",\"trial_index\":7,\"time_elapsed\":139766,\"internal_node_id\":\"0.0-1.0-0.5\",\"subject_id\":\"5bb58c0c27fb5000013c51cb\",\"study_id\":\"67e2c7f5c9ee767149702482\",\"session_id\":\"67e2d26e49454f21d31bb64e\",\"rng_seed\":\"0.3150957509987049\",\"response_label\":1,\"provided_context\":true},{\"rt\":7415,\"stimulus\":\"<div style=\\\"font-size:20px;\\\"><p>Which scenario is more improbable?</p>\\n  Reminder: <strong>Improbable</strong> means it is possible, but unlikely (e.g., \\\"I painted the house with my hair.\\\").</div>\",\"response\":1,\"stimulus_0\":\"carving a statue using\",\"stimulus_1\":\"carrying groceries inside\",\"condition_0\":\"impossible\",\"condition_1\":\"improbable\",\"continuation_0\":\"a sock\",\"continuation_1\":\"a backpack\",\"id_0\":7,\"id_1\":6,\"context_0\":\"They do not have a chisel, so they are\",\"context_1\":\"They do not have a tote bag, so they are\",\"task_type\":\"critical\",\"concept\":\"improbable\",\"trial_type\":\"html-button-response\",\"trial_index\":8,\"time_elapsed\":147182,\"internal_node_id\":\"0.0-1.0-0.6\",\"subject_id\":\"5bb58c0c27fb5000013c51cb\",\"study_id\":\"67e2c7f5c9ee767149702482\",\"session_id\":\"67e2d26e49454f21d31bb64e\",\"rng_seed\":\"0.3150957509987049\",\"response_label\":1,\"provided_context\":true},{\"rt\":10663,\"stimulus\":\"<div style=\\\"font-size:20px;\\\"><p>Which scenario is more improbable?</p>\\n  Reminder: <strong>Improbable</strong> means it is possible, but unlikely (e.g., \\\"I painted the house with my hair.\\\").</div>\",\"response\":0,\"stimulus_0\":\"carrying groceries inside\",\"stimulus_1\":\"squishing a blueberry using\",\"condition_0\":\"improbable\",\"condition_1\":\"improbable\",\"continuation_0\":\"a backpack\",\"continuation_1\":\"[POSS] nose\",\"id_0\":6,\"id_1\":58,\"context_0\":\"They do not have a tote bag, so they are\",\"context_1\":\"They do not have fingers, so they are\",\"task_type\":\"critical\",\"concept\":\"improbable\",\"trial_type\":\"html-button-response\",\"trial_index\":9,\"time_elapsed\":157846,\"internal_node_id\":\"0.0-1.0-0.7\",\"subject_id\":\"5bb58c0c27fb5000013c51cb\",\"study_id\":\"67e2c7f5c9ee767149702482\",\"session_id\":\"67e2d26e49454f21d31bb64e\",\"rng_seed\":\"0.3150957509987049\",\"response_label\":0,\"provided_context\":true},{\"rt\":2703,\"stimulus\":\"<div style=\\\"font-size:20px;\\\"><p>Follow the instructions below.</p></div>\",\"response\":1,\"stimulus_0\":\"carrying groceries inside\",\"stimulus_1\":\"squishing a blueberry using\",\"condition_0\":\"improbable\",\"condition_1\":\"improbable\",\"continuation_0\":\"a backpack\",\"continuation_1\":\"[POSS] nose\",\"id_0\":6,\"id_1\":58,\"context_0\":\"They do not have a tote bag, so they are\",\"context_1\":\"They do not have fingers, so they are\",\"task_type\":\"attention_check\",\"choices\":[\"Don't Click This Button!\",\"Click This Button!\"],\"trial_type\":\"html-button-response\",\"trial_index\":10,\"time_elapsed\":160550,\"internal_node_id\":\"0.0-1.0-1.7-0.7\",\"subject_id\":\"5bb58c0c27fb5000013c51cb\",\"study_id\":\"67e2c7f5c9ee767149702482\",\"session_id\":\"67e2d26e49454f21d31bb64e\",\"rng_seed\":\"0.3150957509987049\"},{\"rt\":7079,\"stimulus\":\"<div style=\\\"font-size:20px;\\\"><p>Which scenario is more improbable?</p>\\n  Reminder: <strong>Improbable</strong> means it is possible, but unlikely (e.g., \\\"I painted the house with my hair.\\\").</div>\",\"response\":1,\"stimulus_0\":\"shaving [POSS] beard using\",\"stimulus_1\":\"sewing a shirt using\",\"condition_0\":\"inconceivable\",\"condition_1\":\"improbable\",\"continuation_0\":\"a belief\",\"continuation_1\":\"a toothpick\",\"id_0\":54,\"id_1\":52,\"context_0\":\"They do not have a razor, so they are\",\"context_1\":\"They do not have a needle, so they are\",\"task_type\":\"critical\",\"concept\":\"improbable\",\"trial_type\":\"html-button-response\",\"trial_index\":11,\"time_elapsed\":167629,\"internal_node_id\":\"0.0-1.0-0.8\",\"subject_id\":\"5bb58c0c27fb5000013c51cb\",\"study_id\":\"67e2c7f5c9ee767149702482\",\"session_id\":\"67e2d26e49454f21d31bb64e\",\"rng_seed\":\"0.3150957509987049\",\"response_label\":1,\"provided_context\":true},{\"rt\":10647,\"stimulus\":\"<div style=\\\"font-size:20px;\\\"><p>Which scenario is more improbable?</p>\\n  Reminder: <strong>Improbable</strong> means it is possible, but unlikely (e.g., \\\"I painted the house with my hair.\\\").</div>\",\"response\":0,\"stimulus_0\":\"squishing a blueberry using\",\"stimulus_1\":\"cooling a room using\",\"condition_0\":\"improbable\",\"condition_1\":\"inconceivable\",\"continuation_0\":\"[POSS] nose\",\"continuation_1\":\"a taste\",\"id_0\":58,\"id_1\":17,\"context_0\":\"They do not have fingers, so they are\",\"context_1\":\"They do not have a fan, so they are\",\"task_type\":\"critical\",\"concept\":\"improbable\",\"trial_type\":\"html-button-response\",\"trial_index\":12,\"time_elapsed\":178278,\"internal_node_id\":\"0.0-1.0-0.9\",\"subject_id\":\"5bb58c0c27fb5000013c51cb\",\"study_id\":\"67e2c7f5c9ee767149702482\",\"session_id\":\"67e2d26e49454f21d31bb64e\",\"rng_seed\":\"0.3150957509987049\",\"response_label\":0,\"provided_context\":true},{\"rt\":6551,\"stimulus\":\"<div style=\\\"font-size:20px;\\\"><p>Which scenario is more improbable?</p>\\n  Reminder: <strong>Improbable</strong> means it is possible, but unlikely (e.g., \\\"I painted the house with my hair.\\\").</div>\",\"response\":0,\"stimulus_0\":\"hanging a painting using\",\"stimulus_1\":\"shaving [POSS] beard using\",\"condition_0\":\"inconceivable\",\"condition_1\":\"inconceivable\",\"continuation_0\":\"a handshake\",\"continuation_1\":\"a belief\",\"id_0\":36,\"id_1\":54,\"context_0\":\"They do not have screws, so they are\",\"context_1\":\"They do not have a razor, so they are\",\"task_type\":\"critical\",\"concept\":\"improbable\",\"trial_type\":\"html-button-response\",\"trial_index\":13,\"time_elapsed\":184830,\"internal_node_id\":\"0.0-1.0-0.10\",\"subject_id\":\"5bb58c0c27fb5000013c51cb\",\"study_id\":\"67e2c7f5c9ee767149702482\",\"session_id\":\"67e2d26e49454f21d31bb64e\",\"rng_seed\":\"0.3150957509987049\",\"response_label\":0,\"provided_context\":true},{\"rt\":3799,\"stimulus\":\"<div style=\\\"font-size:20px;\\\"><p>Which scenario is more improbable?</p>\\n  Reminder: <strong>Improbable</strong> means it is possible, but unlikely (e.g., \\\"I painted the house with my hair.\\\").</div>\",\"response\":1,\"stimulus_0\":\"baking a cake inside\",\"stimulus_1\":\"building a bridge out of\",\"condition_0\":\"inconceivable\",\"condition_1\":\"improbable\",\"continuation_0\":\"a sigh\",\"continuation_1\":\"plastic\",\"id_0\":0,\"id_1\":4,\"context_0\":\"They do not have an oven, so they are\",\"context_1\":\"They do not have any steel, so they are\",\"task_type\":\"critical\",\"concept\":\"improbable\",\"trial_type\":\"html-button-response\",\"trial_index\":14,\"time_elapsed\":188629,\"internal_node_id\":\"0.0-1.0-0.11\",\"subject_id\":\"5bb58c0c27fb5000013c51cb\",\"study_id\":\"67e2c7f5c9ee767149702482\",\"session_id\":\"67e2d26e49454f21d31bb64e\",\"rng_seed\":\"0.3150957509987049\",\"response_label\":1,\"provided_context\":true},{\"rt\":2239,\"stimulus\":\"<div style=\\\"font-size:20px;\\\"><p>Follow the instructions below.</p></div>\",\"response\":0,\"stimulus_0\":\"baking a cake inside\",\"stimulus_1\":\"building a bridge out of\",\"condition_0\":\"inconceivable\",\"condition_1\":\"improbable\",\"continuation_0\":\"a sigh\",\"continuation_1\":\"plastic\",\"id_0\":0,\"id_1\":4,\"context_0\":\"They do not have an oven, so they are\",\"context_1\":\"They do not have any steel, so they are\",\"task_type\":\"attention_check\",\"choices\":[\"Click This Button!\",\"Don't Click This Button!\"],\"trial_type\":\"html-button-response\",\"trial_index\":15,\"time_elapsed\":190870,\"internal_node_id\":\"0.0-1.0-1.11-0.11\",\"subject_id\":\"5bb58c0c27fb5000013c51cb\",\"study_id\":\"67e2c7f5c9ee767149702482\",\"session_id\":\"67e2d26e49454f21d31bb64e\",\"rng_seed\":\"0.3150957509987049\"},{\"rt\":5007,\"stimulus\":\"<div style=\\\"font-size:20px;\\\"><p>Which scenario is more improbable?</p>\\n  Reminder: <strong>Improbable</strong> means it is possible, but unlikely (e.g., \\\"I painted the house with my hair.\\\").</div>\",\"response\":1,\"stimulus_0\":\"cleaning a spill using\",\"stimulus_1\":\"drying laundry using\",\"condition_0\":\"inconceivable\",\"condition_1\":\"improbable\",\"continuation_0\":\"a country\",\"continuation_1\":\"a fan\",\"id_0\":11,\"id_1\":30,\"context_0\":\"They do not have a sponge, so they are\",\"context_1\":\"They do not have a clothesline, so they are\",\"task_type\":\"critical\",\"concept\":\"improbable\",\"trial_type\":\"html-button-response\",\"trial_index\":16,\"time_elapsed\":195877,\"internal_node_id\":\"0.0-1.0-0.12\",\"subject_id\":\"5bb58c0c27fb5000013c51cb\",\"study_id\":\"67e2c7f5c9ee767149702482\",\"session_id\":\"67e2d26e49454f21d31bb64e\",\"rng_seed\":\"0.3150957509987049\",\"response_label\":1,\"provided_context\":true},{\"rt\":11231,\"stimulus\":\"<div style=\\\"font-size:20px;\\\"><p>Which scenario is more improbable?</p>\\n  Reminder: <strong>Improbable</strong> means it is possible, but unlikely (e.g., \\\"I painted the house with my hair.\\\").</div>\",\"response\":1,\"stimulus_0\":\"drinking a cup full of\",\"stimulus_1\":\"unlocking a door using\",\"condition_0\":\"inconceivable\",\"condition_1\":\"impossible\",\"continuation_0\":\"minutes\",\"continuation_1\":\"a marshmallow\",\"id_0\":28,\"id_1\":64,\"context_0\":\"They do not have water, so they are\",\"context_1\":\"They do not have a key, so they are\",\"task_type\":\"critical\",\"concept\":\"improbable\",\"trial_type\":\"html-button-response\",\"trial_index\":17,\"time_elapsed\":207110,\"internal_node_id\":\"0.0-1.0-0.13\",\"subject_id\":\"5bb58c0c27fb5000013c51cb\",\"study_id\":\"67e2c7f5c9ee767149702482\",\"session_id\":\"67e2d26e49454f21d31bb64e\",\"rng_seed\":\"0.3150957509987049\",\"response_label\":1,\"provided_context\":true},{\"rt\":17983,\"stimulus\":\"<div style=\\\"font-size:20px;\\\"><p>Which scenario is more improbable?</p>\\n  Reminder: <strong>Improbable</strong> means it is possible, but unlikely (e.g., \\\"I painted the house with my hair.\\\").</div>\",\"response\":0,\"stimulus_0\":\"cooling a room using\",\"stimulus_1\":\"crafting a bowl out of\",\"condition_0\":\"inconceivable\",\"condition_1\":\"impossible\",\"continuation_0\":\"a taste\",\"continuation_1\":\"smoke\",\"id_0\":17,\"id_1\":19,\"context_0\":\"They do not have a fan, so they are\",\"context_1\":\"They do not have clay, so they are\",\"task_type\":\"critical\",\"concept\":\"improbable\",\"trial_type\":\"html-button-response\",\"trial_index\":18,\"time_elapsed\":225094,\"internal_node_id\":\"0.0-1.0-0.14\",\"subject_id\":\"5bb58c0c27fb5000013c51cb\",\"study_id\":\"67e2c7f5c9ee767149702482\",\"session_id\":\"67e2d26e49454f21d31bb64e\",\"rng_seed\":\"0.3150957509987049\",\"response_label\":0,\"provided_context\":true},{\"rt\":8687,\"stimulus\":\"<div style=\\\"font-size:20px;\\\"><p>Which scenario is more improbable?</p>\\n  Reminder: <strong>Improbable</strong> means it is possible, but unlikely (e.g., \\\"I painted the house with my hair.\\\").</div>\",\"response\":1,\"stimulus_0\":\"catching a fish in\",\"stimulus_1\":\"carrying groceries inside\",\"condition_0\":\"improbable\",\"condition_1\":\"improbable\",\"continuation_0\":\"a puddle\",\"continuation_1\":\"a backpack\",\"id_0\":8,\"id_1\":6,\"context_0\":\"They are not near a lake, so they are\",\"context_1\":\"They do not have a tote bag, so they are\",\"task_type\":\"critical\",\"concept\":\"improbable\",\"trial_type\":\"html-button-response\",\"trial_index\":19,\"time_elapsed\":233781,\"internal_node_id\":\"0.0-1.0-0.15\",\"subject_id\":\"5bb58c0c27fb5000013c51cb\",\"study_id\":\"67e2c7f5c9ee767149702482\",\"session_id\":\"67e2d26e49454f21d31bb64e\",\"rng_seed\":\"0.3150957509987049\",\"response_label\":1,\"provided_context\":true},{\"rt\":1887,\"stimulus\":\"<div style=\\\"font-size:20px;\\\"><p>Follow the instructions below.</p></div>\",\"response\":0,\"stimulus_0\":\"catching a fish in\",\"stimulus_1\":\"carrying groceries inside\",\"condition_0\":\"improbable\",\"condition_1\":\"improbable\",\"continuation_0\":\"a puddle\",\"continuation_1\":\"a backpack\",\"id_0\":8,\"id_1\":6,\"context_0\":\"They are not near a lake, so they are\",\"context_1\":\"They do not have a tote bag, so they are\",\"task_type\":\"attention_check\",\"choices\":[\"Click This Button!\",\"Don't Click This Button!\"],\"trial_type\":\"html-button-response\",\"trial_index\":20,\"time_elapsed\":235669,\"internal_node_id\":\"0.0-1.0-1.15-0.15\",\"subject_id\":\"5bb58c0c27fb5000013c51cb\",\"study_id\":\"67e2c7f5c9ee767149702482\",\"session_id\":\"67e2d26e49454f21d31bb64e\",\"rng_seed\":\"0.3150957509987049\"},{\"rt\":5008,\"stimulus\":\"<div style=\\\"font-size:20px;\\\"><p>Which scenario is more improbable?</p>\\n  Reminder: <strong>Improbable</strong> means it is possible, but unlikely (e.g., \\\"I painted the house with my hair.\\\").</div>\",\"response\":0,\"stimulus_0\":\"carving a statue using\",\"stimulus_1\":\"baking a cake inside\",\"condition_0\":\"impossible\",\"condition_1\":\"inconceivable\",\"continuation_0\":\"a sock\",\"continuation_1\":\"a sigh\",\"id_0\":7,\"id_1\":0,\"context_0\":\"They do not have a chisel, so they are\",\"context_1\":\"They do not have an oven, so they are\",\"task_type\":\"critical\",\"concept\":\"improbable\",\"trial_type\":\"html-button-response\",\"trial_index\":21,\"time_elapsed\":240678,\"internal_node_id\":\"0.0-1.0-0.16\",\"subject_id\":\"5bb58c0c27fb5000013c51cb\",\"study_id\":\"67e2c7f5c9ee767149702482\",\"session_id\":\"67e2d26e49454f21d31bb64e\",\"rng_seed\":\"0.3150957509987049\",\"response_label\":0,\"provided_context\":true},{\"rt\":5511,\"stimulus\":\"<div style=\\\"font-size:20px;\\\"><p>Which scenario is more improbable?</p>\\n  Reminder: <strong>Improbable</strong> means it is possible, but unlikely (e.g., \\\"I painted the house with my hair.\\\").</div>\",\"response\":1,\"stimulus_0\":\"squishing a blueberry using\",\"stimulus_1\":\"eating soup using\",\"condition_0\":\"improbable\",\"condition_1\":\"improbable\",\"continuation_0\":\"[POSS] nose\",\"continuation_1\":\"a bucket\",\"id_0\":58,\"id_1\":31,\"context_0\":\"They do not have fingers, so they are\",\"context_1\":\"They do not have a spoon, so they are\",\"task_type\":\"critical\",\"concept\":\"improbable\",\"trial_type\":\"html-button-response\",\"trial_index\":22,\"time_elapsed\":246190,\"internal_node_id\":\"0.0-1.0-0.17\",\"subject_id\":\"5bb58c0c27fb5000013c51cb\",\"study_id\":\"67e2c7f5c9ee767149702482\",\"session_id\":\"67e2d26e49454f21d31bb64e\",\"rng_seed\":\"0.3150957509987049\",\"response_label\":1,\"provided_context\":true},{\"rt\":2414,\"stimulus\":\"<div style=\\\"font-size:20px;\\\"><p>Which scenario is more improbable?</p>\\n  Reminder: <strong>Improbable</strong> means it is possible, but unlikely (e.g., \\\"I painted the house with my hair.\\\").</div>\",\"response\":1,\"stimulus_0\":\"filling a bucket with\",\"stimulus_1\":\"digging a hole using\",\"condition_0\":\"impossible\",\"condition_1\":\"impossible\",\"continuation_0\":\"buildings\",\"continuation_1\":\"dirt\",\"id_0\":33,\"id_1\":24,\"context_0\":\"They are not near sand, so they are\",\"context_1\":\"They do not have a shovel, so they are\",\"task_type\":\"critical\",\"concept\":\"improbable\",\"trial_type\":\"html-button-response\",\"trial_index\":23,\"time_elapsed\":248605,\"internal_node_id\":\"0.0-1.0-0.18\",\"subject_id\":\"5bb58c0c27fb5000013c51cb\",\"study_id\":\"67e2c7f5c9ee767149702482\",\"session_id\":\"67e2d26e49454f21d31bb64e\",\"rng_seed\":\"0.3150957509987049\",\"response_label\":1,\"provided_context\":true},{\"rt\":6288,\"stimulus\":\"<div style=\\\"font-size:20px;\\\"><p>Which scenario is more improbable?</p>\\n  Reminder: <strong>Improbable</strong> means it is possible, but unlikely (e.g., \\\"I painted the house with my hair.\\\").</div>\",\"response\":1,\"stimulus_0\":\"cleaning a spill using\",\"stimulus_1\":\"drinking a cup full of\",\"condition_0\":\"inconceivable\",\"condition_1\":\"inconceivable\",\"continuation_0\":\"a country\",\"continuation_1\":\"minutes\",\"id_0\":11,\"id_1\":28,\"context_0\":\"They do not have a sponge, so they are\",\"context_1\":\"They do not have water, so they are\",\"task_type\":\"critical\",\"concept\":\"improbable\",\"trial_type\":\"html-button-response\",\"trial_index\":24,\"time_elapsed\":254894,\"internal_node_id\":\"0.0-1.0-0.19\",\"subject_id\":\"5bb58c0c27fb5000013c51cb\",\"study_id\":\"67e2c7f5c9ee767149702482\",\"session_id\":\"67e2d26e49454f21d31bb64e\",\"rng_seed\":\"0.3150957509987049\",\"response_label\":1,\"provided_context\":true},{\"rt\":1167,\"stimulus\":\"<div style=\\\"font-size:20px;\\\"><p>Follow the instructions below.</p></div>\",\"response\":1,\"stimulus_0\":\"cleaning a spill using\",\"stimulus_1\":\"drinking a cup full of\",\"condition_0\":\"inconceivable\",\"condition_1\":\"inconceivable\",\"continuation_0\":\"a country\",\"continuation_1\":\"minutes\",\"id_0\":11,\"id_1\":28,\"context_0\":\"They do not have a sponge, so they are\",\"context_1\":\"They do not have water, so they are\",\"task_type\":\"attention_check\",\"choices\":[\"Don't Click This Button!\",\"Click This Button!\"],\"trial_type\":\"html-button-response\",\"trial_index\":25,\"time_elapsed\":256062,\"internal_node_id\":\"0.0-1.0-1.19-0.19\",\"subject_id\":\"5bb58c0c27fb5000013c51cb\",\"study_id\":\"67e2c7f5c9ee767149702482\",\"session_id\":\"67e2d26e49454f21d31bb64e\",\"rng_seed\":\"0.3150957509987049\"},{\"rt\":10888,\"response\":{\"language\":\"Korean\",\"gender\":\"44\",\"feedback\":\"\"},\"trial_type\":\"survey-text\",\"trial_index\":26,\"time_elapsed\":266966,\"internal_node_id\":\"0.0-2.0\",\"subject_id\":\"5bb58c0c27fb5000013c51cb\",\"study_id\":\"67e2c7f5c9ee767149702482\",\"session_id\":\"67e2d26e49454f21d31bb64e\",\"rng_seed\":\"0.3150957509987049\",\"task_type\":\"survey\"},{\"success\":true,\"completion_time\":\"2025-03-25T16:02:53.523Z\",\"exp_type\":\"gesture-beat-expt-pilot\"}]",
    "dir_path": "data/experiment_2_pilot"
}