{
    "prolific_data": {
        "subject_id": "67191218806a2b419b243e5c",
        "study_id": "67e2c7f5c9ee767149702482",
        "session_id": "67e2cafc49ca85d1c35401dd",
        "rng_seed": "0.3989711712165298"
    },
    "data": "[{\"rt\":13686,\"stimulus\":\"\\n  <div class=\\\"jspsych-content\\\" align=left style=\\\"width:100%;text-align: left;\\\">\\n  <h2>Hello, and welcome to our study!</h2>\\n      In this study, we will ask you to 25 questions.\\n      <p>\\n      In 20 of the questions, we will need your help deciding which statement is more <strong>improbable</strong>.\\n      </p>\\n      <strong>Improbable</strong> means it is possible, but unlikely (e.g., \\\"I painted the house with my hair.\\\").\\n      <p>\\n      The remaining questions will check to make sure that you are paying attention to the study.\\n      <p>\\n    <h3>IMPORTANT:</h3>\\n    <ul>\\n      <li>Respond as quickly as you can.</li>\\n      <li>Answer the questions based on what is possible given the physical laws of the real world.</li>\\n      <li>There are no right or wrong answers. We are simply interested in your intuitions.</li>\\n      </ul>\\n    Once you are done reading this page, please press SPACEBAR to continue.\\n    </p>\\n  </div>\\n  \",\"response\":\" \",\"trial_type\":\"html-keyboard-response\",\"trial_index\":0,\"time_elapsed\":13692,\"internal_node_id\":\"0.0-0.0\",\"subject_id\":\"67191218806a2b419b243e5c\",\"study_id\":\"67e2c7f5c9ee767149702482\",\"session_id\":\"67e2cafc49ca85d1c35401dd\",\"rng_seed\":\"0.3989711712165298\"},{\"rt\":10886,\"stimulus\":\"<div style=\\\"font-size:20px;\\\"><p>Which scenario is more improbable?</p>\\n  Reminder: <strong>Improbable</strong> means it is possible, but unlikely (e.g., \\\"I painted the house with my hair.\\\").</div>\",\"response\":0,\"stimulus_0\":\"denting a car with\",\"stimulus_1\":\"writing an equation on\",\"condition_0\":\"improbable\",\"condition_1\":\"inconceivable\",\"continuation_0\":\"a dumbbell\",\"continuation_1\":\"a scream\",\"id_0\":23,\"id_1\":69,\"context_0\":\"They do not have a baseball bat, so they are\",\"context_1\":\"They do not have a chalkboard, so they are\",\"task_type\":\"critical\",\"concept\":\"improbable\",\"trial_type\":\"html-button-response\",\"trial_index\":1,\"time_elapsed\":24581,\"internal_node_id\":\"0.0-1.0-0.0\",\"subject_id\":\"67191218806a2b419b243e5c\",\"study_id\":\"67e2c7f5c9ee767149702482\",\"session_id\":\"67e2cafc49ca85d1c35401dd\",\"rng_seed\":\"0.3989711712165298\",\"response_label\":0,\"provided_context\":true},{\"rt\":9176,\"stimulus\":\"<div style=\\\"font-size:20px;\\\"><p>Which scenario is more improbable?</p>\\n  Reminder: <strong>Improbable</strong> means it is possible, but unlikely (e.g., \\\"I painted the house with my hair.\\\").</div>\",\"response\":0,\"stimulus_0\":\"drinking a cup full of\",\"stimulus_1\":\"eating soup using\",\"condition_0\":\"inconceivable\",\"condition_1\":\"improbable\",\"continuation_0\":\"minutes\",\"continuation_1\":\"a bucket\",\"id_0\":28,\"id_1\":31,\"context_0\":\"They do not have water, so they are\",\"context_1\":\"They do not have a spoon, so they are\",\"task_type\":\"critical\",\"concept\":\"improbable\",\"trial_type\":\"html-button-response\",\"trial_index\":2,\"time_elapsed\":33759,\"internal_node_id\":\"0.0-1.0-0.1\",\"subject_id\":\"67191218806a2b419b243e5c\",\"study_id\":\"67e2c7f5c9ee767149702482\",\"session_id\":\"67e2cafc49ca85d1c35401dd\",\"rng_seed\":\"0.3989711712165298\",\"response_label\":0,\"provided_context\":true},{\"rt\":4365,\"stimulus\":\"<div style=\\\"font-size:20px;\\\"><p>Which scenario is more improbable?</p>\\n  Reminder: <strong>Improbable</strong> means it is possible, but unlikely (e.g., \\\"I painted the house with my hair.\\\").</div>\",\"response\":0,\"stimulus_0\":\"taking a vacation to\",\"stimulus_1\":\"carrying groceries inside\",\"condition_0\":\"impossible\",\"condition_1\":\"improbable\",\"continuation_0\":\"the sun\",\"continuation_1\":\"a backpack\",\"id_0\":61,\"id_1\":6,\"context_0\":\"They are not near the beach, so they are\",\"context_1\":\"They do not have a tote bag, so they are\",\"task_type\":\"critical\",\"concept\":\"improbable\",\"trial_type\":\"html-button-response\",\"trial_index\":3,\"time_elapsed\":38127,\"internal_node_id\":\"0.0-1.0-0.2\",\"subject_id\":\"67191218806a2b419b243e5c\",\"study_id\":\"67e2c7f5c9ee767149702482\",\"session_id\":\"67e2cafc49ca85d1c35401dd\",\"rng_seed\":\"0.3989711712165298\",\"response_label\":0,\"provided_context\":true},{\"rt\":3815,\"stimulus\":\"<div style=\\\"font-size:20px;\\\"><p>Which scenario is more improbable?</p>\\n  Reminder: <strong>Improbable</strong> means it is possible, but unlikely (e.g., \\\"I painted the house with my hair.\\\").</div>\",\"response\":0,\"stimulus_0\":\"cooking dinner out of\",\"stimulus_1\":\"digging a hole using\",\"condition_0\":\"impossible\",\"condition_1\":\"impossible\",\"continuation_0\":\"the moon\",\"continuation_1\":\"dirt\",\"id_0\":16,\"id_1\":24,\"context_0\":\"They do not have pasta, so they are\",\"context_1\":\"They do not have a shovel, so they are\",\"task_type\":\"critical\",\"concept\":\"improbable\",\"trial_type\":\"html-button-response\",\"trial_index\":4,\"time_elapsed\":41945,\"internal_node_id\":\"0.0-1.0-0.3\",\"subject_id\":\"67191218806a2b419b243e5c\",\"study_id\":\"67e2c7f5c9ee767149702482\",\"session_id\":\"67e2cafc49ca85d1c35401dd\",\"rng_seed\":\"0.3989711712165298\",\"response_label\":0,\"provided_context\":true},{\"rt\":1660,\"stimulus\":\"<div style=\\\"font-size:20px;\\\"><p>Follow the instructions below.</p></div>\",\"response\":1,\"stimulus_0\":\"cooking dinner out of\",\"stimulus_1\":\"digging a hole using\",\"condition_0\":\"impossible\",\"condition_1\":\"impossible\",\"continuation_0\":\"the moon\",\"continuation_1\":\"dirt\",\"id_0\":16,\"id_1\":24,\"context_0\":\"They do not have pasta, so they are\",\"context_1\":\"They do not have a shovel, so they are\",\"task_type\":\"attention_check\",\"choices\":[\"Don't Click This Button!\",\"Click This Button!\"],\"trial_type\":\"html-button-response\",\"trial_index\":5,\"time_elapsed\":43607,\"internal_node_id\":\"0.0-1.0-1.3-0.3\",\"subject_id\":\"67191218806a2b419b243e5c\",\"study_id\":\"67e2c7f5c9ee767149702482\",\"session_id\":\"67e2cafc49ca85d1c35401dd\",\"rng_seed\":\"0.3989711712165298\"},{\"rt\":5232,\"stimulus\":\"<div style=\\\"font-size:20px;\\\"><p>Which scenario is more improbable?</p>\\n  Reminder: <strong>Improbable</strong> means it is possible, but unlikely (e.g., \\\"I painted the house with my hair.\\\").</div>\",\"response\":1,\"stimulus_0\":\"denting a car with\",\"stimulus_1\":\"building a bridge out of\",\"condition_0\":\"improbable\",\"condition_1\":\"improbable\",\"continuation_0\":\"a dumbbell\",\"continuation_1\":\"plastic\",\"id_0\":23,\"id_1\":4,\"context_0\":\"They do not have a baseball bat, so they are\",\"context_1\":\"They do not have any steel, so they are\",\"task_type\":\"critical\",\"concept\":\"improbable\",\"trial_type\":\"html-button-response\",\"trial_index\":6,\"time_elapsed\":48842,\"internal_node_id\":\"0.0-1.0-0.4\",\"subject_id\":\"67191218806a2b419b243e5c\",\"study_id\":\"67e2c7f5c9ee767149702482\",\"session_id\":\"67e2cafc49ca85d1c35401dd\",\"rng_seed\":\"0.3989711712165298\",\"response_label\":1,\"provided_context\":true},{\"rt\":3680,\"stimulus\":\"<div style=\\\"font-size:20px;\\\"><p>Which scenario is more improbable?</p>\\n  Reminder: <strong>Improbable</strong> means it is possible, but unlikely (e.g., \\\"I painted the house with my hair.\\\").</div>\",\"response\":1,\"stimulus_0\":\"building a bridge out of\",\"stimulus_1\":\"cooking dinner out of\",\"condition_0\":\"improbable\",\"condition_1\":\"impossible\",\"continuation_0\":\"plastic\",\"continuation_1\":\"the moon\",\"id_0\":4,\"id_1\":16,\"context_0\":\"They do not have any steel, so they are\",\"context_1\":\"They do not have pasta, so they are\",\"task_type\":\"critical\",\"concept\":\"improbable\",\"trial_type\":\"html-button-response\",\"trial_index\":7,\"time_elapsed\":52526,\"internal_node_id\":\"0.0-1.0-0.5\",\"subject_id\":\"67191218806a2b419b243e5c\",\"study_id\":\"67e2c7f5c9ee767149702482\",\"session_id\":\"67e2cafc49ca85d1c35401dd\",\"rng_seed\":\"0.3989711712165298\",\"response_label\":1,\"provided_context\":true},{\"rt\":8892,\"stimulus\":\"<div style=\\\"font-size:20px;\\\"><p>Which scenario is more improbable?</p>\\n  Reminder: <strong>Improbable</strong> means it is possible, but unlikely (e.g., \\\"I painted the house with my hair.\\\").</div>\",\"response\":1,\"stimulus_0\":\"hanging a painting using\",\"stimulus_1\":\"writing an equation on\",\"condition_0\":\"inconceivable\",\"condition_1\":\"inconceivable\",\"continuation_0\":\"a handshake\",\"continuation_1\":\"a scream\",\"id_0\":36,\"id_1\":69,\"context_0\":\"They do not have screws, so they are\",\"context_1\":\"They do not have a chalkboard, so they are\",\"task_type\":\"critical\",\"concept\":\"improbable\",\"trial_type\":\"html-button-response\",\"trial_index\":8,\"time_elapsed\":61421,\"internal_node_id\":\"0.0-1.0-0.6\",\"subject_id\":\"67191218806a2b419b243e5c\",\"study_id\":\"67e2c7f5c9ee767149702482\",\"session_id\":\"67e2cafc49ca85d1c35401dd\",\"rng_seed\":\"0.3989711712165298\",\"response_label\":1,\"provided_context\":true},{\"rt\":11586,\"stimulus\":\"<div style=\\\"font-size:20px;\\\"><p>Which scenario is more improbable?</p>\\n  Reminder: <strong>Improbable</strong> means it is possible, but unlikely (e.g., \\\"I painted the house with my hair.\\\").</div>\",\"response\":1,\"stimulus_0\":\"cooling a room using\",\"stimulus_1\":\"lighting a candle using\",\"condition_0\":\"inconceivable\",\"condition_1\":\"impossible\",\"continuation_0\":\"a taste\",\"continuation_1\":\"yogurt\",\"id_0\":17,\"id_1\":39,\"context_0\":\"They do not have a fan, so they are\",\"context_1\":\"They do not have a match, so they are\",\"task_type\":\"critical\",\"concept\":\"improbable\",\"trial_type\":\"html-button-response\",\"trial_index\":9,\"time_elapsed\":73009,\"internal_node_id\":\"0.0-1.0-0.7\",\"subject_id\":\"67191218806a2b419b243e5c\",\"study_id\":\"67e2c7f5c9ee767149702482\",\"session_id\":\"67e2cafc49ca85d1c35401dd\",\"rng_seed\":\"0.3989711712165298\",\"response_label\":1,\"provided_context\":true},{\"rt\":1626,\"stimulus\":\"<div style=\\\"font-size:20px;\\\"><p>Follow the instructions below.</p></div>\",\"response\":0,\"stimulus_0\":\"cooling a room using\",\"stimulus_1\":\"lighting a candle using\",\"condition_0\":\"inconceivable\",\"condition_1\":\"impossible\",\"continuation_0\":\"a taste\",\"continuation_1\":\"yogurt\",\"id_0\":17,\"id_1\":39,\"context_0\":\"They do not have a fan, so they are\",\"context_1\":\"They do not have a match, so they are\",\"task_type\":\"attention_check\",\"choices\":[\"Click This Button!\",\"Don't Click This Button!\"],\"trial_type\":\"html-button-response\",\"trial_index\":10,\"time_elapsed\":74637,\"internal_node_id\":\"0.0-1.0-1.7-0.7\",\"subject_id\":\"67191218806a2b419b243e5c\",\"study_id\":\"67e2c7f5c9ee767149702482\",\"session_id\":\"67e2cafc49ca85d1c35401dd\",\"rng_seed\":\"0.3989711712165298\"},{\"rt\":8874,\"stimulus\":\"<div style=\\\"font-size:20px;\\\"><p>Which scenario is more improbable?</p>\\n  Reminder: <strong>Improbable</strong> means it is possible, but unlikely (e.g., \\\"I painted the house with my hair.\\\").</div>\",\"response\":1,\"stimulus_0\":\"plucking a hair using\",\"stimulus_1\":\"writing an equation on\",\"condition_0\":\"inconceivable\",\"condition_1\":\"inconceivable\",\"continuation_0\":\"sympathy\",\"continuation_1\":\"a scream\",\"id_0\":47,\"id_1\":69,\"context_0\":\"They do not have tweezers, so they are\",\"context_1\":\"They do not have a chalkboard, so they are\",\"task_type\":\"critical\",\"concept\":\"improbable\",\"trial_type\":\"html-button-response\",\"trial_index\":11,\"time_elapsed\":83513,\"internal_node_id\":\"0.0-1.0-0.8\",\"subject_id\":\"67191218806a2b419b243e5c\",\"study_id\":\"67e2c7f5c9ee767149702482\",\"session_id\":\"67e2cafc49ca85d1c35401dd\",\"rng_seed\":\"0.3989711712165298\",\"response_label\":1,\"provided_context\":true},{\"rt\":7867,\"stimulus\":\"<div style=\\\"font-size:20px;\\\"><p>Which scenario is more improbable?</p>\\n  Reminder: <strong>Improbable</strong> means it is possible, but unlikely (e.g., \\\"I painted the house with my hair.\\\").</div>\",\"response\":0,\"stimulus_0\":\"catching a fish in\",\"stimulus_1\":\"denting a car with\",\"condition_0\":\"improbable\",\"condition_1\":\"improbable\",\"continuation_0\":\"a puddle\",\"continuation_1\":\"a dumbbell\",\"id_0\":8,\"id_1\":23,\"context_0\":\"They are not near a lake, so they are\",\"context_1\":\"They do not have a baseball bat, so they are\",\"task_type\":\"critical\",\"concept\":\"improbable\",\"trial_type\":\"html-button-response\",\"trial_index\":12,\"time_elapsed\":91382,\"internal_node_id\":\"0.0-1.0-0.9\",\"subject_id\":\"67191218806a2b419b243e5c\",\"study_id\":\"67e2c7f5c9ee767149702482\",\"session_id\":\"67e2cafc49ca85d1c35401dd\",\"rng_seed\":\"0.3989711712165298\",\"response_label\":0,\"provided_context\":true},{\"rt\":4485,\"stimulus\":\"<div style=\\\"font-size:20px;\\\"><p>Which scenario is more improbable?</p>\\n  Reminder: <strong>Improbable</strong> means it is possible, but unlikely (e.g., \\\"I painted the house with my hair.\\\").</div>\",\"response\":1,\"stimulus_0\":\"drying laundry using\",\"stimulus_1\":\"plucking a hair using\",\"condition_0\":\"improbable\",\"condition_1\":\"inconceivable\",\"continuation_0\":\"a fan\",\"continuation_1\":\"sympathy\",\"id_0\":30,\"id_1\":47,\"context_0\":\"They do not have a clothesline, so they are\",\"context_1\":\"They do not have tweezers, so they are\",\"task_type\":\"critical\",\"concept\":\"improbable\",\"trial_type\":\"html-button-response\",\"trial_index\":13,\"time_elapsed\":95869,\"internal_node_id\":\"0.0-1.0-0.10\",\"subject_id\":\"67191218806a2b419b243e5c\",\"study_id\":\"67e2c7f5c9ee767149702482\",\"session_id\":\"67e2cafc49ca85d1c35401dd\",\"rng_seed\":\"0.3989711712165298\",\"response_label\":1,\"provided_context\":true},{\"rt\":3421,\"stimulus\":\"<div style=\\\"font-size:20px;\\\"><p>Which scenario is more improbable?</p>\\n  Reminder: <strong>Improbable</strong> means it is possible, but unlikely (e.g., \\\"I painted the house with my hair.\\\").</div>\",\"response\":1,\"stimulus_0\":\"carrying groceries inside\",\"stimulus_1\":\"catching a fish in\",\"condition_0\":\"improbable\",\"condition_1\":\"improbable\",\"continuation_0\":\"a backpack\",\"continuation_1\":\"a puddle\",\"id_0\":6,\"id_1\":8,\"context_0\":\"They do not have a tote bag, so they are\",\"context_1\":\"They are not near a lake, so they are\",\"task_type\":\"critical\",\"concept\":\"improbable\",\"trial_type\":\"html-button-response\",\"trial_index\":14,\"time_elapsed\":99294,\"internal_node_id\":\"0.0-1.0-0.11\",\"subject_id\":\"67191218806a2b419b243e5c\",\"study_id\":\"67e2c7f5c9ee767149702482\",\"session_id\":\"67e2cafc49ca85d1c35401dd\",\"rng_seed\":\"0.3989711712165298\",\"response_label\":1,\"provided_context\":true},{\"rt\":1322,\"stimulus\":\"<div style=\\\"font-size:20px;\\\"><p>Follow the instructions below.</p></div>\",\"response\":1,\"stimulus_0\":\"carrying groceries inside\",\"stimulus_1\":\"catching a fish in\",\"condition_0\":\"improbable\",\"condition_1\":\"improbable\",\"continuation_0\":\"a backpack\",\"continuation_1\":\"a puddle\",\"id_0\":6,\"id_1\":8,\"context_0\":\"They do not have a tote bag, so they are\",\"context_1\":\"They are not near a lake, so they are\",\"task_type\":\"attention_check\",\"choices\":[\"Don't Click This Button!\",\"Click This Button!\"],\"trial_type\":\"html-button-response\",\"trial_index\":15,\"time_elapsed\":100618,\"internal_node_id\":\"0.0-1.0-1.11-0.11\",\"subject_id\":\"67191218806a2b419b243e5c\",\"study_id\":\"67e2c7f5c9ee767149702482\",\"session_id\":\"67e2cafc49ca85d1c35401dd\",\"rng_seed\":\"0.3989711712165298\"},{\"rt\":4322,\"stimulus\":\"<div style=\\\"font-size:20px;\\\"><p>Which scenario is more improbable?</p>\\n  Reminder: <strong>Improbable</strong> means it is possible, but unlikely (e.g., \\\"I painted the house with my hair.\\\").</div>\",\"response\":1,\"stimulus_0\":\"drying laundry using\",\"stimulus_1\":\"crafting a bowl out of\",\"condition_0\":\"improbable\",\"condition_1\":\"impossible\",\"continuation_0\":\"a fan\",\"continuation_1\":\"smoke\",\"id_0\":30,\"id_1\":19,\"context_0\":\"They do not have a clothesline, so they are\",\"context_1\":\"They do not have clay, so they are\",\"task_type\":\"critical\",\"concept\":\"improbable\",\"trial_type\":\"html-button-response\",\"trial_index\":16,\"time_elapsed\":104942,\"internal_node_id\":\"0.0-1.0-0.12\",\"subject_id\":\"67191218806a2b419b243e5c\",\"study_id\":\"67e2c7f5c9ee767149702482\",\"session_id\":\"67e2cafc49ca85d1c35401dd\",\"rng_seed\":\"0.3989711712165298\",\"response_label\":1,\"provided_context\":true},{\"rt\":4076,\"stimulus\":\"<div style=\\\"font-size:20px;\\\"><p>Which scenario is more improbable?</p>\\n  Reminder: <strong>Improbable</strong> means it is possible, but unlikely (e.g., \\\"I painted the house with my hair.\\\").</div>\",\"response\":0,\"stimulus_0\":\"cooling a room using\",\"stimulus_1\":\"packing a suit inside\",\"condition_0\":\"inconceivable\",\"condition_1\":\"improbable\",\"continuation_0\":\"a taste\",\"continuation_1\":\"a pocket\",\"id_0\":17,\"id_1\":44,\"context_0\":\"They do not have a fan, so they are\",\"context_1\":\"They do not have a suitcase, so they are\",\"task_type\":\"critical\",\"concept\":\"improbable\",\"trial_type\":\"html-button-response\",\"trial_index\":17,\"time_elapsed\":109022,\"internal_node_id\":\"0.0-1.0-0.13\",\"subject_id\":\"67191218806a2b419b243e5c\",\"study_id\":\"67e2c7f5c9ee767149702482\",\"session_id\":\"67e2cafc49ca85d1c35401dd\",\"rng_seed\":\"0.3989711712165298\",\"response_label\":0,\"provided_context\":true},{\"rt\":3393,\"stimulus\":\"<div style=\\\"font-size:20px;\\\"><p>Which scenario is more improbable?</p>\\n  Reminder: <strong>Improbable</strong> means it is possible, but unlikely (e.g., \\\"I painted the house with my hair.\\\").</div>\",\"response\":0,\"stimulus_0\":\"cooling a room using\",\"stimulus_1\":\"building a bridge out of\",\"condition_0\":\"inconceivable\",\"condition_1\":\"improbable\",\"continuation_0\":\"a taste\",\"continuation_1\":\"plastic\",\"id_0\":17,\"id_1\":4,\"context_0\":\"They do not have a fan, so they are\",\"context_1\":\"They do not have any steel, so they are\",\"task_type\":\"critical\",\"concept\":\"improbable\",\"trial_type\":\"html-button-response\",\"trial_index\":18,\"time_elapsed\":112417,\"internal_node_id\":\"0.0-1.0-0.14\",\"subject_id\":\"67191218806a2b419b243e5c\",\"study_id\":\"67e2c7f5c9ee767149702482\",\"session_id\":\"67e2cafc49ca85d1c35401dd\",\"rng_seed\":\"0.3989711712165298\",\"response_label\":0,\"provided_context\":true},{\"rt\":2294,\"stimulus\":\"<div style=\\\"font-size:20px;\\\"><p>Which scenario is more improbable?</p>\\n  Reminder: <strong>Improbable</strong> means it is possible, but unlikely (e.g., \\\"I painted the house with my hair.\\\").</div>\",\"response\":0,\"stimulus_0\":\"lighting a candle using\",\"stimulus_1\":\"packing a suit inside\",\"condition_0\":\"impossible\",\"condition_1\":\"improbable\",\"continuation_0\":\"yogurt\",\"continuation_1\":\"a pocket\",\"id_0\":39,\"id_1\":44,\"context_0\":\"They do not have a match, so they are\",\"context_1\":\"They do not have a suitcase, so they are\",\"task_type\":\"critical\",\"concept\":\"improbable\",\"trial_type\":\"html-button-response\",\"trial_index\":19,\"time_elapsed\":114713,\"internal_node_id\":\"0.0-1.0-0.15\",\"subject_id\":\"67191218806a2b419b243e5c\",\"study_id\":\"67e2c7f5c9ee767149702482\",\"session_id\":\"67e2cafc49ca85d1c35401dd\",\"rng_seed\":\"0.3989711712165298\",\"response_label\":0,\"provided_context\":true},{\"rt\":1211,\"stimulus\":\"<div style=\\\"font-size:20px;\\\"><p>Follow the instructions below.</p></div>\",\"response\":0,\"stimulus_0\":\"lighting a candle using\",\"stimulus_1\":\"packing a suit inside\",\"condition_0\":\"impossible\",\"condition_1\":\"improbable\",\"continuation_0\":\"yogurt\",\"continuation_1\":\"a pocket\",\"id_0\":39,\"id_1\":44,\"context_0\":\"They do not have a match, so they are\",\"context_1\":\"They do not have a suitcase, so they are\",\"task_type\":\"attention_check\",\"choices\":[\"Click This Button!\",\"Don't Click This Button!\"],\"trial_type\":\"html-button-response\",\"trial_index\":20,\"time_elapsed\":115925,\"internal_node_id\":\"0.0-1.0-1.15-0.15\",\"subject_id\":\"67191218806a2b419b243e5c\",\"study_id\":\"67e2c7f5c9ee767149702482\",\"session_id\":\"67e2cafc49ca85d1c35401dd\",\"rng_seed\":\"0.3989711712165298\"},{\"rt\":6145,\"stimulus\":\"<div style=\\\"font-size:20px;\\\"><p>Which scenario is more improbable?</p>\\n  Reminder: <strong>Improbable</strong> means it is possible, but unlikely (e.g., \\\"I painted the house with my hair.\\\").</div>\",\"response\":1,\"stimulus_0\":\"unlocking a door using\",\"stimulus_1\":\"plucking a hair using\",\"condition_0\":\"impossible\",\"condition_1\":\"inconceivable\",\"continuation_0\":\"a marshmallow\",\"continuation_1\":\"sympathy\",\"id_0\":64,\"id_1\":47,\"context_0\":\"They do not have a key, so they are\",\"context_1\":\"They do not have tweezers, so they are\",\"task_type\":\"critical\",\"concept\":\"improbable\",\"trial_type\":\"html-button-response\",\"trial_index\":21,\"time_elapsed\":122073,\"internal_node_id\":\"0.0-1.0-0.16\",\"subject_id\":\"67191218806a2b419b243e5c\",\"study_id\":\"67e2c7f5c9ee767149702482\",\"session_id\":\"67e2cafc49ca85d1c35401dd\",\"rng_seed\":\"0.3989711712165298\",\"response_label\":1,\"provided_context\":true},{\"rt\":4433,\"stimulus\":\"<div style=\\\"font-size:20px;\\\"><p>Which scenario is more improbable?</p>\\n  Reminder: <strong>Improbable</strong> means it is possible, but unlikely (e.g., \\\"I painted the house with my hair.\\\").</div>\",\"response\":0,\"stimulus_0\":\"cutting cardboard using\",\"stimulus_1\":\"hanging a painting using\",\"condition_0\":\"inconceivable\",\"condition_1\":\"inconceivable\",\"continuation_0\":\"a snore\",\"continuation_1\":\"a handshake\",\"id_0\":22,\"id_1\":36,\"context_0\":\"They do not have scissors, so they are\",\"context_1\":\"They do not have screws, so they are\",\"task_type\":\"critical\",\"concept\":\"improbable\",\"trial_type\":\"html-button-response\",\"trial_index\":22,\"time_elapsed\":126508,\"internal_node_id\":\"0.0-1.0-0.17\",\"subject_id\":\"67191218806a2b419b243e5c\",\"study_id\":\"67e2c7f5c9ee767149702482\",\"session_id\":\"67e2cafc49ca85d1c35401dd\",\"rng_seed\":\"0.3989711712165298\",\"response_label\":0,\"provided_context\":true},{\"rt\":5698,\"stimulus\":\"<div style=\\\"font-size:20px;\\\"><p>Which scenario is more improbable?</p>\\n  Reminder: <strong>Improbable</strong> means it is possible, but unlikely (e.g., \\\"I painted the house with my hair.\\\").</div>\",\"response\":0,\"stimulus_0\":\"catching a fish in\",\"stimulus_1\":\"eating soup using\",\"condition_0\":\"improbable\",\"condition_1\":\"improbable\",\"continuation_0\":\"a puddle\",\"continuation_1\":\"a bucket\",\"id_0\":8,\"id_1\":31,\"context_0\":\"They are not near a lake, so they are\",\"context_1\":\"They do not have a spoon, so they are\",\"task_type\":\"critical\",\"concept\":\"improbable\",\"trial_type\":\"html-button-response\",\"trial_index\":23,\"time_elapsed\":132208,\"internal_node_id\":\"0.0-1.0-0.18\",\"subject_id\":\"67191218806a2b419b243e5c\",\"study_id\":\"67e2c7f5c9ee767149702482\",\"session_id\":\"67e2cafc49ca85d1c35401dd\",\"rng_seed\":\"0.3989711712165298\",\"response_label\":0,\"provided_context\":true},{\"rt\":4628,\"stimulus\":\"<div style=\\\"font-size:20px;\\\"><p>Which scenario is more improbable?</p>\\n  Reminder: <strong>Improbable</strong> means it is possible, but unlikely (e.g., \\\"I painted the house with my hair.\\\").</div>\",\"response\":1,\"stimulus_0\":\"squishing a blueberry using\",\"stimulus_1\":\"hanging a painting using\",\"condition_0\":\"improbable\",\"condition_1\":\"inconceivable\",\"continuation_0\":\"[POSS] nose\",\"continuation_1\":\"a handshake\",\"id_0\":58,\"id_1\":36,\"context_0\":\"They do not have fingers, so they are\",\"context_1\":\"They do not have screws, so they are\",\"task_type\":\"critical\",\"concept\":\"improbable\",\"trial_type\":\"html-button-response\",\"trial_index\":24,\"time_elapsed\":136838,\"internal_node_id\":\"0.0-1.0-0.19\",\"subject_id\":\"67191218806a2b419b243e5c\",\"study_id\":\"67e2c7f5c9ee767149702482\",\"session_id\":\"67e2cafc49ca85d1c35401dd\",\"rng_seed\":\"0.3989711712165298\",\"response_label\":1,\"provided_context\":true},{\"rt\":1230,\"stimulus\":\"<div style=\\\"font-size:20px;\\\"><p>Follow the instructions below.</p></div>\",\"response\":0,\"stimulus_0\":\"squishing a blueberry using\",\"stimulus_1\":\"hanging a painting using\",\"condition_0\":\"improbable\",\"condition_1\":\"inconceivable\",\"continuation_0\":\"[POSS] nose\",\"continuation_1\":\"a handshake\",\"id_0\":58,\"id_1\":36,\"context_0\":\"They do not have fingers, so they are\",\"context_1\":\"They do not have screws, so they are\",\"task_type\":\"attention_check\",\"choices\":[\"Click This Button!\",\"Don't Click This Button!\"],\"trial_type\":\"html-button-response\",\"trial_index\":25,\"time_elapsed\":138071,\"internal_node_id\":\"0.0-1.0-1.19-0.19\",\"subject_id\":\"67191218806a2b419b243e5c\",\"study_id\":\"67e2c7f5c9ee767149702482\",\"session_id\":\"67e2cafc49ca85d1c35401dd\",\"rng_seed\":\"0.3989711712165298\"},{\"rt\":25816,\"response\":{\"language\":\"English\",\"gender\":\"Female\",\"feedback\":\"Interesting study. I enjoyed it very much, thank you!\"},\"trial_type\":\"survey-text\",\"trial_index\":26,\"time_elapsed\":163894,\"internal_node_id\":\"0.0-2.0\",\"subject_id\":\"67191218806a2b419b243e5c\",\"study_id\":\"67e2c7f5c9ee767149702482\",\"session_id\":\"67e2cafc49ca85d1c35401dd\",\"rng_seed\":\"0.3989711712165298\",\"task_type\":\"survey\"},{\"success\":true,\"completion_time\":\"2025-03-25T15:29:18.784Z\",\"exp_type\":\"gesture-beat-expt-pilot\"}]",
    "dir_path": "data/experiment_2_pilot"
}