{
    "prolific_data": {
        "subject_id": "66648965f73c76a2b47ecb2b",
        "study_id": "67e2c7f5c9ee767149702482",
        "session_id": "67e2d2691f615e5f857a58d4",
        "rng_seed": "0.9921927057758575"
    },
    "data": "[{\"rt\":16021,\"stimulus\":\"\\n  <div class=\\\"jspsych-content\\\" align=left style=\\\"width:100%;text-align: left;\\\">\\n  <h2>Hello, and welcome to our study!</h2>\\n      In this study, we will ask you to 25 questions.\\n      <p>\\n      In 20 of the questions, we will need your help deciding which statement is more <strong>impossible</strong>.\\n      </p>\\n      <strong>Impossible</strong> means it cannot happen in our world given the laws of nature, but may happen in a fictional world (e.g., \\\"I painted the house with my mind.\\\"). \\n      <p>\\n      The remaining questions will check to make sure that you are paying attention to the study.\\n      <p>\\n    <h3>IMPORTANT:</h3>\\n    <ul>\\n      <li>Respond as quickly as you can.</li>\\n      <li>Answer the questions based on what is possible given the physical laws of the real world.</li>\\n      <li>There are no right or wrong answers. We are simply interested in your intuitions.</li>\\n      </ul>\\n    Once you are done reading this page, please press SPACEBAR to continue.\\n    </p>\\n  </div>\\n  \",\"response\":\" \",\"trial_type\":\"html-keyboard-response\",\"trial_index\":0,\"time_elapsed\":16026,\"internal_node_id\":\"0.0-0.0\",\"subject_id\":\"66648965f73c76a2b47ecb2b\",\"study_id\":\"67e2c7f5c9ee767149702482\",\"session_id\":\"67e2d2691f615e5f857a58d4\",\"rng_seed\":\"0.9921927057758575\"},{\"rt\":13383,\"stimulus\":\"<div style=\\\"font-size:20px;\\\"><p>Which scenario is more impossible?</p>\\n  Reminder: <strong>Impossible</strong> means it cannot happen in our world given the laws of nature, but may happen in a fictional world (e.g., \\\"I painted the house with my mind.\\\"). </div>\",\"response\":1,\"stimulus_0\":\"lighting a candle using\",\"stimulus_1\":\"polishing jewelry using\",\"condition_0\":\"impossible\",\"condition_1\":\"impossible\",\"continuation_0\":\"yogurt\",\"continuation_1\":\"a chainsaw\",\"id_0\":39,\"id_1\":48,\"context_0\":\"They do not have a match, so they are\",\"context_1\":\"They do not have a cloth, so they are\",\"task_type\":\"critical\",\"concept\":\"impossible\",\"trial_type\":\"html-button-response\",\"trial_index\":1,\"time_elapsed\":29411,\"internal_node_id\":\"0.0-1.0-0.0\",\"subject_id\":\"66648965f73c76a2b47ecb2b\",\"study_id\":\"67e2c7f5c9ee767149702482\",\"session_id\":\"67e2d2691f615e5f857a58d4\",\"rng_seed\":\"0.9921927057758575\",\"response_label\":1,\"provided_context\":true},{\"rt\":7234,\"stimulus\":\"<div style=\\\"font-size:20px;\\\"><p>Which scenario is more impossible?</p>\\n  Reminder: <strong>Impossible</strong> means it cannot happen in our world given the laws of nature, but may happen in a fictional world (e.g., \\\"I painted the house with my mind.\\\"). </div>\",\"response\":0,\"stimulus_0\":\"crafting a bowl out of\",\"stimulus_1\":\"packing a suit inside\",\"condition_0\":\"impossible\",\"condition_1\":\"improbable\",\"continuation_0\":\"smoke\",\"continuation_1\":\"a pocket\",\"id_0\":19,\"id_1\":44,\"context_0\":\"They do not have clay, so they are\",\"context_1\":\"They do not have a suitcase, so they are\",\"task_type\":\"critical\",\"concept\":\"impossible\",\"trial_type\":\"html-button-response\",\"trial_index\":2,\"time_elapsed\":36648,\"internal_node_id\":\"0.0-1.0-0.1\",\"subject_id\":\"66648965f73c76a2b47ecb2b\",\"study_id\":\"67e2c7f5c9ee767149702482\",\"session_id\":\"67e2d2691f615e5f857a58d4\",\"rng_seed\":\"0.9921927057758575\",\"response_label\":0,\"provided_context\":true},{\"rt\":7779,\"stimulus\":\"<div style=\\\"font-size:20px;\\\"><p>Which scenario is more impossible?</p>\\n  Reminder: <strong>Impossible</strong> means it cannot happen in our world given the laws of nature, but may happen in a fictional world (e.g., \\\"I painted the house with my mind.\\\"). </div>\",\"response\":1,\"stimulus_0\":\"polishing jewelry using\",\"stimulus_1\":\"drinking a cup full of\",\"condition_0\":\"impossible\",\"condition_1\":\"inconceivable\",\"continuation_0\":\"a chainsaw\",\"continuation_1\":\"minutes\",\"id_0\":48,\"id_1\":28,\"context_0\":\"They do not have a cloth, so they are\",\"context_1\":\"They do not have water, so they are\",\"task_type\":\"critical\",\"concept\":\"impossible\",\"trial_type\":\"html-button-response\",\"trial_index\":3,\"time_elapsed\":44428,\"internal_node_id\":\"0.0-1.0-0.2\",\"subject_id\":\"66648965f73c76a2b47ecb2b\",\"study_id\":\"67e2c7f5c9ee767149702482\",\"session_id\":\"67e2d2691f615e5f857a58d4\",\"rng_seed\":\"0.9921927057758575\",\"response_label\":1,\"provided_context\":true},{\"rt\":6128,\"stimulus\":\"<div style=\\\"font-size:20px;\\\"><p>Which scenario is more impossible?</p>\\n  Reminder: <strong>Impossible</strong> means it cannot happen in our world given the laws of nature, but may happen in a fictional world (e.g., \\\"I painted the house with my mind.\\\"). </div>\",\"response\":1,\"stimulus_0\":\"carving a statue using\",\"stimulus_1\":\"plucking a hair using\",\"condition_0\":\"impossible\",\"condition_1\":\"inconceivable\",\"continuation_0\":\"a sock\",\"continuation_1\":\"sympathy\",\"id_0\":7,\"id_1\":47,\"context_0\":\"They do not have a chisel, so they are\",\"context_1\":\"They do not have tweezers, so they are\",\"task_type\":\"critical\",\"concept\":\"impossible\",\"trial_type\":\"html-button-response\",\"trial_index\":4,\"time_elapsed\":50558,\"internal_node_id\":\"0.0-1.0-0.3\",\"subject_id\":\"66648965f73c76a2b47ecb2b\",\"study_id\":\"67e2c7f5c9ee767149702482\",\"session_id\":\"67e2d2691f615e5f857a58d4\",\"rng_seed\":\"0.9921927057758575\",\"response_label\":1,\"provided_context\":true},{\"rt\":4329,\"stimulus\":\"<div style=\\\"font-size:20px;\\\"><p>Follow the instructions below.</p></div>\",\"response\":0,\"stimulus_0\":\"carving a statue using\",\"stimulus_1\":\"plucking a hair using\",\"condition_0\":\"impossible\",\"condition_1\":\"inconceivable\",\"continuation_0\":\"a sock\",\"continuation_1\":\"sympathy\",\"id_0\":7,\"id_1\":47,\"context_0\":\"They do not have a chisel, so they are\",\"context_1\":\"They do not have tweezers, so they are\",\"task_type\":\"attention_check\",\"choices\":[\"Click This Button!\",\"Don't Click This Button!\"],\"trial_type\":\"html-button-response\",\"trial_index\":5,\"time_elapsed\":54888,\"internal_node_id\":\"0.0-1.0-1.3-0.3\",\"subject_id\":\"66648965f73c76a2b47ecb2b\",\"study_id\":\"67e2c7f5c9ee767149702482\",\"session_id\":\"67e2d2691f615e5f857a58d4\",\"rng_seed\":\"0.9921927057758575\"},{\"rt\":15010,\"stimulus\":\"<div style=\\\"font-size:20px;\\\"><p>Which scenario is more impossible?</p>\\n  Reminder: <strong>Impossible</strong> means it cannot happen in our world given the laws of nature, but may happen in a fictional world (e.g., \\\"I painted the house with my mind.\\\"). </div>\",\"response\":0,\"stimulus_0\":\"cleaning a spill using\",\"stimulus_1\":\"cooling a room using\",\"condition_0\":\"inconceivable\",\"condition_1\":\"inconceivable\",\"continuation_0\":\"a country\",\"continuation_1\":\"a taste\",\"id_0\":11,\"id_1\":17,\"context_0\":\"They do not have a sponge, so they are\",\"context_1\":\"They do not have a fan, so they are\",\"task_type\":\"critical\",\"concept\":\"impossible\",\"trial_type\":\"html-button-response\",\"trial_index\":6,\"time_elapsed\":69900,\"internal_node_id\":\"0.0-1.0-0.4\",\"subject_id\":\"66648965f73c76a2b47ecb2b\",\"study_id\":\"67e2c7f5c9ee767149702482\",\"session_id\":\"67e2d2691f615e5f857a58d4\",\"rng_seed\":\"0.9921927057758575\",\"response_label\":0,\"provided_context\":true},{\"rt\":5285,\"stimulus\":\"<div style=\\\"font-size:20px;\\\"><p>Which scenario is more impossible?</p>\\n  Reminder: <strong>Impossible</strong> means it cannot happen in our world given the laws of nature, but may happen in a fictional world (e.g., \\\"I painted the house with my mind.\\\"). </div>\",\"response\":1,\"stimulus_0\":\"crushing a soda can using\",\"stimulus_1\":\"unlocking a door using\",\"condition_0\":\"improbable\",\"condition_1\":\"impossible\",\"continuation_0\":\"a chair\",\"continuation_1\":\"a marshmallow\",\"id_0\":20,\"id_1\":64,\"context_0\":\"They do not have a shoe, so they are\",\"context_1\":\"They do not have a key, so they are\",\"task_type\":\"critical\",\"concept\":\"impossible\",\"trial_type\":\"html-button-response\",\"trial_index\":7,\"time_elapsed\":75187,\"internal_node_id\":\"0.0-1.0-0.5\",\"subject_id\":\"66648965f73c76a2b47ecb2b\",\"study_id\":\"67e2c7f5c9ee767149702482\",\"session_id\":\"67e2d2691f615e5f857a58d4\",\"rng_seed\":\"0.9921927057758575\",\"response_label\":1,\"provided_context\":true},{\"rt\":7488,\"stimulus\":\"<div style=\\\"font-size:20px;\\\"><p>Which scenario is more impossible?</p>\\n  Reminder: <strong>Impossible</strong> means it cannot happen in our world given the laws of nature, but may happen in a fictional world (e.g., \\\"I painted the house with my mind.\\\"). </div>\",\"response\":1,\"stimulus_0\":\"crushing a soda can using\",\"stimulus_1\":\"digging a hole using\",\"condition_0\":\"improbable\",\"condition_1\":\"impossible\",\"continuation_0\":\"a chair\",\"continuation_1\":\"dirt\",\"id_0\":20,\"id_1\":24,\"context_0\":\"They do not have a shoe, so they are\",\"context_1\":\"They do not have a shovel, so they are\",\"task_type\":\"critical\",\"concept\":\"impossible\",\"trial_type\":\"html-button-response\",\"trial_index\":8,\"time_elapsed\":82677,\"internal_node_id\":\"0.0-1.0-0.6\",\"subject_id\":\"66648965f73c76a2b47ecb2b\",\"study_id\":\"67e2c7f5c9ee767149702482\",\"session_id\":\"67e2d2691f615e5f857a58d4\",\"rng_seed\":\"0.9921927057758575\",\"response_label\":1,\"provided_context\":true},{\"rt\":5316,\"stimulus\":\"<div style=\\\"font-size:20px;\\\"><p>Which scenario is more impossible?</p>\\n  Reminder: <strong>Impossible</strong> means it cannot happen in our world given the laws of nature, but may happen in a fictional world (e.g., \\\"I painted the house with my mind.\\\"). </div>\",\"response\":0,\"stimulus_0\":\"painting a wall using\",\"stimulus_1\":\"polishing jewelry using\",\"condition_0\":\"inconceivable\",\"condition_1\":\"impossible\",\"continuation_0\":\"a whisper\",\"continuation_1\":\"a chainsaw\",\"id_0\":45,\"id_1\":48,\"context_0\":\"They do not have a brush, so they are\",\"context_1\":\"They do not have a cloth, so they are\",\"task_type\":\"critical\",\"concept\":\"impossible\",\"trial_type\":\"html-button-response\",\"trial_index\":9,\"time_elapsed\":87994,\"internal_node_id\":\"0.0-1.0-0.7\",\"subject_id\":\"66648965f73c76a2b47ecb2b\",\"study_id\":\"67e2c7f5c9ee767149702482\",\"session_id\":\"67e2d2691f615e5f857a58d4\",\"rng_seed\":\"0.9921927057758575\",\"response_label\":0,\"provided_context\":true},{\"rt\":1683,\"stimulus\":\"<div style=\\\"font-size:20px;\\\"><p>Follow the instructions below.</p></div>\",\"response\":0,\"stimulus_0\":\"painting a wall using\",\"stimulus_1\":\"polishing jewelry using\",\"condition_0\":\"inconceivable\",\"condition_1\":\"impossible\",\"continuation_0\":\"a whisper\",\"continuation_1\":\"a chainsaw\",\"id_0\":45,\"id_1\":48,\"context_0\":\"They do not have a brush, so they are\",\"context_1\":\"They do not have a cloth, so they are\",\"task_type\":\"attention_check\",\"choices\":[\"Click This Button!\",\"Don't Click This Button!\"],\"trial_type\":\"html-button-response\",\"trial_index\":10,\"time_elapsed\":89679,\"internal_node_id\":\"0.0-1.0-1.7-0.7\",\"subject_id\":\"66648965f73c76a2b47ecb2b\",\"study_id\":\"67e2c7f5c9ee767149702482\",\"session_id\":\"67e2d2691f615e5f857a58d4\",\"rng_seed\":\"0.9921927057758575\"},{\"rt\":7002,\"stimulus\":\"<div style=\\\"font-size:20px;\\\"><p>Which scenario is more impossible?</p>\\n  Reminder: <strong>Impossible</strong> means it cannot happen in our world given the laws of nature, but may happen in a fictional world (e.g., \\\"I painted the house with my mind.\\\"). </div>\",\"response\":0,\"stimulus_0\":\"painting a wall using\",\"stimulus_1\":\"building a bridge out of\",\"condition_0\":\"inconceivable\",\"condition_1\":\"improbable\",\"continuation_0\":\"a whisper\",\"continuation_1\":\"plastic\",\"id_0\":45,\"id_1\":4,\"context_0\":\"They do not have a brush, so they are\",\"context_1\":\"They do not have any steel, so they are\",\"task_type\":\"critical\",\"concept\":\"impossible\",\"trial_type\":\"html-button-response\",\"trial_index\":11,\"time_elapsed\":96682,\"internal_node_id\":\"0.0-1.0-0.8\",\"subject_id\":\"66648965f73c76a2b47ecb2b\",\"study_id\":\"67e2c7f5c9ee767149702482\",\"session_id\":\"67e2d2691f615e5f857a58d4\",\"rng_seed\":\"0.9921927057758575\",\"response_label\":0,\"provided_context\":true},{\"rt\":7075,\"stimulus\":\"<div style=\\\"font-size:20px;\\\"><p>Which scenario is more impossible?</p>\\n  Reminder: <strong>Impossible</strong> means it cannot happen in our world given the laws of nature, but may happen in a fictional world (e.g., \\\"I painted the house with my mind.\\\"). </div>\",\"response\":0,\"stimulus_0\":\"filling a bucket with\",\"stimulus_1\":\"shattering a window using\",\"condition_0\":\"impossible\",\"condition_1\":\"impossible\",\"continuation_0\":\"buildings\",\"continuation_1\":\"confetti\",\"id_0\":33,\"id_1\":53,\"context_0\":\"They are not near sand, so they are\",\"context_1\":\"They do not have a stone, so they are\",\"task_type\":\"critical\",\"concept\":\"impossible\",\"trial_type\":\"html-button-response\",\"trial_index\":12,\"time_elapsed\":103759,\"internal_node_id\":\"0.0-1.0-0.9\",\"subject_id\":\"66648965f73c76a2b47ecb2b\",\"study_id\":\"67e2c7f5c9ee767149702482\",\"session_id\":\"67e2d2691f615e5f857a58d4\",\"rng_seed\":\"0.9921927057758575\",\"response_label\":0,\"provided_context\":true},{\"rt\":5784,\"stimulus\":\"<div style=\\\"font-size:20px;\\\"><p>Which scenario is more impossible?</p>\\n  Reminder: <strong>Impossible</strong> means it cannot happen in our world given the laws of nature, but may happen in a fictional world (e.g., \\\"I painted the house with my mind.\\\"). </div>\",\"response\":1,\"stimulus_0\":\"building a bridge out of\",\"stimulus_1\":\"digging a hole using\",\"condition_0\":\"improbable\",\"condition_1\":\"impossible\",\"continuation_0\":\"plastic\",\"continuation_1\":\"dirt\",\"id_0\":4,\"id_1\":24,\"context_0\":\"They do not have any steel, so they are\",\"context_1\":\"They do not have a shovel, so they are\",\"task_type\":\"critical\",\"concept\":\"impossible\",\"trial_type\":\"html-button-response\",\"trial_index\":13,\"time_elapsed\":109544,\"internal_node_id\":\"0.0-1.0-0.10\",\"subject_id\":\"66648965f73c76a2b47ecb2b\",\"study_id\":\"67e2c7f5c9ee767149702482\",\"session_id\":\"67e2d2691f615e5f857a58d4\",\"rng_seed\":\"0.9921927057758575\",\"response_label\":1,\"provided_context\":true},{\"rt\":4770,\"stimulus\":\"<div style=\\\"font-size:20px;\\\"><p>Which scenario is more impossible?</p>\\n  Reminder: <strong>Impossible</strong> means it cannot happen in our world given the laws of nature, but may happen in a fictional world (e.g., \\\"I painted the house with my mind.\\\"). </div>\",\"response\":0,\"stimulus_0\":\"baking a cake inside\",\"stimulus_1\":\"denting a car with\",\"condition_0\":\"inconceivable\",\"condition_1\":\"improbable\",\"continuation_0\":\"a sigh\",\"continuation_1\":\"a dumbbell\",\"id_0\":0,\"id_1\":23,\"context_0\":\"They do not have an oven, so they are\",\"context_1\":\"They do not have a baseball bat, so they are\",\"task_type\":\"critical\",\"concept\":\"impossible\",\"trial_type\":\"html-button-response\",\"trial_index\":14,\"time_elapsed\":114316,\"internal_node_id\":\"0.0-1.0-0.11\",\"subject_id\":\"66648965f73c76a2b47ecb2b\",\"study_id\":\"67e2c7f5c9ee767149702482\",\"session_id\":\"67e2d2691f615e5f857a58d4\",\"rng_seed\":\"0.9921927057758575\",\"response_label\":0,\"provided_context\":true},{\"rt\":1611,\"stimulus\":\"<div style=\\\"font-size:20px;\\\"><p>Follow the instructions below.</p></div>\",\"response\":0,\"stimulus_0\":\"baking a cake inside\",\"stimulus_1\":\"denting a car with\",\"condition_0\":\"inconceivable\",\"condition_1\":\"improbable\",\"continuation_0\":\"a sigh\",\"continuation_1\":\"a dumbbell\",\"id_0\":0,\"id_1\":23,\"context_0\":\"They do not have an oven, so they are\",\"context_1\":\"They do not have a baseball bat, so they are\",\"task_type\":\"attention_check\",\"choices\":[\"Click This Button!\",\"Don't Click This Button!\"],\"trial_type\":\"html-button-response\",\"trial_index\":15,\"time_elapsed\":115928,\"internal_node_id\":\"0.0-1.0-1.11-0.11\",\"subject_id\":\"66648965f73c76a2b47ecb2b\",\"study_id\":\"67e2c7f5c9ee767149702482\",\"session_id\":\"67e2d2691f615e5f857a58d4\",\"rng_seed\":\"0.9921927057758575\"},{\"rt\":4071,\"stimulus\":\"<div style=\\\"font-size:20px;\\\"><p>Which scenario is more impossible?</p>\\n  Reminder: <strong>Impossible</strong> means it cannot happen in our world given the laws of nature, but may happen in a fictional world (e.g., \\\"I painted the house with my mind.\\\"). </div>\",\"response\":1,\"stimulus_0\":\"crushing a soda can using\",\"stimulus_1\":\"writing an equation on\",\"condition_0\":\"improbable\",\"condition_1\":\"inconceivable\",\"continuation_0\":\"a chair\",\"continuation_1\":\"a scream\",\"id_0\":20,\"id_1\":69,\"context_0\":\"They do not have a shoe, so they are\",\"context_1\":\"They do not have a chalkboard, so they are\",\"task_type\":\"critical\",\"concept\":\"impossible\",\"trial_type\":\"html-button-response\",\"trial_index\":16,\"time_elapsed\":120000,\"internal_node_id\":\"0.0-1.0-0.12\",\"subject_id\":\"66648965f73c76a2b47ecb2b\",\"study_id\":\"67e2c7f5c9ee767149702482\",\"session_id\":\"67e2d2691f615e5f857a58d4\",\"rng_seed\":\"0.9921927057758575\",\"response_label\":1,\"provided_context\":true},{\"rt\":4740,\"stimulus\":\"<div style=\\\"font-size:20px;\\\"><p>Which scenario is more impossible?</p>\\n  Reminder: <strong>Impossible</strong> means it cannot happen in our world given the laws of nature, but may happen in a fictional world (e.g., \\\"I painted the house with my mind.\\\"). </div>\",\"response\":1,\"stimulus_0\":\"drying laundry using\",\"stimulus_1\":\"cleaning a spill using\",\"condition_0\":\"improbable\",\"condition_1\":\"inconceivable\",\"continuation_0\":\"a fan\",\"continuation_1\":\"a country\",\"id_0\":30,\"id_1\":11,\"context_0\":\"They do not have a clothesline, so they are\",\"context_1\":\"They do not have a sponge, so they are\",\"task_type\":\"critical\",\"concept\":\"impossible\",\"trial_type\":\"html-button-response\",\"trial_index\":17,\"time_elapsed\":124741,\"internal_node_id\":\"0.0-1.0-0.13\",\"subject_id\":\"66648965f73c76a2b47ecb2b\",\"study_id\":\"67e2c7f5c9ee767149702482\",\"session_id\":\"67e2d2691f615e5f857a58d4\",\"rng_seed\":\"0.9921927057758575\",\"response_label\":1,\"provided_context\":true},{\"rt\":5768,\"stimulus\":\"<div style=\\\"font-size:20px;\\\"><p>Which scenario is more impossible?</p>\\n  Reminder: <strong>Impossible</strong> means it cannot happen in our world given the laws of nature, but may happen in a fictional world (e.g., \\\"I painted the house with my mind.\\\"). </div>\",\"response\":1,\"stimulus_0\":\"polishing jewelry using\",\"stimulus_1\":\"shattering a window using\",\"condition_0\":\"impossible\",\"condition_1\":\"impossible\",\"continuation_0\":\"a chainsaw\",\"continuation_1\":\"confetti\",\"id_0\":48,\"id_1\":53,\"context_0\":\"They do not have a cloth, so they are\",\"context_1\":\"They do not have a stone, so they are\",\"task_type\":\"critical\",\"concept\":\"impossible\",\"trial_type\":\"html-button-response\",\"trial_index\":18,\"time_elapsed\":130511,\"internal_node_id\":\"0.0-1.0-0.14\",\"subject_id\":\"66648965f73c76a2b47ecb2b\",\"study_id\":\"67e2c7f5c9ee767149702482\",\"session_id\":\"67e2d2691f615e5f857a58d4\",\"rng_seed\":\"0.9921927057758575\",\"response_label\":1,\"provided_context\":true},{\"rt\":6389,\"stimulus\":\"<div style=\\\"font-size:20px;\\\"><p>Which scenario is more impossible?</p>\\n  Reminder: <strong>Impossible</strong> means it cannot happen in our world given the laws of nature, but may happen in a fictional world (e.g., \\\"I painted the house with my mind.\\\"). </div>\",\"response\":1,\"stimulus_0\":\"shattering a window using\",\"stimulus_1\":\"carving a statue using\",\"condition_0\":\"impossible\",\"condition_1\":\"impossible\",\"continuation_0\":\"confetti\",\"continuation_1\":\"a sock\",\"id_0\":53,\"id_1\":7,\"context_0\":\"They do not have a stone, so they are\",\"context_1\":\"They do not have a chisel, so they are\",\"task_type\":\"critical\",\"concept\":\"impossible\",\"trial_type\":\"html-button-response\",\"trial_index\":19,\"time_elapsed\":136902,\"internal_node_id\":\"0.0-1.0-0.15\",\"subject_id\":\"66648965f73c76a2b47ecb2b\",\"study_id\":\"67e2c7f5c9ee767149702482\",\"session_id\":\"67e2d2691f615e5f857a58d4\",\"rng_seed\":\"0.9921927057758575\",\"response_label\":1,\"provided_context\":true},{\"rt\":1743,\"stimulus\":\"<div style=\\\"font-size:20px;\\\"><p>Follow the instructions below.</p></div>\",\"response\":1,\"stimulus_0\":\"shattering a window using\",\"stimulus_1\":\"carving a statue using\",\"condition_0\":\"impossible\",\"condition_1\":\"impossible\",\"continuation_0\":\"confetti\",\"continuation_1\":\"a sock\",\"id_0\":53,\"id_1\":7,\"context_0\":\"They do not have a stone, so they are\",\"context_1\":\"They do not have a chisel, so they are\",\"task_type\":\"attention_check\",\"choices\":[\"Don't Click This Button!\",\"Click This Button!\"],\"trial_type\":\"html-button-response\",\"trial_index\":20,\"time_elapsed\":138646,\"internal_node_id\":\"0.0-1.0-1.15-0.15\",\"subject_id\":\"66648965f73c76a2b47ecb2b\",\"study_id\":\"67e2c7f5c9ee767149702482\",\"session_id\":\"67e2d2691f615e5f857a58d4\",\"rng_seed\":\"0.9921927057758575\"},{\"rt\":10023,\"stimulus\":\"<div style=\\\"font-size:20px;\\\"><p>Which scenario is more impossible?</p>\\n  Reminder: <strong>Impossible</strong> means it cannot happen in our world given the laws of nature, but may happen in a fictional world (e.g., \\\"I painted the house with my mind.\\\"). </div>\",\"response\":1,\"stimulus_0\":\"drying laundry using\",\"stimulus_1\":\"catching a fish in\",\"condition_0\":\"improbable\",\"condition_1\":\"improbable\",\"continuation_0\":\"a fan\",\"continuation_1\":\"a puddle\",\"id_0\":30,\"id_1\":8,\"context_0\":\"They do not have a clothesline, so they are\",\"context_1\":\"They are not near a lake, so they are\",\"task_type\":\"critical\",\"concept\":\"impossible\",\"trial_type\":\"html-button-response\",\"trial_index\":21,\"time_elapsed\":148670,\"internal_node_id\":\"0.0-1.0-0.16\",\"subject_id\":\"66648965f73c76a2b47ecb2b\",\"study_id\":\"67e2c7f5c9ee767149702482\",\"session_id\":\"67e2d2691f615e5f857a58d4\",\"rng_seed\":\"0.9921927057758575\",\"response_label\":1,\"provided_context\":true},{\"rt\":6955,\"stimulus\":\"<div style=\\\"font-size:20px;\\\"><p>Which scenario is more impossible?</p>\\n  Reminder: <strong>Impossible</strong> means it cannot happen in our world given the laws of nature, but may happen in a fictional world (e.g., \\\"I painted the house with my mind.\\\"). </div>\",\"response\":0,\"stimulus_0\":\"filling a bucket with\",\"stimulus_1\":\"squishing a blueberry using\",\"condition_0\":\"impossible\",\"condition_1\":\"improbable\",\"continuation_0\":\"buildings\",\"continuation_1\":\"[POSS] nose\",\"id_0\":33,\"id_1\":58,\"context_0\":\"They are not near sand, so they are\",\"context_1\":\"They do not have fingers, so they are\",\"task_type\":\"critical\",\"concept\":\"impossible\",\"trial_type\":\"html-button-response\",\"trial_index\":22,\"time_elapsed\":155629,\"internal_node_id\":\"0.0-1.0-0.17\",\"subject_id\":\"66648965f73c76a2b47ecb2b\",\"study_id\":\"67e2c7f5c9ee767149702482\",\"session_id\":\"67e2d2691f615e5f857a58d4\",\"rng_seed\":\"0.9921927057758575\",\"response_label\":0,\"provided_context\":true},{\"rt\":6810,\"stimulus\":\"<div style=\\\"font-size:20px;\\\"><p>Which scenario is more impossible?</p>\\n  Reminder: <strong>Impossible</strong> means it cannot happen in our world given the laws of nature, but may happen in a fictional world (e.g., \\\"I painted the house with my mind.\\\"). </div>\",\"response\":0,\"stimulus_0\":\"taking a vacation to\",\"stimulus_1\":\"cooling a room using\",\"condition_0\":\"impossible\",\"condition_1\":\"inconceivable\",\"continuation_0\":\"the sun\",\"continuation_1\":\"a taste\",\"id_0\":61,\"id_1\":17,\"context_0\":\"They are not near the beach, so they are\",\"context_1\":\"They do not have a fan, so they are\",\"task_type\":\"critical\",\"concept\":\"impossible\",\"trial_type\":\"html-button-response\",\"trial_index\":23,\"time_elapsed\":162440,\"internal_node_id\":\"0.0-1.0-0.18\",\"subject_id\":\"66648965f73c76a2b47ecb2b\",\"study_id\":\"67e2c7f5c9ee767149702482\",\"session_id\":\"67e2d2691f615e5f857a58d4\",\"rng_seed\":\"0.9921927057758575\",\"response_label\":0,\"provided_context\":true},{\"rt\":9353,\"stimulus\":\"<div style=\\\"font-size:20px;\\\"><p>Which scenario is more impossible?</p>\\n  Reminder: <strong>Impossible</strong> means it cannot happen in our world given the laws of nature, but may happen in a fictional world (e.g., \\\"I painted the house with my mind.\\\"). </div>\",\"response\":1,\"stimulus_0\":\"painting a wall using\",\"stimulus_1\":\"cooling a room using\",\"condition_0\":\"inconceivable\",\"condition_1\":\"inconceivable\",\"continuation_0\":\"a whisper\",\"continuation_1\":\"a taste\",\"id_0\":45,\"id_1\":17,\"context_0\":\"They do not have a brush, so they are\",\"context_1\":\"They do not have a fan, so they are\",\"task_type\":\"critical\",\"concept\":\"impossible\",\"trial_type\":\"html-button-response\",\"trial_index\":24,\"time_elapsed\":171794,\"internal_node_id\":\"0.0-1.0-0.19\",\"subject_id\":\"66648965f73c76a2b47ecb2b\",\"study_id\":\"67e2c7f5c9ee767149702482\",\"session_id\":\"67e2d2691f615e5f857a58d4\",\"rng_seed\":\"0.9921927057758575\",\"response_label\":1,\"provided_context\":true},{\"rt\":1610,\"stimulus\":\"<div style=\\\"font-size:20px;\\\"><p>Follow the instructions below.</p></div>\",\"response\":0,\"stimulus_0\":\"painting a wall using\",\"stimulus_1\":\"cooling a room using\",\"condition_0\":\"inconceivable\",\"condition_1\":\"inconceivable\",\"continuation_0\":\"a whisper\",\"continuation_1\":\"a taste\",\"id_0\":45,\"id_1\":17,\"context_0\":\"They do not have a brush, so they are\",\"context_1\":\"They do not have a fan, so they are\",\"task_type\":\"attention_check\",\"choices\":[\"Click This Button!\",\"Don't Click This Button!\"],\"trial_type\":\"html-button-response\",\"trial_index\":25,\"time_elapsed\":173405,\"internal_node_id\":\"0.0-1.0-1.19-0.19\",\"subject_id\":\"66648965f73c76a2b47ecb2b\",\"study_id\":\"67e2c7f5c9ee767149702482\",\"session_id\":\"67e2d2691f615e5f857a58d4\",\"rng_seed\":\"0.9921927057758575\"},{\"rt\":16335,\"response\":{\"language\":\"English\",\"gender\":\"Female\",\"feedback\":\"\"},\"trial_type\":\"survey-text\",\"trial_index\":26,\"time_elapsed\":189747,\"internal_node_id\":\"0.0-2.0\",\"subject_id\":\"66648965f73c76a2b47ecb2b\",\"study_id\":\"67e2c7f5c9ee767149702482\",\"session_id\":\"67e2d2691f615e5f857a58d4\",\"rng_seed\":\"0.9921927057758575\",\"task_type\":\"survey\"},{\"success\":true,\"completion_time\":\"2025-03-25T16:01:09.896Z\",\"exp_type\":\"gesture-beat-expt-pilot\"}]",
    "dir_path": "data/experiment_2_pilot"
}