{
    "prolific_data": {
        "subject_id": "5ea2d24bb39fb420194e9b00",
        "study_id": "67e2c7f5c9ee767149702482",
        "session_id": "67e2d48a914c791a0cd1489f",
        "rng_seed": "0.015081467198225562"
    },
    "data": "[{\"rt\":28392,\"stimulus\":\"\\n  <div class=\\\"jspsych-content\\\" align=left style=\\\"width:100%;text-align: left;\\\">\\n  <h2>Hello, and welcome to our study!</h2>\\n      In this study, we will ask you to 25 questions.\\n      <p>\\n      In 20 of the questions, we will need your help deciding which statement is more <strong>improbable</strong>.\\n      </p>\\n      <strong>Improbable</strong> means it is possible, but unlikely (e.g., \\\"I painted the house with my hair.\\\").\\n      <p>\\n      The remaining questions will check to make sure that you are paying attention to the study.\\n      <p>\\n    <h3>IMPORTANT:</h3>\\n    <ul>\\n      <li>Respond as quickly as you can.</li>\\n      <li>Answer the questions based on what is possible given the physical laws of the real world.</li>\\n      <li>There are no right or wrong answers. We are simply interested in your intuitions.</li>\\n      </ul>\\n    Once you are done reading this page, please press SPACEBAR to continue.\\n    </p>\\n  </div>\\n  \",\"response\":\" \",\"trial_type\":\"html-keyboard-response\",\"trial_index\":0,\"time_elapsed\":28397,\"internal_node_id\":\"0.0-0.0\",\"subject_id\":\"5ea2d24bb39fb420194e9b00\",\"study_id\":\"67e2c7f5c9ee767149702482\",\"session_id\":\"67e2d48a914c791a0cd1489f\",\"rng_seed\":\"0.015081467198225562\"},{\"rt\":20434,\"stimulus\":\"<div style=\\\"font-size:20px;\\\"><p>Which scenario is more improbable?</p>\\n  Reminder: <strong>Improbable</strong> means it is possible, but unlikely (e.g., \\\"I painted the house with my hair.\\\").</div>\",\"response\":1,\"stimulus_0\":\"catching a fish in\",\"stimulus_1\":\"shattering a window using\",\"condition_0\":\"improbable\",\"condition_1\":\"impossible\",\"continuation_0\":\"a puddle\",\"continuation_1\":\"confetti\",\"id_0\":8,\"id_1\":53,\"context_0\":\"They are not near a lake, so they are\",\"context_1\":\"They do not have a stone, so they are\",\"task_type\":\"critical\",\"concept\":\"improbable\",\"trial_type\":\"html-button-response\",\"trial_index\":1,\"time_elapsed\":48834,\"internal_node_id\":\"0.0-1.0-0.0\",\"subject_id\":\"5ea2d24bb39fb420194e9b00\",\"study_id\":\"67e2c7f5c9ee767149702482\",\"session_id\":\"67e2d48a914c791a0cd1489f\",\"rng_seed\":\"0.015081467198225562\",\"response_label\":1,\"provided_context\":true},{\"rt\":14974,\"stimulus\":\"<div style=\\\"font-size:20px;\\\"><p>Which scenario is more improbable?</p>\\n  Reminder: <strong>Improbable</strong> means it is possible, but unlikely (e.g., \\\"I painted the house with my hair.\\\").</div>\",\"response\":1,\"stimulus_0\":\"unlocking a door using\",\"stimulus_1\":\"taking a vacation to\",\"condition_0\":\"impossible\",\"condition_1\":\"impossible\",\"continuation_0\":\"a marshmallow\",\"continuation_1\":\"the sun\",\"id_0\":64,\"id_1\":61,\"context_0\":\"They do not have a key, so they are\",\"context_1\":\"They are not near the beach, so they are\",\"task_type\":\"critical\",\"concept\":\"improbable\",\"trial_type\":\"html-button-response\",\"trial_index\":2,\"time_elapsed\":63809,\"internal_node_id\":\"0.0-1.0-0.1\",\"subject_id\":\"5ea2d24bb39fb420194e9b00\",\"study_id\":\"67e2c7f5c9ee767149702482\",\"session_id\":\"67e2d48a914c791a0cd1489f\",\"rng_seed\":\"0.015081467198225562\",\"response_label\":1,\"provided_context\":true},{\"rt\":12015,\"stimulus\":\"<div style=\\\"font-size:20px;\\\"><p>Which scenario is more improbable?</p>\\n  Reminder: <strong>Improbable</strong> means it is possible, but unlikely (e.g., \\\"I painted the house with my hair.\\\").</div>\",\"response\":0,\"stimulus_0\":\"crafting a bowl out of\",\"stimulus_1\":\"eating soup using\",\"condition_0\":\"impossible\",\"condition_1\":\"improbable\",\"continuation_0\":\"smoke\",\"continuation_1\":\"a bucket\",\"id_0\":19,\"id_1\":31,\"context_0\":\"They do not have clay, so they are\",\"context_1\":\"They do not have a spoon, so they are\",\"task_type\":\"critical\",\"concept\":\"improbable\",\"trial_type\":\"html-button-response\",\"trial_index\":3,\"time_elapsed\":75826,\"internal_node_id\":\"0.0-1.0-0.2\",\"subject_id\":\"5ea2d24bb39fb420194e9b00\",\"study_id\":\"67e2c7f5c9ee767149702482\",\"session_id\":\"67e2d48a914c791a0cd1489f\",\"rng_seed\":\"0.015081467198225562\",\"response_label\":0,\"provided_context\":true},{\"rt\":12766,\"stimulus\":\"<div style=\\\"font-size:20px;\\\"><p>Which scenario is more improbable?</p>\\n  Reminder: <strong>Improbable</strong> means it is possible, but unlikely (e.g., \\\"I painted the house with my hair.\\\").</div>\",\"response\":1,\"stimulus_0\":\"drying laundry using\",\"stimulus_1\":\"lighting a candle using\",\"condition_0\":\"improbable\",\"condition_1\":\"impossible\",\"continuation_0\":\"a fan\",\"continuation_1\":\"yogurt\",\"id_0\":30,\"id_1\":39,\"context_0\":\"They do not have a clothesline, so they are\",\"context_1\":\"They do not have a match, so they are\",\"task_type\":\"critical\",\"concept\":\"improbable\",\"trial_type\":\"html-button-response\",\"trial_index\":4,\"time_elapsed\":88594,\"internal_node_id\":\"0.0-1.0-0.3\",\"subject_id\":\"5ea2d24bb39fb420194e9b00\",\"study_id\":\"67e2c7f5c9ee767149702482\",\"session_id\":\"67e2d48a914c791a0cd1489f\",\"rng_seed\":\"0.015081467198225562\",\"response_label\":1,\"provided_context\":true},{\"rt\":8187,\"stimulus\":\"<div style=\\\"font-size:20px;\\\"><p>Follow the instructions below.</p></div>\",\"response\":1,\"stimulus_0\":\"drying laundry using\",\"stimulus_1\":\"lighting a candle using\",\"condition_0\":\"improbable\",\"condition_1\":\"impossible\",\"continuation_0\":\"a fan\",\"continuation_1\":\"yogurt\",\"id_0\":30,\"id_1\":39,\"context_0\":\"They do not have a clothesline, so they are\",\"context_1\":\"They do not have a match, so they are\",\"task_type\":\"attention_check\",\"choices\":[\"Don't Click This Button!\",\"Click This Button!\"],\"trial_type\":\"html-button-response\",\"trial_index\":5,\"time_elapsed\":96783,\"internal_node_id\":\"0.0-1.0-1.3-0.3\",\"subject_id\":\"5ea2d24bb39fb420194e9b00\",\"study_id\":\"67e2c7f5c9ee767149702482\",\"session_id\":\"67e2d48a914c791a0cd1489f\",\"rng_seed\":\"0.015081467198225562\"},{\"rt\":10342,\"stimulus\":\"<div style=\\\"font-size:20px;\\\"><p>Which scenario is more improbable?</p>\\n  Reminder: <strong>Improbable</strong> means it is possible, but unlikely (e.g., \\\"I painted the house with my hair.\\\").</div>\",\"response\":1,\"stimulus_0\":\"drying laundry using\",\"stimulus_1\":\"unlocking a door using\",\"condition_0\":\"improbable\",\"condition_1\":\"impossible\",\"continuation_0\":\"a fan\",\"continuation_1\":\"a marshmallow\",\"id_0\":30,\"id_1\":64,\"context_0\":\"They do not have a clothesline, so they are\",\"context_1\":\"They do not have a key, so they are\",\"task_type\":\"critical\",\"concept\":\"improbable\",\"trial_type\":\"html-button-response\",\"trial_index\":6,\"time_elapsed\":107126,\"internal_node_id\":\"0.0-1.0-0.4\",\"subject_id\":\"5ea2d24bb39fb420194e9b00\",\"study_id\":\"67e2c7f5c9ee767149702482\",\"session_id\":\"67e2d48a914c791a0cd1489f\",\"rng_seed\":\"0.015081467198225562\",\"response_label\":1,\"provided_context\":true},{\"rt\":11450,\"stimulus\":\"<div style=\\\"font-size:20px;\\\"><p>Which scenario is more improbable?</p>\\n  Reminder: <strong>Improbable</strong> means it is possible, but unlikely (e.g., \\\"I painted the house with my hair.\\\").</div>\",\"response\":1,\"stimulus_0\":\"denting a car with\",\"stimulus_1\":\"painting a wall using\",\"condition_0\":\"improbable\",\"condition_1\":\"inconceivable\",\"continuation_0\":\"a dumbbell\",\"continuation_1\":\"a whisper\",\"id_0\":23,\"id_1\":45,\"context_0\":\"They do not have a baseball bat, so they are\",\"context_1\":\"They do not have a brush, so they are\",\"task_type\":\"critical\",\"concept\":\"improbable\",\"trial_type\":\"html-button-response\",\"trial_index\":7,\"time_elapsed\":118579,\"internal_node_id\":\"0.0-1.0-0.5\",\"subject_id\":\"5ea2d24bb39fb420194e9b00\",\"study_id\":\"67e2c7f5c9ee767149702482\",\"session_id\":\"67e2d48a914c791a0cd1489f\",\"rng_seed\":\"0.015081467198225562\",\"response_label\":1,\"provided_context\":true},{\"rt\":13663,\"stimulus\":\"<div style=\\\"font-size:20px;\\\"><p>Which scenario is more improbable?</p>\\n  Reminder: <strong>Improbable</strong> means it is possible, but unlikely (e.g., \\\"I painted the house with my hair.\\\").</div>\",\"response\":1,\"stimulus_0\":\"polishing jewelry using\",\"stimulus_1\":\"plucking a hair using\",\"condition_0\":\"impossible\",\"condition_1\":\"inconceivable\",\"continuation_0\":\"a chainsaw\",\"continuation_1\":\"sympathy\",\"id_0\":48,\"id_1\":47,\"context_0\":\"They do not have a cloth, so they are\",\"context_1\":\"They do not have tweezers, so they are\",\"task_type\":\"critical\",\"concept\":\"improbable\",\"trial_type\":\"html-button-response\",\"trial_index\":8,\"time_elapsed\":132243,\"internal_node_id\":\"0.0-1.0-0.6\",\"subject_id\":\"5ea2d24bb39fb420194e9b00\",\"study_id\":\"67e2c7f5c9ee767149702482\",\"session_id\":\"67e2d48a914c791a0cd1489f\",\"rng_seed\":\"0.015081467198225562\",\"response_label\":1,\"provided_context\":true},{\"rt\":8013,\"stimulus\":\"<div style=\\\"font-size:20px;\\\"><p>Which scenario is more improbable?</p>\\n  Reminder: <strong>Improbable</strong> means it is possible, but unlikely (e.g., \\\"I painted the house with my hair.\\\").</div>\",\"response\":1,\"stimulus_0\":\"unlocking a door using\",\"stimulus_1\":\"plucking a hair using\",\"condition_0\":\"impossible\",\"condition_1\":\"inconceivable\",\"continuation_0\":\"a marshmallow\",\"continuation_1\":\"sympathy\",\"id_0\":64,\"id_1\":47,\"context_0\":\"They do not have a key, so they are\",\"context_1\":\"They do not have tweezers, so they are\",\"task_type\":\"critical\",\"concept\":\"improbable\",\"trial_type\":\"html-button-response\",\"trial_index\":9,\"time_elapsed\":140257,\"internal_node_id\":\"0.0-1.0-0.7\",\"subject_id\":\"5ea2d24bb39fb420194e9b00\",\"study_id\":\"67e2c7f5c9ee767149702482\",\"session_id\":\"67e2d48a914c791a0cd1489f\",\"rng_seed\":\"0.015081467198225562\",\"response_label\":1,\"provided_context\":true},{\"rt\":2340,\"stimulus\":\"<div style=\\\"font-size:20px;\\\"><p>Follow the instructions below.</p></div>\",\"response\":0,\"stimulus_0\":\"unlocking a door using\",\"stimulus_1\":\"plucking a hair using\",\"condition_0\":\"impossible\",\"condition_1\":\"inconceivable\",\"continuation_0\":\"a marshmallow\",\"continuation_1\":\"sympathy\",\"id_0\":64,\"id_1\":47,\"context_0\":\"They do not have a key, so they are\",\"context_1\":\"They do not have tweezers, so they are\",\"task_type\":\"attention_check\",\"choices\":[\"Click This Button!\",\"Don't Click This Button!\"],\"trial_type\":\"html-button-response\",\"trial_index\":10,\"time_elapsed\":142599,\"internal_node_id\":\"0.0-1.0-1.7-0.7\",\"subject_id\":\"5ea2d24bb39fb420194e9b00\",\"study_id\":\"67e2c7f5c9ee767149702482\",\"session_id\":\"67e2d48a914c791a0cd1489f\",\"rng_seed\":\"0.015081467198225562\"},{\"rt\":9674,\"stimulus\":\"<div style=\\\"font-size:20px;\\\"><p>Which scenario is more improbable?</p>\\n  Reminder: <strong>Improbable</strong> means it is possible, but unlikely (e.g., \\\"I painted the house with my hair.\\\").</div>\",\"response\":1,\"stimulus_0\":\"shaving [POSS] beard using\",\"stimulus_1\":\"cooking dinner out of\",\"condition_0\":\"inconceivable\",\"condition_1\":\"impossible\",\"continuation_0\":\"a belief\",\"continuation_1\":\"the moon\",\"id_0\":54,\"id_1\":16,\"context_0\":\"They do not have a razor, so they are\",\"context_1\":\"They do not have pasta, so they are\",\"task_type\":\"critical\",\"concept\":\"improbable\",\"trial_type\":\"html-button-response\",\"trial_index\":11,\"time_elapsed\":152274,\"internal_node_id\":\"0.0-1.0-0.8\",\"subject_id\":\"5ea2d24bb39fb420194e9b00\",\"study_id\":\"67e2c7f5c9ee767149702482\",\"session_id\":\"67e2d48a914c791a0cd1489f\",\"rng_seed\":\"0.015081467198225562\",\"response_label\":1,\"provided_context\":true},{\"rt\":10339,\"stimulus\":\"<div style=\\\"font-size:20px;\\\"><p>Which scenario is more improbable?</p>\\n  Reminder: <strong>Improbable</strong> means it is possible, but unlikely (e.g., \\\"I painted the house with my hair.\\\").</div>\",\"response\":0,\"stimulus_0\":\"drinking a cup full of\",\"stimulus_1\":\"packing a suit inside\",\"condition_0\":\"inconceivable\",\"condition_1\":\"improbable\",\"continuation_0\":\"minutes\",\"continuation_1\":\"a pocket\",\"id_0\":28,\"id_1\":44,\"context_0\":\"They do not have water, so they are\",\"context_1\":\"They do not have a suitcase, so they are\",\"task_type\":\"critical\",\"concept\":\"improbable\",\"trial_type\":\"html-button-response\",\"trial_index\":12,\"time_elapsed\":162614,\"internal_node_id\":\"0.0-1.0-0.9\",\"subject_id\":\"5ea2d24bb39fb420194e9b00\",\"study_id\":\"67e2c7f5c9ee767149702482\",\"session_id\":\"67e2d48a914c791a0cd1489f\",\"rng_seed\":\"0.015081467198225562\",\"response_label\":0,\"provided_context\":true},{\"rt\":9691,\"stimulus\":\"<div style=\\\"font-size:20px;\\\"><p>Which scenario is more improbable?</p>\\n  Reminder: <strong>Improbable</strong> means it is possible, but unlikely (e.g., \\\"I painted the house with my hair.\\\").</div>\",\"response\":1,\"stimulus_0\":\"carrying groceries inside\",\"stimulus_1\":\"filling a bucket with\",\"condition_0\":\"improbable\",\"condition_1\":\"impossible\",\"continuation_0\":\"a backpack\",\"continuation_1\":\"buildings\",\"id_0\":6,\"id_1\":33,\"context_0\":\"They do not have a tote bag, so they are\",\"context_1\":\"They are not near sand, so they are\",\"task_type\":\"critical\",\"concept\":\"improbable\",\"trial_type\":\"html-button-response\",\"trial_index\":13,\"time_elapsed\":172306,\"internal_node_id\":\"0.0-1.0-0.10\",\"subject_id\":\"5ea2d24bb39fb420194e9b00\",\"study_id\":\"67e2c7f5c9ee767149702482\",\"session_id\":\"67e2d48a914c791a0cd1489f\",\"rng_seed\":\"0.015081467198225562\",\"response_label\":1,\"provided_context\":true},{\"rt\":7494,\"stimulus\":\"<div style=\\\"font-size:20px;\\\"><p>Which scenario is more improbable?</p>\\n  Reminder: <strong>Improbable</strong> means it is possible, but unlikely (e.g., \\\"I painted the house with my hair.\\\").</div>\",\"response\":1,\"stimulus_0\":\"carrying groceries inside\",\"stimulus_1\":\"shaving [POSS] beard using\",\"condition_0\":\"improbable\",\"condition_1\":\"inconceivable\",\"continuation_0\":\"a backpack\",\"continuation_1\":\"a belief\",\"id_0\":6,\"id_1\":54,\"context_0\":\"They do not have a tote bag, so they are\",\"context_1\":\"They do not have a razor, so they are\",\"task_type\":\"critical\",\"concept\":\"improbable\",\"trial_type\":\"html-button-response\",\"trial_index\":14,\"time_elapsed\":179802,\"internal_node_id\":\"0.0-1.0-0.11\",\"subject_id\":\"5ea2d24bb39fb420194e9b00\",\"study_id\":\"67e2c7f5c9ee767149702482\",\"session_id\":\"67e2d48a914c791a0cd1489f\",\"rng_seed\":\"0.015081467198225562\",\"response_label\":1,\"provided_context\":true},{\"rt\":1518,\"stimulus\":\"<div style=\\\"font-size:20px;\\\"><p>Follow the instructions below.</p></div>\",\"response\":1,\"stimulus_0\":\"carrying groceries inside\",\"stimulus_1\":\"shaving [POSS] beard using\",\"condition_0\":\"improbable\",\"condition_1\":\"inconceivable\",\"continuation_0\":\"a backpack\",\"continuation_1\":\"a belief\",\"id_0\":6,\"id_1\":54,\"context_0\":\"They do not have a tote bag, so they are\",\"context_1\":\"They do not have a razor, so they are\",\"task_type\":\"attention_check\",\"choices\":[\"Don't Click This Button!\",\"Click This Button!\"],\"trial_type\":\"html-button-response\",\"trial_index\":15,\"time_elapsed\":181322,\"internal_node_id\":\"0.0-1.0-1.11-0.11\",\"subject_id\":\"5ea2d24bb39fb420194e9b00\",\"study_id\":\"67e2c7f5c9ee767149702482\",\"session_id\":\"67e2d48a914c791a0cd1489f\",\"rng_seed\":\"0.015081467198225562\"},{\"rt\":6838,\"stimulus\":\"<div style=\\\"font-size:20px;\\\"><p>Which scenario is more improbable?</p>\\n  Reminder: <strong>Improbable</strong> means it is possible, but unlikely (e.g., \\\"I painted the house with my hair.\\\").</div>\",\"response\":0,\"stimulus_0\":\"lighting a candle using\",\"stimulus_1\":\"shattering a window using\",\"condition_0\":\"impossible\",\"condition_1\":\"impossible\",\"continuation_0\":\"yogurt\",\"continuation_1\":\"confetti\",\"id_0\":39,\"id_1\":53,\"context_0\":\"They do not have a match, so they are\",\"context_1\":\"They do not have a stone, so they are\",\"task_type\":\"critical\",\"concept\":\"improbable\",\"trial_type\":\"html-button-response\",\"trial_index\":16,\"time_elapsed\":188161,\"internal_node_id\":\"0.0-1.0-0.12\",\"subject_id\":\"5ea2d24bb39fb420194e9b00\",\"study_id\":\"67e2c7f5c9ee767149702482\",\"session_id\":\"67e2d48a914c791a0cd1489f\",\"rng_seed\":\"0.015081467198225562\",\"response_label\":0,\"provided_context\":true},{\"rt\":9947,\"stimulus\":\"<div style=\\\"font-size:20px;\\\"><p>Which scenario is more improbable?</p>\\n  Reminder: <strong>Improbable</strong> means it is possible, but unlikely (e.g., \\\"I painted the house with my hair.\\\").</div>\",\"response\":0,\"stimulus_0\":\"digging a hole using\",\"stimulus_1\":\"drying laundry using\",\"condition_0\":\"impossible\",\"condition_1\":\"improbable\",\"continuation_0\":\"dirt\",\"continuation_1\":\"a fan\",\"id_0\":24,\"id_1\":30,\"context_0\":\"They do not have a shovel, so they are\",\"context_1\":\"They do not have a clothesline, so they are\",\"task_type\":\"critical\",\"concept\":\"improbable\",\"trial_type\":\"html-button-response\",\"trial_index\":17,\"time_elapsed\":198110,\"internal_node_id\":\"0.0-1.0-0.13\",\"subject_id\":\"5ea2d24bb39fb420194e9b00\",\"study_id\":\"67e2c7f5c9ee767149702482\",\"session_id\":\"67e2d48a914c791a0cd1489f\",\"rng_seed\":\"0.015081467198225562\",\"response_label\":0,\"provided_context\":true},{\"rt\":8909,\"stimulus\":\"<div style=\\\"font-size:20px;\\\"><p>Which scenario is more improbable?</p>\\n  Reminder: <strong>Improbable</strong> means it is possible, but unlikely (e.g., \\\"I painted the house with my hair.\\\").</div>\",\"response\":0,\"stimulus_0\":\"cleaning a spill using\",\"stimulus_1\":\"crushing a soda can using\",\"condition_0\":\"inconceivable\",\"condition_1\":\"improbable\",\"continuation_0\":\"a country\",\"continuation_1\":\"a chair\",\"id_0\":11,\"id_1\":20,\"context_0\":\"They do not have a sponge, so they are\",\"context_1\":\"They do not have a shoe, so they are\",\"task_type\":\"critical\",\"concept\":\"improbable\",\"trial_type\":\"html-button-response\",\"trial_index\":18,\"time_elapsed\":207020,\"internal_node_id\":\"0.0-1.0-0.14\",\"subject_id\":\"5ea2d24bb39fb420194e9b00\",\"study_id\":\"67e2c7f5c9ee767149702482\",\"session_id\":\"67e2d48a914c791a0cd1489f\",\"rng_seed\":\"0.015081467198225562\",\"response_label\":0,\"provided_context\":true},{\"rt\":6113,\"stimulus\":\"<div style=\\\"font-size:20px;\\\"><p>Which scenario is more improbable?</p>\\n  Reminder: <strong>Improbable</strong> means it is possible, but unlikely (e.g., \\\"I painted the house with my hair.\\\").</div>\",\"response\":1,\"stimulus_0\":\"digging a hole using\",\"stimulus_1\":\"filling a bucket with\",\"condition_0\":\"impossible\",\"condition_1\":\"impossible\",\"continuation_0\":\"dirt\",\"continuation_1\":\"buildings\",\"id_0\":24,\"id_1\":33,\"context_0\":\"They do not have a shovel, so they are\",\"context_1\":\"They are not near sand, so they are\",\"task_type\":\"critical\",\"concept\":\"improbable\",\"trial_type\":\"html-button-response\",\"trial_index\":19,\"time_elapsed\":213134,\"internal_node_id\":\"0.0-1.0-0.15\",\"subject_id\":\"5ea2d24bb39fb420194e9b00\",\"study_id\":\"67e2c7f5c9ee767149702482\",\"session_id\":\"67e2d48a914c791a0cd1489f\",\"rng_seed\":\"0.015081467198225562\",\"response_label\":1,\"provided_context\":true},{\"rt\":1738,\"stimulus\":\"<div style=\\\"font-size:20px;\\\"><p>Follow the instructions below.</p></div>\",\"response\":1,\"stimulus_0\":\"digging a hole using\",\"stimulus_1\":\"filling a bucket with\",\"condition_0\":\"impossible\",\"condition_1\":\"impossible\",\"continuation_0\":\"dirt\",\"continuation_1\":\"buildings\",\"id_0\":24,\"id_1\":33,\"context_0\":\"They do not have a shovel, so they are\",\"context_1\":\"They are not near sand, so they are\",\"task_type\":\"attention_check\",\"choices\":[\"Don't Click This Button!\",\"Click This Button!\"],\"trial_type\":\"html-button-response\",\"trial_index\":20,\"time_elapsed\":214873,\"internal_node_id\":\"0.0-1.0-1.15-0.15\",\"subject_id\":\"5ea2d24bb39fb420194e9b00\",\"study_id\":\"67e2c7f5c9ee767149702482\",\"session_id\":\"67e2d48a914c791a0cd1489f\",\"rng_seed\":\"0.015081467198225562\"},{\"rt\":10202,\"stimulus\":\"<div style=\\\"font-size:20px;\\\"><p>Which scenario is more improbable?</p>\\n  Reminder: <strong>Improbable</strong> means it is possible, but unlikely (e.g., \\\"I painted the house with my hair.\\\").</div>\",\"response\":0,\"stimulus_0\":\"crafting a bowl out of\",\"stimulus_1\":\"cutting cardboard using\",\"condition_0\":\"impossible\",\"condition_1\":\"inconceivable\",\"continuation_0\":\"smoke\",\"continuation_1\":\"a snore\",\"id_0\":19,\"id_1\":22,\"context_0\":\"They do not have clay, so they are\",\"context_1\":\"They do not have scissors, so they are\",\"task_type\":\"critical\",\"concept\":\"improbable\",\"trial_type\":\"html-button-response\",\"trial_index\":21,\"time_elapsed\":225076,\"internal_node_id\":\"0.0-1.0-0.16\",\"subject_id\":\"5ea2d24bb39fb420194e9b00\",\"study_id\":\"67e2c7f5c9ee767149702482\",\"session_id\":\"67e2d48a914c791a0cd1489f\",\"rng_seed\":\"0.015081467198225562\",\"response_label\":0,\"provided_context\":true},{\"rt\":7672,\"stimulus\":\"<div style=\\\"font-size:20px;\\\"><p>Which scenario is more improbable?</p>\\n  Reminder: <strong>Improbable</strong> means it is possible, but unlikely (e.g., \\\"I painted the house with my hair.\\\").</div>\",\"response\":1,\"stimulus_0\":\"packing a suit inside\",\"stimulus_1\":\"taking a vacation to\",\"condition_0\":\"improbable\",\"condition_1\":\"impossible\",\"continuation_0\":\"a pocket\",\"continuation_1\":\"the sun\",\"id_0\":44,\"id_1\":61,\"context_0\":\"They do not have a suitcase, so they are\",\"context_1\":\"They are not near the beach, so they are\",\"task_type\":\"critical\",\"concept\":\"improbable\",\"trial_type\":\"html-button-response\",\"trial_index\":22,\"time_elapsed\":232749,\"internal_node_id\":\"0.0-1.0-0.17\",\"subject_id\":\"5ea2d24bb39fb420194e9b00\",\"study_id\":\"67e2c7f5c9ee767149702482\",\"session_id\":\"67e2d48a914c791a0cd1489f\",\"rng_seed\":\"0.015081467198225562\",\"response_label\":1,\"provided_context\":true},{\"rt\":6193,\"stimulus\":\"<div style=\\\"font-size:20px;\\\"><p>Which scenario is more improbable?</p>\\n  Reminder: <strong>Improbable</strong> means it is possible, but unlikely (e.g., \\\"I painted the house with my hair.\\\").</div>\",\"response\":1,\"stimulus_0\":\"carrying groceries inside\",\"stimulus_1\":\"drinking a cup full of\",\"condition_0\":\"improbable\",\"condition_1\":\"inconceivable\",\"continuation_0\":\"a backpack\",\"continuation_1\":\"minutes\",\"id_0\":6,\"id_1\":28,\"context_0\":\"They do not have a tote bag, so they are\",\"context_1\":\"They do not have water, so they are\",\"task_type\":\"critical\",\"concept\":\"improbable\",\"trial_type\":\"html-button-response\",\"trial_index\":23,\"time_elapsed\":238944,\"internal_node_id\":\"0.0-1.0-0.18\",\"subject_id\":\"5ea2d24bb39fb420194e9b00\",\"study_id\":\"67e2c7f5c9ee767149702482\",\"session_id\":\"67e2d48a914c791a0cd1489f\",\"rng_seed\":\"0.015081467198225562\",\"response_label\":1,\"provided_context\":true},{\"rt\":9052,\"stimulus\":\"<div style=\\\"font-size:20px;\\\"><p>Which scenario is more improbable?</p>\\n  Reminder: <strong>Improbable</strong> means it is possible, but unlikely (e.g., \\\"I painted the house with my hair.\\\").</div>\",\"response\":0,\"stimulus_0\":\"lighting a candle using\",\"stimulus_1\":\"catching a fish in\",\"condition_0\":\"impossible\",\"condition_1\":\"improbable\",\"continuation_0\":\"yogurt\",\"continuation_1\":\"a puddle\",\"id_0\":39,\"id_1\":8,\"context_0\":\"They do not have a match, so they are\",\"context_1\":\"They are not near a lake, so they are\",\"task_type\":\"critical\",\"concept\":\"improbable\",\"trial_type\":\"html-button-response\",\"trial_index\":24,\"time_elapsed\":247998,\"internal_node_id\":\"0.0-1.0-0.19\",\"subject_id\":\"5ea2d24bb39fb420194e9b00\",\"study_id\":\"67e2c7f5c9ee767149702482\",\"session_id\":\"67e2d48a914c791a0cd1489f\",\"rng_seed\":\"0.015081467198225562\",\"response_label\":0,\"provided_context\":true},{\"rt\":1304,\"stimulus\":\"<div style=\\\"font-size:20px;\\\"><p>Follow the instructions below.</p></div>\",\"response\":0,\"stimulus_0\":\"lighting a candle using\",\"stimulus_1\":\"catching a fish in\",\"condition_0\":\"impossible\",\"condition_1\":\"improbable\",\"continuation_0\":\"yogurt\",\"continuation_1\":\"a puddle\",\"id_0\":39,\"id_1\":8,\"context_0\":\"They do not have a match, so they are\",\"context_1\":\"They are not near a lake, so they are\",\"task_type\":\"attention_check\",\"choices\":[\"Click This Button!\",\"Don't Click This Button!\"],\"trial_type\":\"html-button-response\",\"trial_index\":25,\"time_elapsed\":249303,\"internal_node_id\":\"0.0-1.0-1.19-0.19\",\"subject_id\":\"5ea2d24bb39fb420194e9b00\",\"study_id\":\"67e2c7f5c9ee767149702482\",\"session_id\":\"67e2d48a914c791a0cd1489f\",\"rng_seed\":\"0.015081467198225562\"},{\"rt\":9045,\"response\":{\"language\":\"italian\",\"gender\":\"female\",\"feedback\":\"\"},\"trial_type\":\"survey-text\",\"trial_index\":26,\"time_elapsed\":258362,\"internal_node_id\":\"0.0-2.0\",\"subject_id\":\"5ea2d24bb39fb420194e9b00\",\"study_id\":\"67e2c7f5c9ee767149702482\",\"session_id\":\"67e2d48a914c791a0cd1489f\",\"rng_seed\":\"0.015081467198225562\",\"task_type\":\"survey\"},{\"success\":true,\"completion_time\":\"2025-03-25T16:11:07.895Z\",\"exp_type\":\"gesture-beat-expt-pilot\"}]",
    "dir_path": "data/experiment_2_pilot"
}