{
    "prolific_data": {
        "subject_id": "60fc2ec58ad0da367daee3c1",
        "study_id": "67e2c7f5c9ee767149702482",
        "session_id": "67e2d465737df6bc6229fdeb",
        "rng_seed": "0.006589249201381042"
    },
    "data": "[{\"rt\":19552,\"stimulus\":\"\\n  <div class=\\\"jspsych-content\\\" align=left style=\\\"width:100%;text-align: left;\\\">\\n  <h2>Hello, and welcome to our study!</h2>\\n      In this study, we will ask you to 25 questions.\\n      <p>\\n      In 20 of the questions, we will need your help deciding which statement is more <strong>improbable</strong>.\\n      </p>\\n      <strong>Improbable</strong> means it is possible, but unlikely (e.g., \\\"I painted the house with my hair.\\\").\\n      <p>\\n      The remaining questions will check to make sure that you are paying attention to the study.\\n      <p>\\n    <h3>IMPORTANT:</h3>\\n    <ul>\\n      <li>Respond as quickly as you can.</li>\\n      <li>Answer the questions based on what is possible given the physical laws of the real world.</li>\\n      <li>There are no right or wrong answers. We are simply interested in your intuitions.</li>\\n      </ul>\\n    Once you are done reading this page, please press SPACEBAR to continue.\\n    </p>\\n  </div>\\n  \",\"response\":\" \",\"trial_type\":\"html-keyboard-response\",\"trial_index\":0,\"time_elapsed\":19571,\"internal_node_id\":\"0.0-0.0\",\"subject_id\":\"60fc2ec58ad0da367daee3c1\",\"study_id\":\"67e2c7f5c9ee767149702482\",\"session_id\":\"67e2d465737df6bc6229fdeb\",\"rng_seed\":\"0.006589249201381042\"},{\"rt\":16567,\"stimulus\":\"<div style=\\\"font-size:20px;\\\"><p>Which scenario is more improbable?</p>\\n  Reminder: <strong>Improbable</strong> means it is possible, but unlikely (e.g., \\\"I painted the house with my hair.\\\").</div>\",\"response\":1,\"stimulus_0\":\"filling a bucket with\",\"stimulus_1\":\"shaving [POSS] beard using\",\"condition_0\":\"impossible\",\"condition_1\":\"inconceivable\",\"continuation_0\":\"buildings\",\"continuation_1\":\"a belief\",\"id_0\":33,\"id_1\":54,\"context_0\":\"They are not near sand, so they are\",\"context_1\":\"They do not have a razor, so they are\",\"task_type\":\"critical\",\"concept\":\"improbable\",\"trial_type\":\"html-button-response\",\"trial_index\":1,\"time_elapsed\":36145,\"internal_node_id\":\"0.0-1.0-0.0\",\"subject_id\":\"60fc2ec58ad0da367daee3c1\",\"study_id\":\"67e2c7f5c9ee767149702482\",\"session_id\":\"67e2d465737df6bc6229fdeb\",\"rng_seed\":\"0.006589249201381042\",\"response_label\":1,\"provided_context\":true},{\"rt\":10561,\"stimulus\":\"<div style=\\\"font-size:20px;\\\"><p>Which scenario is more improbable?</p>\\n  Reminder: <strong>Improbable</strong> means it is possible, but unlikely (e.g., \\\"I painted the house with my hair.\\\").</div>\",\"response\":0,\"stimulus_0\":\"crushing a soda can using\",\"stimulus_1\":\"shaving [POSS] beard using\",\"condition_0\":\"improbable\",\"condition_1\":\"inconceivable\",\"continuation_0\":\"a chair\",\"continuation_1\":\"a belief\",\"id_0\":20,\"id_1\":54,\"context_0\":\"They do not have a shoe, so they are\",\"context_1\":\"They do not have a razor, so they are\",\"task_type\":\"critical\",\"concept\":\"improbable\",\"trial_type\":\"html-button-response\",\"trial_index\":2,\"time_elapsed\":46710,\"internal_node_id\":\"0.0-1.0-0.1\",\"subject_id\":\"60fc2ec58ad0da367daee3c1\",\"study_id\":\"67e2c7f5c9ee767149702482\",\"session_id\":\"67e2d465737df6bc6229fdeb\",\"rng_seed\":\"0.006589249201381042\",\"response_label\":0,\"provided_context\":true},{\"rt\":7276,\"stimulus\":\"<div style=\\\"font-size:20px;\\\"><p>Which scenario is more improbable?</p>\\n  Reminder: <strong>Improbable</strong> means it is possible, but unlikely (e.g., \\\"I painted the house with my hair.\\\").</div>\",\"response\":0,\"stimulus_0\":\"catching a fish in\",\"stimulus_1\":\"packing a suit inside\",\"condition_0\":\"improbable\",\"condition_1\":\"improbable\",\"continuation_0\":\"a puddle\",\"continuation_1\":\"a pocket\",\"id_0\":8,\"id_1\":44,\"context_0\":\"They are not near a lake, so they are\",\"context_1\":\"They do not have a suitcase, so they are\",\"task_type\":\"critical\",\"concept\":\"improbable\",\"trial_type\":\"html-button-response\",\"trial_index\":3,\"time_elapsed\":53990,\"internal_node_id\":\"0.0-1.0-0.2\",\"subject_id\":\"60fc2ec58ad0da367daee3c1\",\"study_id\":\"67e2c7f5c9ee767149702482\",\"session_id\":\"67e2d465737df6bc6229fdeb\",\"rng_seed\":\"0.006589249201381042\",\"response_label\":0,\"provided_context\":true},{\"rt\":6425,\"stimulus\":\"<div style=\\\"font-size:20px;\\\"><p>Which scenario is more improbable?</p>\\n  Reminder: <strong>Improbable</strong> means it is possible, but unlikely (e.g., \\\"I painted the house with my hair.\\\").</div>\",\"response\":1,\"stimulus_0\":\"taking a vacation to\",\"stimulus_1\":\"polishing jewelry using\",\"condition_0\":\"impossible\",\"condition_1\":\"impossible\",\"continuation_0\":\"the sun\",\"continuation_1\":\"a chainsaw\",\"id_0\":61,\"id_1\":48,\"context_0\":\"They are not near the beach, so they are\",\"context_1\":\"They do not have a cloth, so they are\",\"task_type\":\"critical\",\"concept\":\"improbable\",\"trial_type\":\"html-button-response\",\"trial_index\":4,\"time_elapsed\":60418,\"internal_node_id\":\"0.0-1.0-0.3\",\"subject_id\":\"60fc2ec58ad0da367daee3c1\",\"study_id\":\"67e2c7f5c9ee767149702482\",\"session_id\":\"67e2d465737df6bc6229fdeb\",\"rng_seed\":\"0.006589249201381042\",\"response_label\":1,\"provided_context\":true},{\"rt\":2815,\"stimulus\":\"<div style=\\\"font-size:20px;\\\"><p>Follow the instructions below.</p></div>\",\"response\":1,\"stimulus_0\":\"taking a vacation to\",\"stimulus_1\":\"polishing jewelry using\",\"condition_0\":\"impossible\",\"condition_1\":\"impossible\",\"continuation_0\":\"the sun\",\"continuation_1\":\"a chainsaw\",\"id_0\":61,\"id_1\":48,\"context_0\":\"They are not near the beach, so they are\",\"context_1\":\"They do not have a cloth, so they are\",\"task_type\":\"attention_check\",\"choices\":[\"Don't Click This Button!\",\"Click This Button!\"],\"trial_type\":\"html-button-response\",\"trial_index\":5,\"time_elapsed\":63236,\"internal_node_id\":\"0.0-1.0-1.3-0.3\",\"subject_id\":\"60fc2ec58ad0da367daee3c1\",\"study_id\":\"67e2c7f5c9ee767149702482\",\"session_id\":\"67e2d465737df6bc6229fdeb\",\"rng_seed\":\"0.006589249201381042\"},{\"rt\":6551,\"stimulus\":\"<div style=\\\"font-size:20px;\\\"><p>Which scenario is more improbable?</p>\\n  Reminder: <strong>Improbable</strong> means it is possible, but unlikely (e.g., \\\"I painted the house with my hair.\\\").</div>\",\"response\":1,\"stimulus_0\":\"shaving [POSS] beard using\",\"stimulus_1\":\"sewing a shirt using\",\"condition_0\":\"inconceivable\",\"condition_1\":\"improbable\",\"continuation_0\":\"a belief\",\"continuation_1\":\"a toothpick\",\"id_0\":54,\"id_1\":52,\"context_0\":\"They do not have a razor, so they are\",\"context_1\":\"They do not have a needle, so they are\",\"task_type\":\"critical\",\"concept\":\"improbable\",\"trial_type\":\"html-button-response\",\"trial_index\":6,\"time_elapsed\":69791,\"internal_node_id\":\"0.0-1.0-0.4\",\"subject_id\":\"60fc2ec58ad0da367daee3c1\",\"study_id\":\"67e2c7f5c9ee767149702482\",\"session_id\":\"67e2d465737df6bc6229fdeb\",\"rng_seed\":\"0.006589249201381042\",\"response_label\":1,\"provided_context\":true},{\"rt\":4222,\"stimulus\":\"<div style=\\\"font-size:20px;\\\"><p>Which scenario is more improbable?</p>\\n  Reminder: <strong>Improbable</strong> means it is possible, but unlikely (e.g., \\\"I painted the house with my hair.\\\").</div>\",\"response\":1,\"stimulus_0\":\"filling a bucket with\",\"stimulus_1\":\"denting a car with\",\"condition_0\":\"impossible\",\"condition_1\":\"improbable\",\"continuation_0\":\"buildings\",\"continuation_1\":\"a dumbbell\",\"id_0\":33,\"id_1\":23,\"context_0\":\"They are not near sand, so they are\",\"context_1\":\"They do not have a baseball bat, so they are\",\"task_type\":\"critical\",\"concept\":\"improbable\",\"trial_type\":\"html-button-response\",\"trial_index\":7,\"time_elapsed\":74016,\"internal_node_id\":\"0.0-1.0-0.5\",\"subject_id\":\"60fc2ec58ad0da367daee3c1\",\"study_id\":\"67e2c7f5c9ee767149702482\",\"session_id\":\"67e2d465737df6bc6229fdeb\",\"rng_seed\":\"0.006589249201381042\",\"response_label\":1,\"provided_context\":true},{\"rt\":5381,\"stimulus\":\"<div style=\\\"font-size:20px;\\\"><p>Which scenario is more improbable?</p>\\n  Reminder: <strong>Improbable</strong> means it is possible, but unlikely (e.g., \\\"I painted the house with my hair.\\\").</div>\",\"response\":1,\"stimulus_0\":\"cleaning a spill using\",\"stimulus_1\":\"eating soup using\",\"condition_0\":\"inconceivable\",\"condition_1\":\"improbable\",\"continuation_0\":\"a country\",\"continuation_1\":\"a bucket\",\"id_0\":11,\"id_1\":31,\"context_0\":\"They do not have a sponge, so they are\",\"context_1\":\"They do not have a spoon, so they are\",\"task_type\":\"critical\",\"concept\":\"improbable\",\"trial_type\":\"html-button-response\",\"trial_index\":8,\"time_elapsed\":79400,\"internal_node_id\":\"0.0-1.0-0.6\",\"subject_id\":\"60fc2ec58ad0da367daee3c1\",\"study_id\":\"67e2c7f5c9ee767149702482\",\"session_id\":\"67e2d465737df6bc6229fdeb\",\"rng_seed\":\"0.006589249201381042\",\"response_label\":1,\"provided_context\":true},{\"rt\":8561,\"stimulus\":\"<div style=\\\"font-size:20px;\\\"><p>Which scenario is more improbable?</p>\\n  Reminder: <strong>Improbable</strong> means it is possible, but unlikely (e.g., \\\"I painted the house with my hair.\\\").</div>\",\"response\":1,\"stimulus_0\":\"carving a statue using\",\"stimulus_1\":\"drying laundry using\",\"condition_0\":\"impossible\",\"condition_1\":\"improbable\",\"continuation_0\":\"a sock\",\"continuation_1\":\"a fan\",\"id_0\":7,\"id_1\":30,\"context_0\":\"They do not have a chisel, so they are\",\"context_1\":\"They do not have a clothesline, so they are\",\"task_type\":\"critical\",\"concept\":\"improbable\",\"trial_type\":\"html-button-response\",\"trial_index\":9,\"time_elapsed\":87964,\"internal_node_id\":\"0.0-1.0-0.7\",\"subject_id\":\"60fc2ec58ad0da367daee3c1\",\"study_id\":\"67e2c7f5c9ee767149702482\",\"session_id\":\"67e2d465737df6bc6229fdeb\",\"rng_seed\":\"0.006589249201381042\",\"response_label\":1,\"provided_context\":true},{\"rt\":2729,\"stimulus\":\"<div style=\\\"font-size:20px;\\\"><p>Follow the instructions below.</p></div>\",\"response\":0,\"stimulus_0\":\"carving a statue using\",\"stimulus_1\":\"drying laundry using\",\"condition_0\":\"impossible\",\"condition_1\":\"improbable\",\"continuation_0\":\"a sock\",\"continuation_1\":\"a fan\",\"id_0\":7,\"id_1\":30,\"context_0\":\"They do not have a chisel, so they are\",\"context_1\":\"They do not have a clothesline, so they are\",\"task_type\":\"attention_check\",\"choices\":[\"Click This Button!\",\"Don't Click This Button!\"],\"trial_type\":\"html-button-response\",\"trial_index\":10,\"time_elapsed\":90696,\"internal_node_id\":\"0.0-1.0-1.7-0.7\",\"subject_id\":\"60fc2ec58ad0da367daee3c1\",\"study_id\":\"67e2c7f5c9ee767149702482\",\"session_id\":\"67e2d465737df6bc6229fdeb\",\"rng_seed\":\"0.006589249201381042\"},{\"rt\":5683,\"stimulus\":\"<div style=\\\"font-size:20px;\\\"><p>Which scenario is more improbable?</p>\\n  Reminder: <strong>Improbable</strong> means it is possible, but unlikely (e.g., \\\"I painted the house with my hair.\\\").</div>\",\"response\":1,\"stimulus_0\":\"shaving [POSS] beard using\",\"stimulus_1\":\"crushing a soda can using\",\"condition_0\":\"inconceivable\",\"condition_1\":\"improbable\",\"continuation_0\":\"a belief\",\"continuation_1\":\"a chair\",\"id_0\":54,\"id_1\":20,\"context_0\":\"They do not have a razor, so they are\",\"context_1\":\"They do not have a shoe, so they are\",\"task_type\":\"critical\",\"concept\":\"improbable\",\"trial_type\":\"html-button-response\",\"trial_index\":11,\"time_elapsed\":96382,\"internal_node_id\":\"0.0-1.0-0.8\",\"subject_id\":\"60fc2ec58ad0da367daee3c1\",\"study_id\":\"67e2c7f5c9ee767149702482\",\"session_id\":\"67e2d465737df6bc6229fdeb\",\"rng_seed\":\"0.006589249201381042\",\"response_label\":1,\"provided_context\":true},{\"rt\":5791,\"stimulus\":\"<div style=\\\"font-size:20px;\\\"><p>Which scenario is more improbable?</p>\\n  Reminder: <strong>Improbable</strong> means it is possible, but unlikely (e.g., \\\"I painted the house with my hair.\\\").</div>\",\"response\":1,\"stimulus_0\":\"baking a cake inside\",\"stimulus_1\":\"drying laundry using\",\"condition_0\":\"inconceivable\",\"condition_1\":\"improbable\",\"continuation_0\":\"a sigh\",\"continuation_1\":\"a fan\",\"id_0\":0,\"id_1\":30,\"context_0\":\"They do not have an oven, so they are\",\"context_1\":\"They do not have a clothesline, so they are\",\"task_type\":\"critical\",\"concept\":\"improbable\",\"trial_type\":\"html-button-response\",\"trial_index\":12,\"time_elapsed\":102176,\"internal_node_id\":\"0.0-1.0-0.9\",\"subject_id\":\"60fc2ec58ad0da367daee3c1\",\"study_id\":\"67e2c7f5c9ee767149702482\",\"session_id\":\"67e2d465737df6bc6229fdeb\",\"rng_seed\":\"0.006589249201381042\",\"response_label\":1,\"provided_context\":true},{\"rt\":6133,\"stimulus\":\"<div style=\\\"font-size:20px;\\\"><p>Which scenario is more improbable?</p>\\n  Reminder: <strong>Improbable</strong> means it is possible, but unlikely (e.g., \\\"I painted the house with my hair.\\\").</div>\",\"response\":1,\"stimulus_0\":\"polishing jewelry using\",\"stimulus_1\":\"baking a cake inside\",\"condition_0\":\"impossible\",\"condition_1\":\"inconceivable\",\"continuation_0\":\"a chainsaw\",\"continuation_1\":\"a sigh\",\"id_0\":48,\"id_1\":0,\"context_0\":\"They do not have a cloth, so they are\",\"context_1\":\"They do not have an oven, so they are\",\"task_type\":\"critical\",\"concept\":\"improbable\",\"trial_type\":\"html-button-response\",\"trial_index\":13,\"time_elapsed\":108312,\"internal_node_id\":\"0.0-1.0-0.10\",\"subject_id\":\"60fc2ec58ad0da367daee3c1\",\"study_id\":\"67e2c7f5c9ee767149702482\",\"session_id\":\"67e2d465737df6bc6229fdeb\",\"rng_seed\":\"0.006589249201381042\",\"response_label\":1,\"provided_context\":true},{\"rt\":6053,\"stimulus\":\"<div style=\\\"font-size:20px;\\\"><p>Which scenario is more improbable?</p>\\n  Reminder: <strong>Improbable</strong> means it is possible, but unlikely (e.g., \\\"I painted the house with my hair.\\\").</div>\",\"response\":1,\"stimulus_0\":\"packing a suit inside\",\"stimulus_1\":\"squishing a blueberry using\",\"condition_0\":\"improbable\",\"condition_1\":\"improbable\",\"continuation_0\":\"a pocket\",\"continuation_1\":\"[POSS] nose\",\"id_0\":44,\"id_1\":58,\"context_0\":\"They do not have a suitcase, so they are\",\"context_1\":\"They do not have fingers, so they are\",\"task_type\":\"critical\",\"concept\":\"improbable\",\"trial_type\":\"html-button-response\",\"trial_index\":14,\"time_elapsed\":114369,\"internal_node_id\":\"0.0-1.0-0.11\",\"subject_id\":\"60fc2ec58ad0da367daee3c1\",\"study_id\":\"67e2c7f5c9ee767149702482\",\"session_id\":\"67e2d465737df6bc6229fdeb\",\"rng_seed\":\"0.006589249201381042\",\"response_label\":1,\"provided_context\":true},{\"rt\":2002,\"stimulus\":\"<div style=\\\"font-size:20px;\\\"><p>Follow the instructions below.</p></div>\",\"response\":0,\"stimulus_0\":\"packing a suit inside\",\"stimulus_1\":\"squishing a blueberry using\",\"condition_0\":\"improbable\",\"condition_1\":\"improbable\",\"continuation_0\":\"a pocket\",\"continuation_1\":\"[POSS] nose\",\"id_0\":44,\"id_1\":58,\"context_0\":\"They do not have a suitcase, so they are\",\"context_1\":\"They do not have fingers, so they are\",\"task_type\":\"attention_check\",\"choices\":[\"Click This Button!\",\"Don't Click This Button!\"],\"trial_type\":\"html-button-response\",\"trial_index\":15,\"time_elapsed\":116374,\"internal_node_id\":\"0.0-1.0-1.11-0.11\",\"subject_id\":\"60fc2ec58ad0da367daee3c1\",\"study_id\":\"67e2c7f5c9ee767149702482\",\"session_id\":\"67e2d465737df6bc6229fdeb\",\"rng_seed\":\"0.006589249201381042\"},{\"rt\":4989,\"stimulus\":\"<div style=\\\"font-size:20px;\\\"><p>Which scenario is more improbable?</p>\\n  Reminder: <strong>Improbable</strong> means it is possible, but unlikely (e.g., \\\"I painted the house with my hair.\\\").</div>\",\"response\":1,\"stimulus_0\":\"filling a bucket with\",\"stimulus_1\":\"building a bridge out of\",\"condition_0\":\"impossible\",\"condition_1\":\"improbable\",\"continuation_0\":\"buildings\",\"continuation_1\":\"plastic\",\"id_0\":33,\"id_1\":4,\"context_0\":\"They are not near sand, so they are\",\"context_1\":\"They do not have any steel, so they are\",\"task_type\":\"critical\",\"concept\":\"improbable\",\"trial_type\":\"html-button-response\",\"trial_index\":16,\"time_elapsed\":121366,\"internal_node_id\":\"0.0-1.0-0.12\",\"subject_id\":\"60fc2ec58ad0da367daee3c1\",\"study_id\":\"67e2c7f5c9ee767149702482\",\"session_id\":\"67e2d465737df6bc6229fdeb\",\"rng_seed\":\"0.006589249201381042\",\"response_label\":1,\"provided_context\":true},{\"rt\":9294,\"stimulus\":\"<div style=\\\"font-size:20px;\\\"><p>Which scenario is more improbable?</p>\\n  Reminder: <strong>Improbable</strong> means it is possible, but unlikely (e.g., \\\"I painted the house with my hair.\\\").</div>\",\"response\":0,\"stimulus_0\":\"cutting cardboard using\",\"stimulus_1\":\"cooling a room using\",\"condition_0\":\"inconceivable\",\"condition_1\":\"inconceivable\",\"continuation_0\":\"a snore\",\"continuation_1\":\"a taste\",\"id_0\":22,\"id_1\":17,\"context_0\":\"They do not have scissors, so they are\",\"context_1\":\"They do not have a fan, so they are\",\"task_type\":\"critical\",\"concept\":\"improbable\",\"trial_type\":\"html-button-response\",\"trial_index\":17,\"time_elapsed\":130664,\"internal_node_id\":\"0.0-1.0-0.13\",\"subject_id\":\"60fc2ec58ad0da367daee3c1\",\"study_id\":\"67e2c7f5c9ee767149702482\",\"session_id\":\"67e2d465737df6bc6229fdeb\",\"rng_seed\":\"0.006589249201381042\",\"response_label\":0,\"provided_context\":true},{\"rt\":9566,\"stimulus\":\"<div style=\\\"font-size:20px;\\\"><p>Which scenario is more improbable?</p>\\n  Reminder: <strong>Improbable</strong> means it is possible, but unlikely (e.g., \\\"I painted the house with my hair.\\\").</div>\",\"response\":0,\"stimulus_0\":\"carving a statue using\",\"stimulus_1\":\"cooling a room using\",\"condition_0\":\"impossible\",\"condition_1\":\"inconceivable\",\"continuation_0\":\"a sock\",\"continuation_1\":\"a taste\",\"id_0\":7,\"id_1\":17,\"context_0\":\"They do not have a chisel, so they are\",\"context_1\":\"They do not have a fan, so they are\",\"task_type\":\"critical\",\"concept\":\"improbable\",\"trial_type\":\"html-button-response\",\"trial_index\":18,\"time_elapsed\":140233,\"internal_node_id\":\"0.0-1.0-0.14\",\"subject_id\":\"60fc2ec58ad0da367daee3c1\",\"study_id\":\"67e2c7f5c9ee767149702482\",\"session_id\":\"67e2d465737df6bc6229fdeb\",\"rng_seed\":\"0.006589249201381042\",\"response_label\":0,\"provided_context\":true},{\"rt\":4330,\"stimulus\":\"<div style=\\\"font-size:20px;\\\"><p>Which scenario is more improbable?</p>\\n  Reminder: <strong>Improbable</strong> means it is possible, but unlikely (e.g., \\\"I painted the house with my hair.\\\").</div>\",\"response\":1,\"stimulus_0\":\"lighting a candle using\",\"stimulus_1\":\"squishing a blueberry using\",\"condition_0\":\"impossible\",\"condition_1\":\"improbable\",\"continuation_0\":\"yogurt\",\"continuation_1\":\"[POSS] nose\",\"id_0\":39,\"id_1\":58,\"context_0\":\"They do not have a match, so they are\",\"context_1\":\"They do not have fingers, so they are\",\"task_type\":\"critical\",\"concept\":\"improbable\",\"trial_type\":\"html-button-response\",\"trial_index\":19,\"time_elapsed\":144566,\"internal_node_id\":\"0.0-1.0-0.15\",\"subject_id\":\"60fc2ec58ad0da367daee3c1\",\"study_id\":\"67e2c7f5c9ee767149702482\",\"session_id\":\"67e2d465737df6bc6229fdeb\",\"rng_seed\":\"0.006589249201381042\",\"response_label\":1,\"provided_context\":true},{\"rt\":1466,\"stimulus\":\"<div style=\\\"font-size:20px;\\\"><p>Follow the instructions below.</p></div>\",\"response\":1,\"stimulus_0\":\"lighting a candle using\",\"stimulus_1\":\"squishing a blueberry using\",\"condition_0\":\"impossible\",\"condition_1\":\"improbable\",\"continuation_0\":\"yogurt\",\"continuation_1\":\"[POSS] nose\",\"id_0\":39,\"id_1\":58,\"context_0\":\"They do not have a match, so they are\",\"context_1\":\"They do not have fingers, so they are\",\"task_type\":\"attention_check\",\"choices\":[\"Don't Click This Button!\",\"Click This Button!\"],\"trial_type\":\"html-button-response\",\"trial_index\":20,\"time_elapsed\":146035,\"internal_node_id\":\"0.0-1.0-1.15-0.15\",\"subject_id\":\"60fc2ec58ad0da367daee3c1\",\"study_id\":\"67e2c7f5c9ee767149702482\",\"session_id\":\"67e2d465737df6bc6229fdeb\",\"rng_seed\":\"0.006589249201381042\"},{\"rt\":7880,\"stimulus\":\"<div style=\\\"font-size:20px;\\\"><p>Which scenario is more improbable?</p>\\n  Reminder: <strong>Improbable</strong> means it is possible, but unlikely (e.g., \\\"I painted the house with my hair.\\\").</div>\",\"response\":0,\"stimulus_0\":\"building a bridge out of\",\"stimulus_1\":\"plucking a hair using\",\"condition_0\":\"improbable\",\"condition_1\":\"inconceivable\",\"continuation_0\":\"plastic\",\"continuation_1\":\"sympathy\",\"id_0\":4,\"id_1\":47,\"context_0\":\"They do not have any steel, so they are\",\"context_1\":\"They do not have tweezers, so they are\",\"task_type\":\"critical\",\"concept\":\"improbable\",\"trial_type\":\"html-button-response\",\"trial_index\":21,\"time_elapsed\":153918,\"internal_node_id\":\"0.0-1.0-0.16\",\"subject_id\":\"60fc2ec58ad0da367daee3c1\",\"study_id\":\"67e2c7f5c9ee767149702482\",\"session_id\":\"67e2d465737df6bc6229fdeb\",\"rng_seed\":\"0.006589249201381042\",\"response_label\":0,\"provided_context\":true},{\"rt\":7748,\"stimulus\":\"<div style=\\\"font-size:20px;\\\"><p>Which scenario is more improbable?</p>\\n  Reminder: <strong>Improbable</strong> means it is possible, but unlikely (e.g., \\\"I painted the house with my hair.\\\").</div>\",\"response\":0,\"stimulus_0\":\"plucking a hair using\",\"stimulus_1\":\"cooling a room using\",\"condition_0\":\"inconceivable\",\"condition_1\":\"inconceivable\",\"continuation_0\":\"sympathy\",\"continuation_1\":\"a taste\",\"id_0\":47,\"id_1\":17,\"context_0\":\"They do not have tweezers, so they are\",\"context_1\":\"They do not have a fan, so they are\",\"task_type\":\"critical\",\"concept\":\"improbable\",\"trial_type\":\"html-button-response\",\"trial_index\":22,\"time_elapsed\":161668,\"internal_node_id\":\"0.0-1.0-0.17\",\"subject_id\":\"60fc2ec58ad0da367daee3c1\",\"study_id\":\"67e2c7f5c9ee767149702482\",\"session_id\":\"67e2d465737df6bc6229fdeb\",\"rng_seed\":\"0.006589249201381042\",\"response_label\":0,\"provided_context\":true},{\"rt\":7620,\"stimulus\":\"<div style=\\\"font-size:20px;\\\"><p>Which scenario is more improbable?</p>\\n  Reminder: <strong>Improbable</strong> means it is possible, but unlikely (e.g., \\\"I painted the house with my hair.\\\").</div>\",\"response\":1,\"stimulus_0\":\"cutting cardboard using\",\"stimulus_1\":\"carrying groceries inside\",\"condition_0\":\"inconceivable\",\"condition_1\":\"improbable\",\"continuation_0\":\"a snore\",\"continuation_1\":\"a backpack\",\"id_0\":22,\"id_1\":6,\"context_0\":\"They do not have scissors, so they are\",\"context_1\":\"They do not have a tote bag, so they are\",\"task_type\":\"critical\",\"concept\":\"improbable\",\"trial_type\":\"html-button-response\",\"trial_index\":23,\"time_elapsed\":169290,\"internal_node_id\":\"0.0-1.0-0.18\",\"subject_id\":\"60fc2ec58ad0da367daee3c1\",\"study_id\":\"67e2c7f5c9ee767149702482\",\"session_id\":\"67e2d465737df6bc6229fdeb\",\"rng_seed\":\"0.006589249201381042\",\"response_label\":1,\"provided_context\":true},{\"rt\":15881,\"stimulus\":\"<div style=\\\"font-size:20px;\\\"><p>Which scenario is more improbable?</p>\\n  Reminder: <strong>Improbable</strong> means it is possible, but unlikely (e.g., \\\"I painted the house with my hair.\\\").</div>\",\"response\":0,\"stimulus_0\":\"carrying groceries inside\",\"stimulus_1\":\"plucking a hair using\",\"condition_0\":\"improbable\",\"condition_1\":\"inconceivable\",\"continuation_0\":\"a backpack\",\"continuation_1\":\"sympathy\",\"id_0\":6,\"id_1\":47,\"context_0\":\"They do not have a tote bag, so they are\",\"context_1\":\"They do not have tweezers, so they are\",\"task_type\":\"critical\",\"concept\":\"improbable\",\"trial_type\":\"html-button-response\",\"trial_index\":24,\"time_elapsed\":185173,\"internal_node_id\":\"0.0-1.0-0.19\",\"subject_id\":\"60fc2ec58ad0da367daee3c1\",\"study_id\":\"67e2c7f5c9ee767149702482\",\"session_id\":\"67e2d465737df6bc6229fdeb\",\"rng_seed\":\"0.006589249201381042\",\"response_label\":0,\"provided_context\":true},{\"rt\":1872,\"stimulus\":\"<div style=\\\"font-size:20px;\\\"><p>Follow the instructions below.</p></div>\",\"response\":0,\"stimulus_0\":\"carrying groceries inside\",\"stimulus_1\":\"plucking a hair using\",\"condition_0\":\"improbable\",\"condition_1\":\"inconceivable\",\"continuation_0\":\"a backpack\",\"continuation_1\":\"sympathy\",\"id_0\":6,\"id_1\":47,\"context_0\":\"They do not have a tote bag, so they are\",\"context_1\":\"They do not have tweezers, so they are\",\"task_type\":\"attention_check\",\"choices\":[\"Click This Button!\",\"Don't Click This Button!\"],\"trial_type\":\"html-button-response\",\"trial_index\":25,\"time_elapsed\":187047,\"internal_node_id\":\"0.0-1.0-1.19-0.19\",\"subject_id\":\"60fc2ec58ad0da367daee3c1\",\"study_id\":\"67e2c7f5c9ee767149702482\",\"session_id\":\"67e2d465737df6bc6229fdeb\",\"rng_seed\":\"0.006589249201381042\"},{\"rt\":14062,\"response\":{\"language\":\"English\",\"gender\":\"female\",\"feedback\":\"\"},\"trial_type\":\"survey-text\",\"trial_index\":26,\"time_elapsed\":201128,\"internal_node_id\":\"0.0-2.0\",\"subject_id\":\"60fc2ec58ad0da367daee3c1\",\"study_id\":\"67e2c7f5c9ee767149702482\",\"session_id\":\"67e2d465737df6bc6229fdeb\",\"rng_seed\":\"0.006589249201381042\",\"task_type\":\"survey\"},{\"success\":true,\"completion_time\":\"2025-03-25T16:13:39.392Z\",\"exp_type\":\"gesture-beat-expt-pilot\"}]",
    "dir_path": "data/experiment_2_pilot"
}