{
    "prolific_data": {
        "subject_id": "6140bf6523a8f20a2ea1e417",
        "study_id": "67e2c7f5c9ee767149702482",
        "session_id": "67e2d3e7c247f6fe03563629",
        "rng_seed": "0.94260248662841"
    },
    "data": "[{\"rt\":52840,\"stimulus\":\"\\n  <div class=\\\"jspsych-content\\\" align=left style=\\\"width:100%;text-align: left;\\\">\\n  <h2>Hello, and welcome to our study!</h2>\\n      In this study, we will ask you to 25 questions.\\n      <p>\\n      In 20 of the questions, we will need your help deciding which statement is more <strong>nonsensical</strong>.\\n      </p>\\n      <strong>Nonsensical</strong> means it does not make sense due to some basic conceptual error (\\\"I painted the house with my number.\\\"). \\n      <p>\\n      The remaining questions will check to make sure that you are paying attention to the study.\\n      <p>\\n    <h3>IMPORTANT:</h3>\\n    <ul>\\n      <li>Respond as quickly as you can.</li>\\n      <li>Answer the questions based on what is possible given the physical laws of the real world.</li>\\n      <li>There are no right or wrong answers. We are simply interested in your intuitions.</li>\\n      </ul>\\n    Once you are done reading this page, please press SPACEBAR to continue.\\n    </p>\\n  </div>\\n  \",\"response\":\" \",\"trial_type\":\"html-keyboard-response\",\"trial_index\":0,\"time_elapsed\":52848,\"internal_node_id\":\"0.0-0.0\",\"subject_id\":\"6140bf6523a8f20a2ea1e417\",\"study_id\":\"67e2c7f5c9ee767149702482\",\"session_id\":\"67e2d3e7c247f6fe03563629\",\"rng_seed\":\"0.94260248662841\"},{\"rt\":61789,\"stimulus\":\"<div style=\\\"font-size:20px;\\\"><p>Which scenario is more nonsensical?</p>\\n  Reminder: <strong>Nonsensical</strong> means it does not make sense due to some basic conceptual error (\\\"I painted the house with my number.\\\"). </div>\",\"response\":1,\"stimulus_0\":\"drying laundry using\",\"stimulus_1\":\"building a bridge out of\",\"condition_0\":\"improbable\",\"condition_1\":\"improbable\",\"continuation_0\":\"a fan\",\"continuation_1\":\"plastic\",\"id_0\":30,\"id_1\":4,\"context_0\":\"They do not have a clothesline, so they are\",\"context_1\":\"They do not have any steel, so they are\",\"task_type\":\"critical\",\"concept\":\"inconceivable\",\"trial_type\":\"html-button-response\",\"trial_index\":1,\"time_elapsed\":114643,\"internal_node_id\":\"0.0-1.0-0.0\",\"subject_id\":\"6140bf6523a8f20a2ea1e417\",\"study_id\":\"67e2c7f5c9ee767149702482\",\"session_id\":\"67e2d3e7c247f6fe03563629\",\"rng_seed\":\"0.94260248662841\",\"response_label\":1,\"provided_context\":true},{\"rt\":9504,\"stimulus\":\"<div style=\\\"font-size:20px;\\\"><p>Which scenario is more nonsensical?</p>\\n  Reminder: <strong>Nonsensical</strong> means it does not make sense due to some basic conceptual error (\\\"I painted the house with my number.\\\"). </div>\",\"response\":0,\"stimulus_0\":\"shattering a window using\",\"stimulus_1\":\"painting a wall using\",\"condition_0\":\"impossible\",\"condition_1\":\"inconceivable\",\"continuation_0\":\"confetti\",\"continuation_1\":\"a whisper\",\"id_0\":53,\"id_1\":45,\"context_0\":\"They do not have a stone, so they are\",\"context_1\":\"They do not have a brush, so they are\",\"task_type\":\"critical\",\"concept\":\"inconceivable\",\"trial_type\":\"html-button-response\",\"trial_index\":2,\"time_elapsed\":124150,\"internal_node_id\":\"0.0-1.0-0.1\",\"subject_id\":\"6140bf6523a8f20a2ea1e417\",\"study_id\":\"67e2c7f5c9ee767149702482\",\"session_id\":\"67e2d3e7c247f6fe03563629\",\"rng_seed\":\"0.94260248662841\",\"response_label\":0,\"provided_context\":true},{\"rt\":15057,\"stimulus\":\"<div style=\\\"font-size:20px;\\\"><p>Which scenario is more nonsensical?</p>\\n  Reminder: <strong>Nonsensical</strong> means it does not make sense due to some basic conceptual error (\\\"I painted the house with my number.\\\"). </div>\",\"response\":1,\"stimulus_0\":\"cleaning a spill using\",\"stimulus_1\":\"cooking dinner out of\",\"condition_0\":\"inconceivable\",\"condition_1\":\"impossible\",\"continuation_0\":\"a country\",\"continuation_1\":\"the moon\",\"id_0\":11,\"id_1\":16,\"context_0\":\"They do not have a sponge, so they are\",\"context_1\":\"They do not have pasta, so they are\",\"task_type\":\"critical\",\"concept\":\"inconceivable\",\"trial_type\":\"html-button-response\",\"trial_index\":3,\"time_elapsed\":139210,\"internal_node_id\":\"0.0-1.0-0.2\",\"subject_id\":\"6140bf6523a8f20a2ea1e417\",\"study_id\":\"67e2c7f5c9ee767149702482\",\"session_id\":\"67e2d3e7c247f6fe03563629\",\"rng_seed\":\"0.94260248662841\",\"response_label\":1,\"provided_context\":true},{\"rt\":8130,\"stimulus\":\"<div style=\\\"font-size:20px;\\\"><p>Which scenario is more nonsensical?</p>\\n  Reminder: <strong>Nonsensical</strong> means it does not make sense due to some basic conceptual error (\\\"I painted the house with my number.\\\"). </div>\",\"response\":0,\"stimulus_0\":\"filling a bucket with\",\"stimulus_1\":\"carrying groceries inside\",\"condition_0\":\"impossible\",\"condition_1\":\"improbable\",\"continuation_0\":\"buildings\",\"continuation_1\":\"a backpack\",\"id_0\":33,\"id_1\":6,\"context_0\":\"They are not near sand, so they are\",\"context_1\":\"They do not have a tote bag, so they are\",\"task_type\":\"critical\",\"concept\":\"inconceivable\",\"trial_type\":\"html-button-response\",\"trial_index\":4,\"time_elapsed\":147343,\"internal_node_id\":\"0.0-1.0-0.3\",\"subject_id\":\"6140bf6523a8f20a2ea1e417\",\"study_id\":\"67e2c7f5c9ee767149702482\",\"session_id\":\"67e2d3e7c247f6fe03563629\",\"rng_seed\":\"0.94260248662841\",\"response_label\":0,\"provided_context\":true},{\"rt\":9268,\"stimulus\":\"<div style=\\\"font-size:20px;\\\"><p>Follow the instructions below.</p></div>\",\"response\":1,\"stimulus_0\":\"filling a bucket with\",\"stimulus_1\":\"carrying groceries inside\",\"condition_0\":\"impossible\",\"condition_1\":\"improbable\",\"continuation_0\":\"buildings\",\"continuation_1\":\"a backpack\",\"id_0\":33,\"id_1\":6,\"context_0\":\"They are not near sand, so they are\",\"context_1\":\"They do not have a tote bag, so they are\",\"task_type\":\"attention_check\",\"choices\":[\"Don't Click This Button!\",\"Click This Button!\"],\"trial_type\":\"html-button-response\",\"trial_index\":5,\"time_elapsed\":156615,\"internal_node_id\":\"0.0-1.0-1.3-0.3\",\"subject_id\":\"6140bf6523a8f20a2ea1e417\",\"study_id\":\"67e2c7f5c9ee767149702482\",\"session_id\":\"67e2d3e7c247f6fe03563629\",\"rng_seed\":\"0.94260248662841\"},{\"rt\":8376,\"stimulus\":\"<div style=\\\"font-size:20px;\\\"><p>Which scenario is more nonsensical?</p>\\n  Reminder: <strong>Nonsensical</strong> means it does not make sense due to some basic conceptual error (\\\"I painted the house with my number.\\\"). </div>\",\"response\":0,\"stimulus_0\":\"polishing jewelry using\",\"stimulus_1\":\"packing a suit inside\",\"condition_0\":\"impossible\",\"condition_1\":\"improbable\",\"continuation_0\":\"a chainsaw\",\"continuation_1\":\"a pocket\",\"id_0\":48,\"id_1\":44,\"context_0\":\"They do not have a cloth, so they are\",\"context_1\":\"They do not have a suitcase, so they are\",\"task_type\":\"critical\",\"concept\":\"inconceivable\",\"trial_type\":\"html-button-response\",\"trial_index\":6,\"time_elapsed\":164994,\"internal_node_id\":\"0.0-1.0-0.4\",\"subject_id\":\"6140bf6523a8f20a2ea1e417\",\"study_id\":\"67e2c7f5c9ee767149702482\",\"session_id\":\"67e2d3e7c247f6fe03563629\",\"rng_seed\":\"0.94260248662841\",\"response_label\":0,\"provided_context\":true},{\"rt\":9693,\"stimulus\":\"<div style=\\\"font-size:20px;\\\"><p>Which scenario is more nonsensical?</p>\\n  Reminder: <strong>Nonsensical</strong> means it does not make sense due to some basic conceptual error (\\\"I painted the house with my number.\\\"). </div>\",\"response\":1,\"stimulus_0\":\"catching a fish in\",\"stimulus_1\":\"cooling a room using\",\"condition_0\":\"improbable\",\"condition_1\":\"inconceivable\",\"continuation_0\":\"a puddle\",\"continuation_1\":\"a taste\",\"id_0\":8,\"id_1\":17,\"context_0\":\"They are not near a lake, so they are\",\"context_1\":\"They do not have a fan, so they are\",\"task_type\":\"critical\",\"concept\":\"inconceivable\",\"trial_type\":\"html-button-response\",\"trial_index\":7,\"time_elapsed\":174691,\"internal_node_id\":\"0.0-1.0-0.5\",\"subject_id\":\"6140bf6523a8f20a2ea1e417\",\"study_id\":\"67e2c7f5c9ee767149702482\",\"session_id\":\"67e2d3e7c247f6fe03563629\",\"rng_seed\":\"0.94260248662841\",\"response_label\":1,\"provided_context\":true},{\"rt\":51367,\"stimulus\":\"<div style=\\\"font-size:20px;\\\"><p>Which scenario is more nonsensical?</p>\\n  Reminder: <strong>Nonsensical</strong> means it does not make sense due to some basic conceptual error (\\\"I painted the house with my number.\\\"). </div>\",\"response\":1,\"stimulus_0\":\"cooling a room using\",\"stimulus_1\":\"cutting cardboard using\",\"condition_0\":\"inconceivable\",\"condition_1\":\"inconceivable\",\"continuation_0\":\"a taste\",\"continuation_1\":\"a snore\",\"id_0\":17,\"id_1\":22,\"context_0\":\"They do not have a fan, so they are\",\"context_1\":\"They do not have scissors, so they are\",\"task_type\":\"critical\",\"concept\":\"inconceivable\",\"trial_type\":\"html-button-response\",\"trial_index\":8,\"time_elapsed\":226060,\"internal_node_id\":\"0.0-1.0-0.6\",\"subject_id\":\"6140bf6523a8f20a2ea1e417\",\"study_id\":\"67e2c7f5c9ee767149702482\",\"session_id\":\"67e2d3e7c247f6fe03563629\",\"rng_seed\":\"0.94260248662841\",\"response_label\":1,\"provided_context\":true},{\"rt\":5656,\"stimulus\":\"<div style=\\\"font-size:20px;\\\"><p>Which scenario is more nonsensical?</p>\\n  Reminder: <strong>Nonsensical</strong> means it does not make sense due to some basic conceptual error (\\\"I painted the house with my number.\\\"). </div>\",\"response\":0,\"stimulus_0\":\"plucking a hair using\",\"stimulus_1\":\"packing a suit inside\",\"condition_0\":\"inconceivable\",\"condition_1\":\"improbable\",\"continuation_0\":\"sympathy\",\"continuation_1\":\"a pocket\",\"id_0\":47,\"id_1\":44,\"context_0\":\"They do not have tweezers, so they are\",\"context_1\":\"They do not have a suitcase, so they are\",\"task_type\":\"critical\",\"concept\":\"inconceivable\",\"trial_type\":\"html-button-response\",\"trial_index\":9,\"time_elapsed\":231718,\"internal_node_id\":\"0.0-1.0-0.7\",\"subject_id\":\"6140bf6523a8f20a2ea1e417\",\"study_id\":\"67e2c7f5c9ee767149702482\",\"session_id\":\"67e2d3e7c247f6fe03563629\",\"rng_seed\":\"0.94260248662841\",\"response_label\":0,\"provided_context\":true},{\"rt\":2284,\"stimulus\":\"<div style=\\\"font-size:20px;\\\"><p>Follow the instructions below.</p></div>\",\"response\":1,\"stimulus_0\":\"plucking a hair using\",\"stimulus_1\":\"packing a suit inside\",\"condition_0\":\"inconceivable\",\"condition_1\":\"improbable\",\"continuation_0\":\"sympathy\",\"continuation_1\":\"a pocket\",\"id_0\":47,\"id_1\":44,\"context_0\":\"They do not have tweezers, so they are\",\"context_1\":\"They do not have a suitcase, so they are\",\"task_type\":\"attention_check\",\"choices\":[\"Don't Click This Button!\",\"Click This Button!\"],\"trial_type\":\"html-button-response\",\"trial_index\":10,\"time_elapsed\":234005,\"internal_node_id\":\"0.0-1.0-1.7-0.7\",\"subject_id\":\"6140bf6523a8f20a2ea1e417\",\"study_id\":\"67e2c7f5c9ee767149702482\",\"session_id\":\"67e2d3e7c247f6fe03563629\",\"rng_seed\":\"0.94260248662841\"},{\"rt\":6677,\"stimulus\":\"<div style=\\\"font-size:20px;\\\"><p>Which scenario is more nonsensical?</p>\\n  Reminder: <strong>Nonsensical</strong> means it does not make sense due to some basic conceptual error (\\\"I painted the house with my number.\\\"). </div>\",\"response\":1,\"stimulus_0\":\"crushing a soda can using\",\"stimulus_1\":\"writing an equation on\",\"condition_0\":\"improbable\",\"condition_1\":\"inconceivable\",\"continuation_0\":\"a chair\",\"continuation_1\":\"a scream\",\"id_0\":20,\"id_1\":69,\"context_0\":\"They do not have a shoe, so they are\",\"context_1\":\"They do not have a chalkboard, so they are\",\"task_type\":\"critical\",\"concept\":\"inconceivable\",\"trial_type\":\"html-button-response\",\"trial_index\":11,\"time_elapsed\":240684,\"internal_node_id\":\"0.0-1.0-0.8\",\"subject_id\":\"6140bf6523a8f20a2ea1e417\",\"study_id\":\"67e2c7f5c9ee767149702482\",\"session_id\":\"67e2d3e7c247f6fe03563629\",\"rng_seed\":\"0.94260248662841\",\"response_label\":1,\"provided_context\":true},{\"rt\":6471,\"stimulus\":\"<div style=\\\"font-size:20px;\\\"><p>Which scenario is more nonsensical?</p>\\n  Reminder: <strong>Nonsensical</strong> means it does not make sense due to some basic conceptual error (\\\"I painted the house with my number.\\\"). </div>\",\"response\":0,\"stimulus_0\":\"hanging a painting using\",\"stimulus_1\":\"drying laundry using\",\"condition_0\":\"inconceivable\",\"condition_1\":\"improbable\",\"continuation_0\":\"a handshake\",\"continuation_1\":\"a fan\",\"id_0\":36,\"id_1\":30,\"context_0\":\"They do not have screws, so they are\",\"context_1\":\"They do not have a clothesline, so they are\",\"task_type\":\"critical\",\"concept\":\"inconceivable\",\"trial_type\":\"html-button-response\",\"trial_index\":12,\"time_elapsed\":247158,\"internal_node_id\":\"0.0-1.0-0.9\",\"subject_id\":\"6140bf6523a8f20a2ea1e417\",\"study_id\":\"67e2c7f5c9ee767149702482\",\"session_id\":\"67e2d3e7c247f6fe03563629\",\"rng_seed\":\"0.94260248662841\",\"response_label\":0,\"provided_context\":true},{\"rt\":5078,\"stimulus\":\"<div style=\\\"font-size:20px;\\\"><p>Which scenario is more nonsensical?</p>\\n  Reminder: <strong>Nonsensical</strong> means it does not make sense due to some basic conceptual error (\\\"I painted the house with my number.\\\"). </div>\",\"response\":0,\"stimulus_0\":\"carving a statue using\",\"stimulus_1\":\"drying laundry using\",\"condition_0\":\"impossible\",\"condition_1\":\"improbable\",\"continuation_0\":\"a sock\",\"continuation_1\":\"a fan\",\"id_0\":7,\"id_1\":30,\"context_0\":\"They do not have a chisel, so they are\",\"context_1\":\"They do not have a clothesline, so they are\",\"task_type\":\"critical\",\"concept\":\"inconceivable\",\"trial_type\":\"html-button-response\",\"trial_index\":13,\"time_elapsed\":252237,\"internal_node_id\":\"0.0-1.0-0.10\",\"subject_id\":\"6140bf6523a8f20a2ea1e417\",\"study_id\":\"67e2c7f5c9ee767149702482\",\"session_id\":\"67e2d3e7c247f6fe03563629\",\"rng_seed\":\"0.94260248662841\",\"response_label\":0,\"provided_context\":true},{\"rt\":4159,\"stimulus\":\"<div style=\\\"font-size:20px;\\\"><p>Which scenario is more nonsensical?</p>\\n  Reminder: <strong>Nonsensical</strong> means it does not make sense due to some basic conceptual error (\\\"I painted the house with my number.\\\"). </div>\",\"response\":1,\"stimulus_0\":\"packing a suit inside\",\"stimulus_1\":\"building a bridge out of\",\"condition_0\":\"improbable\",\"condition_1\":\"improbable\",\"continuation_0\":\"a pocket\",\"continuation_1\":\"plastic\",\"id_0\":44,\"id_1\":4,\"context_0\":\"They do not have a suitcase, so they are\",\"context_1\":\"They do not have any steel, so they are\",\"task_type\":\"critical\",\"concept\":\"inconceivable\",\"trial_type\":\"html-button-response\",\"trial_index\":14,\"time_elapsed\":256399,\"internal_node_id\":\"0.0-1.0-0.11\",\"subject_id\":\"6140bf6523a8f20a2ea1e417\",\"study_id\":\"67e2c7f5c9ee767149702482\",\"session_id\":\"67e2d3e7c247f6fe03563629\",\"rng_seed\":\"0.94260248662841\",\"response_label\":1,\"provided_context\":true},{\"rt\":1886,\"stimulus\":\"<div style=\\\"font-size:20px;\\\"><p>Follow the instructions below.</p></div>\",\"response\":1,\"stimulus_0\":\"packing a suit inside\",\"stimulus_1\":\"building a bridge out of\",\"condition_0\":\"improbable\",\"condition_1\":\"improbable\",\"continuation_0\":\"a pocket\",\"continuation_1\":\"plastic\",\"id_0\":44,\"id_1\":4,\"context_0\":\"They do not have a suitcase, so they are\",\"context_1\":\"They do not have any steel, so they are\",\"task_type\":\"attention_check\",\"choices\":[\"Click This Button!\",\"Don't Click This Button!\"],\"trial_type\":\"html-button-response\",\"trial_index\":15,\"time_elapsed\":258288,\"internal_node_id\":\"0.0-1.0-1.11-0.11\",\"subject_id\":\"6140bf6523a8f20a2ea1e417\",\"study_id\":\"67e2c7f5c9ee767149702482\",\"session_id\":\"67e2d3e7c247f6fe03563629\",\"rng_seed\":\"0.94260248662841\"},{\"rt\":12652,\"stimulus\":\"<div style=\\\"font-size:20px;\\\"><p>Which scenario is more nonsensical?</p>\\n  Reminder: <strong>Nonsensical</strong> means it does not make sense due to some basic conceptual error (\\\"I painted the house with my number.\\\"). </div>\",\"response\":0,\"stimulus_0\":\"shattering a window using\",\"stimulus_1\":\"filling a bucket with\",\"condition_0\":\"impossible\",\"condition_1\":\"impossible\",\"continuation_0\":\"confetti\",\"continuation_1\":\"buildings\",\"id_0\":53,\"id_1\":33,\"context_0\":\"They do not have a stone, so they are\",\"context_1\":\"They are not near sand, so they are\",\"task_type\":\"critical\",\"concept\":\"inconceivable\",\"trial_type\":\"html-button-response\",\"trial_index\":16,\"time_elapsed\":270943,\"internal_node_id\":\"0.0-1.0-0.12\",\"subject_id\":\"6140bf6523a8f20a2ea1e417\",\"study_id\":\"67e2c7f5c9ee767149702482\",\"session_id\":\"67e2d3e7c247f6fe03563629\",\"rng_seed\":\"0.94260248662841\",\"response_label\":0,\"provided_context\":true},{\"rt\":8969,\"stimulus\":\"<div style=\\\"font-size:20px;\\\"><p>Which scenario is more nonsensical?</p>\\n  Reminder: <strong>Nonsensical</strong> means it does not make sense due to some basic conceptual error (\\\"I painted the house with my number.\\\"). </div>\",\"response\":1,\"stimulus_0\":\"sewing a shirt using\",\"stimulus_1\":\"hanging a painting using\",\"condition_0\":\"improbable\",\"condition_1\":\"inconceivable\",\"continuation_0\":\"a toothpick\",\"continuation_1\":\"a handshake\",\"id_0\":52,\"id_1\":36,\"context_0\":\"They do not have a needle, so they are\",\"context_1\":\"They do not have screws, so they are\",\"task_type\":\"critical\",\"concept\":\"inconceivable\",\"trial_type\":\"html-button-response\",\"trial_index\":17,\"time_elapsed\":279915,\"internal_node_id\":\"0.0-1.0-0.13\",\"subject_id\":\"6140bf6523a8f20a2ea1e417\",\"study_id\":\"67e2c7f5c9ee767149702482\",\"session_id\":\"67e2d3e7c247f6fe03563629\",\"rng_seed\":\"0.94260248662841\",\"response_label\":1,\"provided_context\":true},{\"rt\":6981,\"stimulus\":\"<div style=\\\"font-size:20px;\\\"><p>Which scenario is more nonsensical?</p>\\n  Reminder: <strong>Nonsensical</strong> means it does not make sense due to some basic conceptual error (\\\"I painted the house with my number.\\\"). </div>\",\"response\":1,\"stimulus_0\":\"catching a fish in\",\"stimulus_1\":\"plucking a hair using\",\"condition_0\":\"improbable\",\"condition_1\":\"inconceivable\",\"continuation_0\":\"a puddle\",\"continuation_1\":\"sympathy\",\"id_0\":8,\"id_1\":47,\"context_0\":\"They are not near a lake, so they are\",\"context_1\":\"They do not have tweezers, so they are\",\"task_type\":\"critical\",\"concept\":\"inconceivable\",\"trial_type\":\"html-button-response\",\"trial_index\":18,\"time_elapsed\":286899,\"internal_node_id\":\"0.0-1.0-0.14\",\"subject_id\":\"6140bf6523a8f20a2ea1e417\",\"study_id\":\"67e2c7f5c9ee767149702482\",\"session_id\":\"67e2d3e7c247f6fe03563629\",\"rng_seed\":\"0.94260248662841\",\"response_label\":1,\"provided_context\":true},{\"rt\":5774,\"stimulus\":\"<div style=\\\"font-size:20px;\\\"><p>Which scenario is more nonsensical?</p>\\n  Reminder: <strong>Nonsensical</strong> means it does not make sense due to some basic conceptual error (\\\"I painted the house with my number.\\\"). </div>\",\"response\":0,\"stimulus_0\":\"cooking dinner out of\",\"stimulus_1\":\"carving a statue using\",\"condition_0\":\"impossible\",\"condition_1\":\"impossible\",\"continuation_0\":\"the moon\",\"continuation_1\":\"a sock\",\"id_0\":16,\"id_1\":7,\"context_0\":\"They do not have pasta, so they are\",\"context_1\":\"They do not have a chisel, so they are\",\"task_type\":\"critical\",\"concept\":\"inconceivable\",\"trial_type\":\"html-button-response\",\"trial_index\":19,\"time_elapsed\":292676,\"internal_node_id\":\"0.0-1.0-0.15\",\"subject_id\":\"6140bf6523a8f20a2ea1e417\",\"study_id\":\"67e2c7f5c9ee767149702482\",\"session_id\":\"67e2d3e7c247f6fe03563629\",\"rng_seed\":\"0.94260248662841\",\"response_label\":0,\"provided_context\":true},{\"rt\":5154,\"stimulus\":\"<div style=\\\"font-size:20px;\\\"><p>Follow the instructions below.</p></div>\",\"response\":1,\"stimulus_0\":\"cooking dinner out of\",\"stimulus_1\":\"carving a statue using\",\"condition_0\":\"impossible\",\"condition_1\":\"impossible\",\"continuation_0\":\"the moon\",\"continuation_1\":\"a sock\",\"id_0\":16,\"id_1\":7,\"context_0\":\"They do not have pasta, so they are\",\"context_1\":\"They do not have a chisel, so they are\",\"task_type\":\"attention_check\",\"choices\":[\"Don't Click This Button!\",\"Click This Button!\"],\"trial_type\":\"html-button-response\",\"trial_index\":20,\"time_elapsed\":297833,\"internal_node_id\":\"0.0-1.0-1.15-0.15\",\"subject_id\":\"6140bf6523a8f20a2ea1e417\",\"study_id\":\"67e2c7f5c9ee767149702482\",\"session_id\":\"67e2d3e7c247f6fe03563629\",\"rng_seed\":\"0.94260248662841\"},{\"rt\":8316,\"stimulus\":\"<div style=\\\"font-size:20px;\\\"><p>Which scenario is more nonsensical?</p>\\n  Reminder: <strong>Nonsensical</strong> means it does not make sense due to some basic conceptual error (\\\"I painted the house with my number.\\\"). </div>\",\"response\":1,\"stimulus_0\":\"building a bridge out of\",\"stimulus_1\":\"writing an equation on\",\"condition_0\":\"improbable\",\"condition_1\":\"inconceivable\",\"continuation_0\":\"plastic\",\"continuation_1\":\"a scream\",\"id_0\":4,\"id_1\":69,\"context_0\":\"They do not have any steel, so they are\",\"context_1\":\"They do not have a chalkboard, so they are\",\"task_type\":\"critical\",\"concept\":\"inconceivable\",\"trial_type\":\"html-button-response\",\"trial_index\":21,\"time_elapsed\":306152,\"internal_node_id\":\"0.0-1.0-0.16\",\"subject_id\":\"6140bf6523a8f20a2ea1e417\",\"study_id\":\"67e2c7f5c9ee767149702482\",\"session_id\":\"67e2d3e7c247f6fe03563629\",\"rng_seed\":\"0.94260248662841\",\"response_label\":1,\"provided_context\":true},{\"rt\":4746,\"stimulus\":\"<div style=\\\"font-size:20px;\\\"><p>Which scenario is more nonsensical?</p>\\n  Reminder: <strong>Nonsensical</strong> means it does not make sense due to some basic conceptual error (\\\"I painted the house with my number.\\\"). </div>\",\"response\":0,\"stimulus_0\":\"plucking a hair using\",\"stimulus_1\":\"polishing jewelry using\",\"condition_0\":\"inconceivable\",\"condition_1\":\"impossible\",\"continuation_0\":\"sympathy\",\"continuation_1\":\"a chainsaw\",\"id_0\":47,\"id_1\":48,\"context_0\":\"They do not have tweezers, so they are\",\"context_1\":\"They do not have a cloth, so they are\",\"task_type\":\"critical\",\"concept\":\"inconceivable\",\"trial_type\":\"html-button-response\",\"trial_index\":22,\"time_elapsed\":310901,\"internal_node_id\":\"0.0-1.0-0.17\",\"subject_id\":\"6140bf6523a8f20a2ea1e417\",\"study_id\":\"67e2c7f5c9ee767149702482\",\"session_id\":\"67e2d3e7c247f6fe03563629\",\"rng_seed\":\"0.94260248662841\",\"response_label\":0,\"provided_context\":true},{\"rt\":6951,\"stimulus\":\"<div style=\\\"font-size:20px;\\\"><p>Which scenario is more nonsensical?</p>\\n  Reminder: <strong>Nonsensical</strong> means it does not make sense due to some basic conceptual error (\\\"I painted the house with my number.\\\"). </div>\",\"response\":0,\"stimulus_0\":\"unlocking a door using\",\"stimulus_1\":\"polishing jewelry using\",\"condition_0\":\"impossible\",\"condition_1\":\"impossible\",\"continuation_0\":\"a marshmallow\",\"continuation_1\":\"a chainsaw\",\"id_0\":64,\"id_1\":48,\"context_0\":\"They do not have a key, so they are\",\"context_1\":\"They do not have a cloth, so they are\",\"task_type\":\"critical\",\"concept\":\"inconceivable\",\"trial_type\":\"html-button-response\",\"trial_index\":23,\"time_elapsed\":317853,\"internal_node_id\":\"0.0-1.0-0.18\",\"subject_id\":\"6140bf6523a8f20a2ea1e417\",\"study_id\":\"67e2c7f5c9ee767149702482\",\"session_id\":\"67e2d3e7c247f6fe03563629\",\"rng_seed\":\"0.94260248662841\",\"response_label\":0,\"provided_context\":true},{\"rt\":5616,\"stimulus\":\"<div style=\\\"font-size:20px;\\\"><p>Which scenario is more nonsensical?</p>\\n  Reminder: <strong>Nonsensical</strong> means it does not make sense due to some basic conceptual error (\\\"I painted the house with my number.\\\"). </div>\",\"response\":0,\"stimulus_0\":\"baking a cake inside\",\"stimulus_1\":\"building a bridge out of\",\"condition_0\":\"inconceivable\",\"condition_1\":\"improbable\",\"continuation_0\":\"a sigh\",\"continuation_1\":\"plastic\",\"id_0\":0,\"id_1\":4,\"context_0\":\"They do not have an oven, so they are\",\"context_1\":\"They do not have any steel, so they are\",\"task_type\":\"critical\",\"concept\":\"inconceivable\",\"trial_type\":\"html-button-response\",\"trial_index\":24,\"time_elapsed\":323472,\"internal_node_id\":\"0.0-1.0-0.19\",\"subject_id\":\"6140bf6523a8f20a2ea1e417\",\"study_id\":\"67e2c7f5c9ee767149702482\",\"session_id\":\"67e2d3e7c247f6fe03563629\",\"rng_seed\":\"0.94260248662841\",\"response_label\":0,\"provided_context\":true},{\"rt\":2272,\"stimulus\":\"<div style=\\\"font-size:20px;\\\"><p>Follow the instructions below.</p></div>\",\"response\":0,\"stimulus_0\":\"baking a cake inside\",\"stimulus_1\":\"building a bridge out of\",\"condition_0\":\"inconceivable\",\"condition_1\":\"improbable\",\"continuation_0\":\"a sigh\",\"continuation_1\":\"plastic\",\"id_0\":0,\"id_1\":4,\"context_0\":\"They do not have an oven, so they are\",\"context_1\":\"They do not have any steel, so they are\",\"task_type\":\"attention_check\",\"choices\":[\"Click This Button!\",\"Don't Click This Button!\"],\"trial_type\":\"html-button-response\",\"trial_index\":25,\"time_elapsed\":325746,\"internal_node_id\":\"0.0-1.0-1.19-0.19\",\"subject_id\":\"6140bf6523a8f20a2ea1e417\",\"study_id\":\"67e2c7f5c9ee767149702482\",\"session_id\":\"67e2d3e7c247f6fe03563629\",\"rng_seed\":\"0.94260248662841\"},{\"rt\":10572,\"response\":{\"language\":\"English\",\"gender\":\"Male\",\"feedback\":\"\"},\"trial_type\":\"survey-text\",\"trial_index\":26,\"time_elapsed\":336354,\"internal_node_id\":\"0.0-2.0\",\"subject_id\":\"6140bf6523a8f20a2ea1e417\",\"study_id\":\"67e2c7f5c9ee767149702482\",\"session_id\":\"67e2d3e7c247f6fe03563629\",\"rng_seed\":\"0.94260248662841\",\"task_type\":\"survey\"},{\"success\":true,\"completion_time\":\"2025-03-25T16:10:11.315Z\",\"exp_type\":\"gesture-beat-expt-pilot\"}]",
    "dir_path": "data/experiment_2_pilot"
}