{
    "prolific_data": {
        "subject_id": "66293a5710fb93854b181793",
        "study_id": "67e2c7f5c9ee767149702482",
        "session_id": "67e2c9fe6a1ffe905afadd57",
        "rng_seed": "0.4161474689707212"
    },
    "data": "[{\"rt\":16086,\"stimulus\":\"\\n  <div class=\\\"jspsych-content\\\" align=left style=\\\"width:100%;text-align: left;\\\">\\n  <h2>Hello, and welcome to our study!</h2>\\n      In this study, we will ask you to 25 questions.\\n      <p>\\n      In 20 of the questions, we will need your help deciding which statement is more <strong>nonsensical</strong>.\\n      </p>\\n      <strong>Nonsensical</strong> means it does not make sense due to some basic conceptual error (\\\"I painted the house with my number.\\\"). \\n      <p>\\n      The remaining questions will check to make sure that you are paying attention to the study.\\n      <p>\\n    <h3>IMPORTANT:</h3>\\n    <ul>\\n      <li>Respond as quickly as you can.</li>\\n      <li>Answer the questions based on what is possible given the physical laws of the real world.</li>\\n      <li>There are no right or wrong answers. We are simply interested in your intuitions.</li>\\n      </ul>\\n    Once you are done reading this page, please press SPACEBAR to continue.\\n    </p>\\n  </div>\\n  \",\"response\":\" \",\"trial_type\":\"html-keyboard-response\",\"trial_index\":0,\"time_elapsed\":16090,\"internal_node_id\":\"0.0-0.0\",\"subject_id\":\"66293a5710fb93854b181793\",\"study_id\":\"67e2c7f5c9ee767149702482\",\"session_id\":\"67e2c9fe6a1ffe905afadd57\",\"rng_seed\":\"0.4161474689707212\"},{\"rt\":7927,\"stimulus\":\"<div style=\\\"font-size:20px;\\\"><p>Which scenario is more nonsensical?</p>\\n  Reminder: <strong>Nonsensical</strong> means it does not make sense due to some basic conceptual error (\\\"I painted the house with my number.\\\"). </div>\",\"response\":1,\"stimulus_0\":\"shattering a window using\",\"stimulus_1\":\"unlocking a door using\",\"condition_0\":\"impossible\",\"condition_1\":\"impossible\",\"continuation_0\":\"confetti\",\"continuation_1\":\"a marshmallow\",\"id_0\":53,\"id_1\":64,\"context_0\":\"They do not have a stone, so they are\",\"context_1\":\"They do not have a key, so they are\",\"task_type\":\"critical\",\"concept\":\"inconceivable\",\"trial_type\":\"html-button-response\",\"trial_index\":1,\"time_elapsed\":24019,\"internal_node_id\":\"0.0-1.0-0.0\",\"subject_id\":\"66293a5710fb93854b181793\",\"study_id\":\"67e2c7f5c9ee767149702482\",\"session_id\":\"67e2c9fe6a1ffe905afadd57\",\"rng_seed\":\"0.4161474689707212\",\"response_label\":1,\"provided_context\":true},{\"rt\":8655,\"stimulus\":\"<div style=\\\"font-size:20px;\\\"><p>Which scenario is more nonsensical?</p>\\n  Reminder: <strong>Nonsensical</strong> means it does not make sense due to some basic conceptual error (\\\"I painted the house with my number.\\\"). </div>\",\"response\":1,\"stimulus_0\":\"eating soup using\",\"stimulus_1\":\"shaving [POSS] beard using\",\"condition_0\":\"improbable\",\"condition_1\":\"inconceivable\",\"continuation_0\":\"a bucket\",\"continuation_1\":\"a belief\",\"id_0\":31,\"id_1\":54,\"context_0\":\"They do not have a spoon, so they are\",\"context_1\":\"They do not have a razor, so they are\",\"task_type\":\"critical\",\"concept\":\"inconceivable\",\"trial_type\":\"html-button-response\",\"trial_index\":2,\"time_elapsed\":32677,\"internal_node_id\":\"0.0-1.0-0.1\",\"subject_id\":\"66293a5710fb93854b181793\",\"study_id\":\"67e2c7f5c9ee767149702482\",\"session_id\":\"67e2c9fe6a1ffe905afadd57\",\"rng_seed\":\"0.4161474689707212\",\"response_label\":1,\"provided_context\":true},{\"rt\":9899,\"stimulus\":\"<div style=\\\"font-size:20px;\\\"><p>Which scenario is more nonsensical?</p>\\n  Reminder: <strong>Nonsensical</strong> means it does not make sense due to some basic conceptual error (\\\"I painted the house with my number.\\\"). </div>\",\"response\":0,\"stimulus_0\":\"cooking dinner out of\",\"stimulus_1\":\"building a bridge out of\",\"condition_0\":\"impossible\",\"condition_1\":\"improbable\",\"continuation_0\":\"the moon\",\"continuation_1\":\"plastic\",\"id_0\":16,\"id_1\":4,\"context_0\":\"They do not have pasta, so they are\",\"context_1\":\"They do not have any steel, so they are\",\"task_type\":\"critical\",\"concept\":\"inconceivable\",\"trial_type\":\"html-button-response\",\"trial_index\":3,\"time_elapsed\":42577,\"internal_node_id\":\"0.0-1.0-0.2\",\"subject_id\":\"66293a5710fb93854b181793\",\"study_id\":\"67e2c7f5c9ee767149702482\",\"session_id\":\"67e2c9fe6a1ffe905afadd57\",\"rng_seed\":\"0.4161474689707212\",\"response_label\":0,\"provided_context\":true},{\"rt\":7430,\"stimulus\":\"<div style=\\\"font-size:20px;\\\"><p>Which scenario is more nonsensical?</p>\\n  Reminder: <strong>Nonsensical</strong> means it does not make sense due to some basic conceptual error (\\\"I painted the house with my number.\\\"). </div>\",\"response\":1,\"stimulus_0\":\"lighting a candle using\",\"stimulus_1\":\"plucking a hair using\",\"condition_0\":\"impossible\",\"condition_1\":\"inconceivable\",\"continuation_0\":\"yogurt\",\"continuation_1\":\"sympathy\",\"id_0\":39,\"id_1\":47,\"context_0\":\"They do not have a match, so they are\",\"context_1\":\"They do not have tweezers, so they are\",\"task_type\":\"critical\",\"concept\":\"inconceivable\",\"trial_type\":\"html-button-response\",\"trial_index\":4,\"time_elapsed\":50008,\"internal_node_id\":\"0.0-1.0-0.3\",\"subject_id\":\"66293a5710fb93854b181793\",\"study_id\":\"67e2c7f5c9ee767149702482\",\"session_id\":\"67e2c9fe6a1ffe905afadd57\",\"rng_seed\":\"0.4161474689707212\",\"response_label\":1,\"provided_context\":true},{\"rt\":1947,\"stimulus\":\"<div style=\\\"font-size:20px;\\\"><p>Follow the instructions below.</p></div>\",\"response\":0,\"stimulus_0\":\"lighting a candle using\",\"stimulus_1\":\"plucking a hair using\",\"condition_0\":\"impossible\",\"condition_1\":\"inconceivable\",\"continuation_0\":\"yogurt\",\"continuation_1\":\"sympathy\",\"id_0\":39,\"id_1\":47,\"context_0\":\"They do not have a match, so they are\",\"context_1\":\"They do not have tweezers, so they are\",\"task_type\":\"attention_check\",\"choices\":[\"Click This Button!\",\"Don't Click This Button!\"],\"trial_type\":\"html-button-response\",\"trial_index\":5,\"time_elapsed\":51956,\"internal_node_id\":\"0.0-1.0-1.3-0.3\",\"subject_id\":\"66293a5710fb93854b181793\",\"study_id\":\"67e2c7f5c9ee767149702482\",\"session_id\":\"67e2c9fe6a1ffe905afadd57\",\"rng_seed\":\"0.4161474689707212\"},{\"rt\":7733,\"stimulus\":\"<div style=\\\"font-size:20px;\\\"><p>Which scenario is more nonsensical?</p>\\n  Reminder: <strong>Nonsensical</strong> means it does not make sense due to some basic conceptual error (\\\"I painted the house with my number.\\\"). </div>\",\"response\":0,\"stimulus_0\":\"cleaning a spill using\",\"stimulus_1\":\"shattering a window using\",\"condition_0\":\"inconceivable\",\"condition_1\":\"impossible\",\"continuation_0\":\"a country\",\"continuation_1\":\"confetti\",\"id_0\":11,\"id_1\":53,\"context_0\":\"They do not have a sponge, so they are\",\"context_1\":\"They do not have a stone, so they are\",\"task_type\":\"critical\",\"concept\":\"inconceivable\",\"trial_type\":\"html-button-response\",\"trial_index\":6,\"time_elapsed\":59690,\"internal_node_id\":\"0.0-1.0-0.4\",\"subject_id\":\"66293a5710fb93854b181793\",\"study_id\":\"67e2c7f5c9ee767149702482\",\"session_id\":\"67e2c9fe6a1ffe905afadd57\",\"rng_seed\":\"0.4161474689707212\",\"response_label\":0,\"provided_context\":true},{\"rt\":4494,\"stimulus\":\"<div style=\\\"font-size:20px;\\\"><p>Which scenario is more nonsensical?</p>\\n  Reminder: <strong>Nonsensical</strong> means it does not make sense due to some basic conceptual error (\\\"I painted the house with my number.\\\"). </div>\",\"response\":1,\"stimulus_0\":\"denting a car with\",\"stimulus_1\":\"shattering a window using\",\"condition_0\":\"improbable\",\"condition_1\":\"impossible\",\"continuation_0\":\"a dumbbell\",\"continuation_1\":\"confetti\",\"id_0\":23,\"id_1\":53,\"context_0\":\"They do not have a baseball bat, so they are\",\"context_1\":\"They do not have a stone, so they are\",\"task_type\":\"critical\",\"concept\":\"inconceivable\",\"trial_type\":\"html-button-response\",\"trial_index\":7,\"time_elapsed\":64186,\"internal_node_id\":\"0.0-1.0-0.5\",\"subject_id\":\"66293a5710fb93854b181793\",\"study_id\":\"67e2c7f5c9ee767149702482\",\"session_id\":\"67e2c9fe6a1ffe905afadd57\",\"rng_seed\":\"0.4161474689707212\",\"response_label\":1,\"provided_context\":true},{\"rt\":5742,\"stimulus\":\"<div style=\\\"font-size:20px;\\\"><p>Which scenario is more nonsensical?</p>\\n  Reminder: <strong>Nonsensical</strong> means it does not make sense due to some basic conceptual error (\\\"I painted the house with my number.\\\"). </div>\",\"response\":1,\"stimulus_0\":\"drying laundry using\",\"stimulus_1\":\"cutting cardboard using\",\"condition_0\":\"improbable\",\"condition_1\":\"inconceivable\",\"continuation_0\":\"a fan\",\"continuation_1\":\"a snore\",\"id_0\":30,\"id_1\":22,\"context_0\":\"They do not have a clothesline, so they are\",\"context_1\":\"They do not have scissors, so they are\",\"task_type\":\"critical\",\"concept\":\"inconceivable\",\"trial_type\":\"html-button-response\",\"trial_index\":8,\"time_elapsed\":69929,\"internal_node_id\":\"0.0-1.0-0.6\",\"subject_id\":\"66293a5710fb93854b181793\",\"study_id\":\"67e2c7f5c9ee767149702482\",\"session_id\":\"67e2c9fe6a1ffe905afadd57\",\"rng_seed\":\"0.4161474689707212\",\"response_label\":1,\"provided_context\":true},{\"rt\":5854,\"stimulus\":\"<div style=\\\"font-size:20px;\\\"><p>Which scenario is more nonsensical?</p>\\n  Reminder: <strong>Nonsensical</strong> means it does not make sense due to some basic conceptual error (\\\"I painted the house with my number.\\\"). </div>\",\"response\":0,\"stimulus_0\":\"lighting a candle using\",\"stimulus_1\":\"polishing jewelry using\",\"condition_0\":\"impossible\",\"condition_1\":\"impossible\",\"continuation_0\":\"yogurt\",\"continuation_1\":\"a chainsaw\",\"id_0\":39,\"id_1\":48,\"context_0\":\"They do not have a match, so they are\",\"context_1\":\"They do not have a cloth, so they are\",\"task_type\":\"critical\",\"concept\":\"inconceivable\",\"trial_type\":\"html-button-response\",\"trial_index\":9,\"time_elapsed\":75784,\"internal_node_id\":\"0.0-1.0-0.7\",\"subject_id\":\"66293a5710fb93854b181793\",\"study_id\":\"67e2c7f5c9ee767149702482\",\"session_id\":\"67e2c9fe6a1ffe905afadd57\",\"rng_seed\":\"0.4161474689707212\",\"response_label\":0,\"provided_context\":true},{\"rt\":2629,\"stimulus\":\"<div style=\\\"font-size:20px;\\\"><p>Follow the instructions below.</p></div>\",\"response\":1,\"stimulus_0\":\"lighting a candle using\",\"stimulus_1\":\"polishing jewelry using\",\"condition_0\":\"impossible\",\"condition_1\":\"impossible\",\"continuation_0\":\"yogurt\",\"continuation_1\":\"a chainsaw\",\"id_0\":39,\"id_1\":48,\"context_0\":\"They do not have a match, so they are\",\"context_1\":\"They do not have a cloth, so they are\",\"task_type\":\"attention_check\",\"choices\":[\"Don't Click This Button!\",\"Click This Button!\"],\"trial_type\":\"html-button-response\",\"trial_index\":10,\"time_elapsed\":78414,\"internal_node_id\":\"0.0-1.0-1.7-0.7\",\"subject_id\":\"66293a5710fb93854b181793\",\"study_id\":\"67e2c7f5c9ee767149702482\",\"session_id\":\"67e2c9fe6a1ffe905afadd57\",\"rng_seed\":\"0.4161474689707212\"},{\"rt\":12016,\"stimulus\":\"<div style=\\\"font-size:20px;\\\"><p>Which scenario is more nonsensical?</p>\\n  Reminder: <strong>Nonsensical</strong> means it does not make sense due to some basic conceptual error (\\\"I painted the house with my number.\\\"). </div>\",\"response\":0,\"stimulus_0\":\"digging a hole using\",\"stimulus_1\":\"lighting a candle using\",\"condition_0\":\"impossible\",\"condition_1\":\"impossible\",\"continuation_0\":\"dirt\",\"continuation_1\":\"yogurt\",\"id_0\":24,\"id_1\":39,\"context_0\":\"They do not have a shovel, so they are\",\"context_1\":\"They do not have a match, so they are\",\"task_type\":\"critical\",\"concept\":\"inconceivable\",\"trial_type\":\"html-button-response\",\"trial_index\":11,\"time_elapsed\":90431,\"internal_node_id\":\"0.0-1.0-0.8\",\"subject_id\":\"66293a5710fb93854b181793\",\"study_id\":\"67e2c7f5c9ee767149702482\",\"session_id\":\"67e2c9fe6a1ffe905afadd57\",\"rng_seed\":\"0.4161474689707212\",\"response_label\":0,\"provided_context\":true},{\"rt\":11264,\"stimulus\":\"<div style=\\\"font-size:20px;\\\"><p>Which scenario is more nonsensical?</p>\\n  Reminder: <strong>Nonsensical</strong> means it does not make sense due to some basic conceptual error (\\\"I painted the house with my number.\\\"). </div>\",\"response\":1,\"stimulus_0\":\"cutting cardboard using\",\"stimulus_1\":\"shaving [POSS] beard using\",\"condition_0\":\"inconceivable\",\"condition_1\":\"inconceivable\",\"continuation_0\":\"a snore\",\"continuation_1\":\"a belief\",\"id_0\":22,\"id_1\":54,\"context_0\":\"They do not have scissors, so they are\",\"context_1\":\"They do not have a razor, so they are\",\"task_type\":\"critical\",\"concept\":\"inconceivable\",\"trial_type\":\"html-button-response\",\"trial_index\":12,\"time_elapsed\":101696,\"internal_node_id\":\"0.0-1.0-0.9\",\"subject_id\":\"66293a5710fb93854b181793\",\"study_id\":\"67e2c7f5c9ee767149702482\",\"session_id\":\"67e2c9fe6a1ffe905afadd57\",\"rng_seed\":\"0.4161474689707212\",\"response_label\":1,\"provided_context\":true},{\"rt\":6032,\"stimulus\":\"<div style=\\\"font-size:20px;\\\"><p>Which scenario is more nonsensical?</p>\\n  Reminder: <strong>Nonsensical</strong> means it does not make sense due to some basic conceptual error (\\\"I painted the house with my number.\\\"). </div>\",\"response\":1,\"stimulus_0\":\"crushing a soda can using\",\"stimulus_1\":\"plucking a hair using\",\"condition_0\":\"improbable\",\"condition_1\":\"inconceivable\",\"continuation_0\":\"a chair\",\"continuation_1\":\"sympathy\",\"id_0\":20,\"id_1\":47,\"context_0\":\"They do not have a shoe, so they are\",\"context_1\":\"They do not have tweezers, so they are\",\"task_type\":\"critical\",\"concept\":\"inconceivable\",\"trial_type\":\"html-button-response\",\"trial_index\":13,\"time_elapsed\":107729,\"internal_node_id\":\"0.0-1.0-0.10\",\"subject_id\":\"66293a5710fb93854b181793\",\"study_id\":\"67e2c7f5c9ee767149702482\",\"session_id\":\"67e2c9fe6a1ffe905afadd57\",\"rng_seed\":\"0.4161474689707212\",\"response_label\":1,\"provided_context\":true},{\"rt\":5704,\"stimulus\":\"<div style=\\\"font-size:20px;\\\"><p>Which scenario is more nonsensical?</p>\\n  Reminder: <strong>Nonsensical</strong> means it does not make sense due to some basic conceptual error (\\\"I painted the house with my number.\\\"). </div>\",\"response\":1,\"stimulus_0\":\"eating soup using\",\"stimulus_1\":\"painting a wall using\",\"condition_0\":\"improbable\",\"condition_1\":\"inconceivable\",\"continuation_0\":\"a bucket\",\"continuation_1\":\"a whisper\",\"id_0\":31,\"id_1\":45,\"context_0\":\"They do not have a spoon, so they are\",\"context_1\":\"They do not have a brush, so they are\",\"task_type\":\"critical\",\"concept\":\"inconceivable\",\"trial_type\":\"html-button-response\",\"trial_index\":14,\"time_elapsed\":113434,\"internal_node_id\":\"0.0-1.0-0.11\",\"subject_id\":\"66293a5710fb93854b181793\",\"study_id\":\"67e2c7f5c9ee767149702482\",\"session_id\":\"67e2c9fe6a1ffe905afadd57\",\"rng_seed\":\"0.4161474689707212\",\"response_label\":1,\"provided_context\":true},{\"rt\":1696,\"stimulus\":\"<div style=\\\"font-size:20px;\\\"><p>Follow the instructions below.</p></div>\",\"response\":0,\"stimulus_0\":\"eating soup using\",\"stimulus_1\":\"painting a wall using\",\"condition_0\":\"improbable\",\"condition_1\":\"inconceivable\",\"continuation_0\":\"a bucket\",\"continuation_1\":\"a whisper\",\"id_0\":31,\"id_1\":45,\"context_0\":\"They do not have a spoon, so they are\",\"context_1\":\"They do not have a brush, so they are\",\"task_type\":\"attention_check\",\"choices\":[\"Click This Button!\",\"Don't Click This Button!\"],\"trial_type\":\"html-button-response\",\"trial_index\":15,\"time_elapsed\":115131,\"internal_node_id\":\"0.0-1.0-1.11-0.11\",\"subject_id\":\"66293a5710fb93854b181793\",\"study_id\":\"67e2c7f5c9ee767149702482\",\"session_id\":\"67e2c9fe6a1ffe905afadd57\",\"rng_seed\":\"0.4161474689707212\"},{\"rt\":6104,\"stimulus\":\"<div style=\\\"font-size:20px;\\\"><p>Which scenario is more nonsensical?</p>\\n  Reminder: <strong>Nonsensical</strong> means it does not make sense due to some basic conceptual error (\\\"I painted the house with my number.\\\"). </div>\",\"response\":1,\"stimulus_0\":\"polishing jewelry using\",\"stimulus_1\":\"cooking dinner out of\",\"condition_0\":\"impossible\",\"condition_1\":\"impossible\",\"continuation_0\":\"a chainsaw\",\"continuation_1\":\"the moon\",\"id_0\":48,\"id_1\":16,\"context_0\":\"They do not have a cloth, so they are\",\"context_1\":\"They do not have pasta, so they are\",\"task_type\":\"critical\",\"concept\":\"inconceivable\",\"trial_type\":\"html-button-response\",\"trial_index\":16,\"time_elapsed\":121236,\"internal_node_id\":\"0.0-1.0-0.12\",\"subject_id\":\"66293a5710fb93854b181793\",\"study_id\":\"67e2c7f5c9ee767149702482\",\"session_id\":\"67e2c9fe6a1ffe905afadd57\",\"rng_seed\":\"0.4161474689707212\",\"response_label\":1,\"provided_context\":true},{\"rt\":9390,\"stimulus\":\"<div style=\\\"font-size:20px;\\\"><p>Which scenario is more nonsensical?</p>\\n  Reminder: <strong>Nonsensical</strong> means it does not make sense due to some basic conceptual error (\\\"I painted the house with my number.\\\"). </div>\",\"response\":1,\"stimulus_0\":\"packing a suit inside\",\"stimulus_1\":\"baking a cake inside\",\"condition_0\":\"improbable\",\"condition_1\":\"inconceivable\",\"continuation_0\":\"a pocket\",\"continuation_1\":\"a sigh\",\"id_0\":44,\"id_1\":0,\"context_0\":\"They do not have a suitcase, so they are\",\"context_1\":\"They do not have an oven, so they are\",\"task_type\":\"critical\",\"concept\":\"inconceivable\",\"trial_type\":\"html-button-response\",\"trial_index\":17,\"time_elapsed\":130626,\"internal_node_id\":\"0.0-1.0-0.13\",\"subject_id\":\"66293a5710fb93854b181793\",\"study_id\":\"67e2c7f5c9ee767149702482\",\"session_id\":\"67e2c9fe6a1ffe905afadd57\",\"rng_seed\":\"0.4161474689707212\",\"response_label\":1,\"provided_context\":true},{\"rt\":10070,\"stimulus\":\"<div style=\\\"font-size:20px;\\\"><p>Which scenario is more nonsensical?</p>\\n  Reminder: <strong>Nonsensical</strong> means it does not make sense due to some basic conceptual error (\\\"I painted the house with my number.\\\"). </div>\",\"response\":0,\"stimulus_0\":\"polishing jewelry using\",\"stimulus_1\":\"shattering a window using\",\"condition_0\":\"impossible\",\"condition_1\":\"impossible\",\"continuation_0\":\"a chainsaw\",\"continuation_1\":\"confetti\",\"id_0\":48,\"id_1\":53,\"context_0\":\"They do not have a cloth, so they are\",\"context_1\":\"They do not have a stone, so they are\",\"task_type\":\"critical\",\"concept\":\"inconceivable\",\"trial_type\":\"html-button-response\",\"trial_index\":18,\"time_elapsed\":140698,\"internal_node_id\":\"0.0-1.0-0.14\",\"subject_id\":\"66293a5710fb93854b181793\",\"study_id\":\"67e2c7f5c9ee767149702482\",\"session_id\":\"67e2c9fe6a1ffe905afadd57\",\"rng_seed\":\"0.4161474689707212\",\"response_label\":0,\"provided_context\":true},{\"rt\":8683,\"stimulus\":\"<div style=\\\"font-size:20px;\\\"><p>Which scenario is more nonsensical?</p>\\n  Reminder: <strong>Nonsensical</strong> means it does not make sense due to some basic conceptual error (\\\"I painted the house with my number.\\\"). </div>\",\"response\":0,\"stimulus_0\":\"writing an equation on\",\"stimulus_1\":\"sewing a shirt using\",\"condition_0\":\"inconceivable\",\"condition_1\":\"improbable\",\"continuation_0\":\"a scream\",\"continuation_1\":\"a toothpick\",\"id_0\":69,\"id_1\":52,\"context_0\":\"They do not have a chalkboard, so they are\",\"context_1\":\"They do not have a needle, so they are\",\"task_type\":\"critical\",\"concept\":\"inconceivable\",\"trial_type\":\"html-button-response\",\"trial_index\":19,\"time_elapsed\":149382,\"internal_node_id\":\"0.0-1.0-0.15\",\"subject_id\":\"66293a5710fb93854b181793\",\"study_id\":\"67e2c7f5c9ee767149702482\",\"session_id\":\"67e2c9fe6a1ffe905afadd57\",\"rng_seed\":\"0.4161474689707212\",\"response_label\":0,\"provided_context\":true},{\"rt\":1271,\"stimulus\":\"<div style=\\\"font-size:20px;\\\"><p>Follow the instructions below.</p></div>\",\"response\":1,\"stimulus_0\":\"writing an equation on\",\"stimulus_1\":\"sewing a shirt using\",\"condition_0\":\"inconceivable\",\"condition_1\":\"improbable\",\"continuation_0\":\"a scream\",\"continuation_1\":\"a toothpick\",\"id_0\":69,\"id_1\":52,\"context_0\":\"They do not have a chalkboard, so they are\",\"context_1\":\"They do not have a needle, so they are\",\"task_type\":\"attention_check\",\"choices\":[\"Don't Click This Button!\",\"Click This Button!\"],\"trial_type\":\"html-button-response\",\"trial_index\":20,\"time_elapsed\":150654,\"internal_node_id\":\"0.0-1.0-1.15-0.15\",\"subject_id\":\"66293a5710fb93854b181793\",\"study_id\":\"67e2c7f5c9ee767149702482\",\"session_id\":\"67e2c9fe6a1ffe905afadd57\",\"rng_seed\":\"0.4161474689707212\"},{\"rt\":5118,\"stimulus\":\"<div style=\\\"font-size:20px;\\\"><p>Which scenario is more nonsensical?</p>\\n  Reminder: <strong>Nonsensical</strong> means it does not make sense due to some basic conceptual error (\\\"I painted the house with my number.\\\"). </div>\",\"response\":1,\"stimulus_0\":\"denting a car with\",\"stimulus_1\":\"squishing a blueberry using\",\"condition_0\":\"improbable\",\"condition_1\":\"improbable\",\"continuation_0\":\"a dumbbell\",\"continuation_1\":\"[POSS] nose\",\"id_0\":23,\"id_1\":58,\"context_0\":\"They do not have a baseball bat, so they are\",\"context_1\":\"They do not have fingers, so they are\",\"task_type\":\"critical\",\"concept\":\"inconceivable\",\"trial_type\":\"html-button-response\",\"trial_index\":21,\"time_elapsed\":155773,\"internal_node_id\":\"0.0-1.0-0.16\",\"subject_id\":\"66293a5710fb93854b181793\",\"study_id\":\"67e2c7f5c9ee767149702482\",\"session_id\":\"67e2c9fe6a1ffe905afadd57\",\"rng_seed\":\"0.4161474689707212\",\"response_label\":1,\"provided_context\":true},{\"rt\":7191,\"stimulus\":\"<div style=\\\"font-size:20px;\\\"><p>Which scenario is more nonsensical?</p>\\n  Reminder: <strong>Nonsensical</strong> means it does not make sense due to some basic conceptual error (\\\"I painted the house with my number.\\\"). </div>\",\"response\":1,\"stimulus_0\":\"digging a hole using\",\"stimulus_1\":\"carving a statue using\",\"condition_0\":\"impossible\",\"condition_1\":\"impossible\",\"continuation_0\":\"dirt\",\"continuation_1\":\"a sock\",\"id_0\":24,\"id_1\":7,\"context_0\":\"They do not have a shovel, so they are\",\"context_1\":\"They do not have a chisel, so they are\",\"task_type\":\"critical\",\"concept\":\"inconceivable\",\"trial_type\":\"html-button-response\",\"trial_index\":22,\"time_elapsed\":162965,\"internal_node_id\":\"0.0-1.0-0.17\",\"subject_id\":\"66293a5710fb93854b181793\",\"study_id\":\"67e2c7f5c9ee767149702482\",\"session_id\":\"67e2c9fe6a1ffe905afadd57\",\"rng_seed\":\"0.4161474689707212\",\"response_label\":1,\"provided_context\":true},{\"rt\":7996,\"stimulus\":\"<div style=\\\"font-size:20px;\\\"><p>Which scenario is more nonsensical?</p>\\n  Reminder: <strong>Nonsensical</strong> means it does not make sense due to some basic conceptual error (\\\"I painted the house with my number.\\\"). </div>\",\"response\":1,\"stimulus_0\":\"carving a statue using\",\"stimulus_1\":\"cleaning a spill using\",\"condition_0\":\"impossible\",\"condition_1\":\"inconceivable\",\"continuation_0\":\"a sock\",\"continuation_1\":\"a country\",\"id_0\":7,\"id_1\":11,\"context_0\":\"They do not have a chisel, so they are\",\"context_1\":\"They do not have a sponge, so they are\",\"task_type\":\"critical\",\"concept\":\"inconceivable\",\"trial_type\":\"html-button-response\",\"trial_index\":23,\"time_elapsed\":170963,\"internal_node_id\":\"0.0-1.0-0.18\",\"subject_id\":\"66293a5710fb93854b181793\",\"study_id\":\"67e2c7f5c9ee767149702482\",\"session_id\":\"67e2c9fe6a1ffe905afadd57\",\"rng_seed\":\"0.4161474689707212\",\"response_label\":1,\"provided_context\":true},{\"rt\":8150,\"stimulus\":\"<div style=\\\"font-size:20px;\\\"><p>Which scenario is more nonsensical?</p>\\n  Reminder: <strong>Nonsensical</strong> means it does not make sense due to some basic conceptual error (\\\"I painted the house with my number.\\\"). </div>\",\"response\":0,\"stimulus_0\":\"cooking dinner out of\",\"stimulus_1\":\"taking a vacation to\",\"condition_0\":\"impossible\",\"condition_1\":\"impossible\",\"continuation_0\":\"the moon\",\"continuation_1\":\"the sun\",\"id_0\":16,\"id_1\":61,\"context_0\":\"They do not have pasta, so they are\",\"context_1\":\"They are not near the beach, so they are\",\"task_type\":\"critical\",\"concept\":\"inconceivable\",\"trial_type\":\"html-button-response\",\"trial_index\":24,\"time_elapsed\":179113,\"internal_node_id\":\"0.0-1.0-0.19\",\"subject_id\":\"66293a5710fb93854b181793\",\"study_id\":\"67e2c7f5c9ee767149702482\",\"session_id\":\"67e2c9fe6a1ffe905afadd57\",\"rng_seed\":\"0.4161474689707212\",\"response_label\":0,\"provided_context\":true},{\"rt\":1344,\"stimulus\":\"<div style=\\\"font-size:20px;\\\"><p>Follow the instructions below.</p></div>\",\"response\":1,\"stimulus_0\":\"cooking dinner out of\",\"stimulus_1\":\"taking a vacation to\",\"condition_0\":\"impossible\",\"condition_1\":\"impossible\",\"continuation_0\":\"the moon\",\"continuation_1\":\"the sun\",\"id_0\":16,\"id_1\":61,\"context_0\":\"They do not have pasta, so they are\",\"context_1\":\"They are not near the beach, so they are\",\"task_type\":\"attention_check\",\"choices\":[\"Don't Click This Button!\",\"Click This Button!\"],\"trial_type\":\"html-button-response\",\"trial_index\":25,\"time_elapsed\":180458,\"internal_node_id\":\"0.0-1.0-1.19-0.19\",\"subject_id\":\"66293a5710fb93854b181793\",\"study_id\":\"67e2c7f5c9ee767149702482\",\"session_id\":\"67e2c9fe6a1ffe905afadd57\",\"rng_seed\":\"0.4161474689707212\"},{\"rt\":16928,\"response\":{\"language\":\"English\",\"gender\":\"Female\",\"feedback\":\"nothing to add here\"},\"trial_type\":\"survey-text\",\"trial_index\":26,\"time_elapsed\":197391,\"internal_node_id\":\"0.0-2.0\",\"subject_id\":\"66293a5710fb93854b181793\",\"study_id\":\"67e2c7f5c9ee767149702482\",\"session_id\":\"67e2c9fe6a1ffe905afadd57\",\"rng_seed\":\"0.4161474689707212\",\"task_type\":\"survey\"},{\"success\":true,\"completion_time\":\"2025-03-25T15:25:10.450Z\",\"exp_type\":\"gesture-beat-expt-pilot\"}]",
    "dir_path": "data/experiment_2_pilot"
}