{
    "prolific_data": {
        "subject_id": "65ccdde6a8d9609841621db4",
        "study_id": "67e2c7f5c9ee767149702482",
        "session_id": "67e2d2541787d7417adfc681",
        "rng_seed": "0.6345637847841188"
    },
    "data": "[{\"rt\":6787,\"stimulus\":\"\\n  <div class=\\\"jspsych-content\\\" align=left style=\\\"width:100%;text-align: left;\\\">\\n  <h2>Hello, and welcome to our study!</h2>\\n      In this study, we will ask you to 25 questions.\\n      <p>\\n      In 20 of the questions, we will need your help deciding which statement is more <strong>improbable</strong>.\\n      </p>\\n      <strong>Improbable</strong> means it is possible, but unlikely (e.g., \\\"I painted the house with my hair.\\\").\\n      <p>\\n      The remaining questions will check to make sure that you are paying attention to the study.\\n      <p>\\n    <h3>IMPORTANT:</h3>\\n    <ul>\\n      <li>Respond as quickly as you can.</li>\\n      <li>Answer the questions based on what is possible given the physical laws of the real world.</li>\\n      <li>There are no right or wrong answers. We are simply interested in your intuitions.</li>\\n      </ul>\\n    Once you are done reading this page, please press SPACEBAR to continue.\\n    </p>\\n  </div>\\n  \",\"response\":\" \",\"trial_type\":\"html-keyboard-response\",\"trial_index\":0,\"time_elapsed\":6789,\"internal_node_id\":\"0.0-0.0\",\"subject_id\":\"65ccdde6a8d9609841621db4\",\"study_id\":\"67e2c7f5c9ee767149702482\",\"session_id\":\"67e2d2541787d7417adfc681\",\"rng_seed\":\"0.6345637847841188\"},{\"rt\":7949,\"stimulus\":\"<div style=\\\"font-size:20px;\\\"><p>Which scenario is more improbable?</p>\\n  Reminder: <strong>Improbable</strong> means it is possible, but unlikely (e.g., \\\"I painted the house with my hair.\\\").</div>\",\"response\":0,\"stimulus_0\":\"unlocking a door using\",\"stimulus_1\":\"eating soup using\",\"condition_0\":\"impossible\",\"condition_1\":\"improbable\",\"continuation_0\":\"a marshmallow\",\"continuation_1\":\"a bucket\",\"id_0\":64,\"id_1\":31,\"context_0\":\"They do not have a key, so they are\",\"context_1\":\"They do not have a spoon, so they are\",\"task_type\":\"critical\",\"concept\":\"improbable\",\"trial_type\":\"html-button-response\",\"trial_index\":1,\"time_elapsed\":14743,\"internal_node_id\":\"0.0-1.0-0.0\",\"subject_id\":\"65ccdde6a8d9609841621db4\",\"study_id\":\"67e2c7f5c9ee767149702482\",\"session_id\":\"67e2d2541787d7417adfc681\",\"rng_seed\":\"0.6345637847841188\",\"response_label\":0,\"provided_context\":true},{\"rt\":18412,\"stimulus\":\"<div style=\\\"font-size:20px;\\\"><p>Which scenario is more improbable?</p>\\n  Reminder: <strong>Improbable</strong> means it is possible, but unlikely (e.g., \\\"I painted the house with my hair.\\\").</div>\",\"response\":1,\"stimulus_0\":\"lighting a candle using\",\"stimulus_1\":\"filling a bucket with\",\"condition_0\":\"impossible\",\"condition_1\":\"impossible\",\"continuation_0\":\"yogurt\",\"continuation_1\":\"buildings\",\"id_0\":39,\"id_1\":33,\"context_0\":\"They do not have a match, so they are\",\"context_1\":\"They are not near sand, so they are\",\"task_type\":\"critical\",\"concept\":\"improbable\",\"trial_type\":\"html-button-response\",\"trial_index\":2,\"time_elapsed\":33157,\"internal_node_id\":\"0.0-1.0-0.1\",\"subject_id\":\"65ccdde6a8d9609841621db4\",\"study_id\":\"67e2c7f5c9ee767149702482\",\"session_id\":\"67e2d2541787d7417adfc681\",\"rng_seed\":\"0.6345637847841188\",\"response_label\":1,\"provided_context\":true},{\"rt\":6534,\"stimulus\":\"<div style=\\\"font-size:20px;\\\"><p>Which scenario is more improbable?</p>\\n  Reminder: <strong>Improbable</strong> means it is possible, but unlikely (e.g., \\\"I painted the house with my hair.\\\").</div>\",\"response\":1,\"stimulus_0\":\"polishing jewelry using\",\"stimulus_1\":\"building a bridge out of\",\"condition_0\":\"impossible\",\"condition_1\":\"improbable\",\"continuation_0\":\"a chainsaw\",\"continuation_1\":\"plastic\",\"id_0\":48,\"id_1\":4,\"context_0\":\"They do not have a cloth, so they are\",\"context_1\":\"They do not have any steel, so they are\",\"task_type\":\"critical\",\"concept\":\"improbable\",\"trial_type\":\"html-button-response\",\"trial_index\":3,\"time_elapsed\":39693,\"internal_node_id\":\"0.0-1.0-0.2\",\"subject_id\":\"65ccdde6a8d9609841621db4\",\"study_id\":\"67e2c7f5c9ee767149702482\",\"session_id\":\"67e2d2541787d7417adfc681\",\"rng_seed\":\"0.6345637847841188\",\"response_label\":1,\"provided_context\":true},{\"rt\":6213,\"stimulus\":\"<div style=\\\"font-size:20px;\\\"><p>Which scenario is more improbable?</p>\\n  Reminder: <strong>Improbable</strong> means it is possible, but unlikely (e.g., \\\"I painted the house with my hair.\\\").</div>\",\"response\":0,\"stimulus_0\":\"eating soup using\",\"stimulus_1\":\"cutting cardboard using\",\"condition_0\":\"improbable\",\"condition_1\":\"inconceivable\",\"continuation_0\":\"a bucket\",\"continuation_1\":\"a snore\",\"id_0\":31,\"id_1\":22,\"context_0\":\"They do not have a spoon, so they are\",\"context_1\":\"They do not have scissors, so they are\",\"task_type\":\"critical\",\"concept\":\"improbable\",\"trial_type\":\"html-button-response\",\"trial_index\":4,\"time_elapsed\":45908,\"internal_node_id\":\"0.0-1.0-0.3\",\"subject_id\":\"65ccdde6a8d9609841621db4\",\"study_id\":\"67e2c7f5c9ee767149702482\",\"session_id\":\"67e2d2541787d7417adfc681\",\"rng_seed\":\"0.6345637847841188\",\"response_label\":0,\"provided_context\":true},{\"rt\":2546,\"stimulus\":\"<div style=\\\"font-size:20px;\\\"><p>Follow the instructions below.</p></div>\",\"response\":1,\"stimulus_0\":\"eating soup using\",\"stimulus_1\":\"cutting cardboard using\",\"condition_0\":\"improbable\",\"condition_1\":\"inconceivable\",\"continuation_0\":\"a bucket\",\"continuation_1\":\"a snore\",\"id_0\":31,\"id_1\":22,\"context_0\":\"They do not have a spoon, so they are\",\"context_1\":\"They do not have scissors, so they are\",\"task_type\":\"attention_check\",\"choices\":[\"Don't Click This Button!\",\"Click This Button!\"],\"trial_type\":\"html-button-response\",\"trial_index\":5,\"time_elapsed\":48455,\"internal_node_id\":\"0.0-1.0-1.3-0.3\",\"subject_id\":\"65ccdde6a8d9609841621db4\",\"study_id\":\"67e2c7f5c9ee767149702482\",\"session_id\":\"67e2d2541787d7417adfc681\",\"rng_seed\":\"0.6345637847841188\"},{\"rt\":10161,\"stimulus\":\"<div style=\\\"font-size:20px;\\\"><p>Which scenario is more improbable?</p>\\n  Reminder: <strong>Improbable</strong> means it is possible, but unlikely (e.g., \\\"I painted the house with my hair.\\\").</div>\",\"response\":1,\"stimulus_0\":\"cooking dinner out of\",\"stimulus_1\":\"sewing a shirt using\",\"condition_0\":\"impossible\",\"condition_1\":\"improbable\",\"continuation_0\":\"the moon\",\"continuation_1\":\"a toothpick\",\"id_0\":16,\"id_1\":52,\"context_0\":\"They do not have pasta, so they are\",\"context_1\":\"They do not have a needle, so they are\",\"task_type\":\"critical\",\"concept\":\"improbable\",\"trial_type\":\"html-button-response\",\"trial_index\":6,\"time_elapsed\":58617,\"internal_node_id\":\"0.0-1.0-0.4\",\"subject_id\":\"65ccdde6a8d9609841621db4\",\"study_id\":\"67e2c7f5c9ee767149702482\",\"session_id\":\"67e2d2541787d7417adfc681\",\"rng_seed\":\"0.6345637847841188\",\"response_label\":1,\"provided_context\":true},{\"rt\":12780,\"stimulus\":\"<div style=\\\"font-size:20px;\\\"><p>Which scenario is more improbable?</p>\\n  Reminder: <strong>Improbable</strong> means it is possible, but unlikely (e.g., \\\"I painted the house with my hair.\\\").</div>\",\"response\":0,\"stimulus_0\":\"shaving [POSS] beard using\",\"stimulus_1\":\"cooling a room using\",\"condition_0\":\"inconceivable\",\"condition_1\":\"inconceivable\",\"continuation_0\":\"a belief\",\"continuation_1\":\"a taste\",\"id_0\":54,\"id_1\":17,\"context_0\":\"They do not have a razor, so they are\",\"context_1\":\"They do not have a fan, so they are\",\"task_type\":\"critical\",\"concept\":\"improbable\",\"trial_type\":\"html-button-response\",\"trial_index\":7,\"time_elapsed\":71399,\"internal_node_id\":\"0.0-1.0-0.5\",\"subject_id\":\"65ccdde6a8d9609841621db4\",\"study_id\":\"67e2c7f5c9ee767149702482\",\"session_id\":\"67e2d2541787d7417adfc681\",\"rng_seed\":\"0.6345637847841188\",\"response_label\":0,\"provided_context\":true},{\"rt\":12264,\"stimulus\":\"<div style=\\\"font-size:20px;\\\"><p>Which scenario is more improbable?</p>\\n  Reminder: <strong>Improbable</strong> means it is possible, but unlikely (e.g., \\\"I painted the house with my hair.\\\").</div>\",\"response\":0,\"stimulus_0\":\"cooking dinner out of\",\"stimulus_1\":\"eating soup using\",\"condition_0\":\"impossible\",\"condition_1\":\"improbable\",\"continuation_0\":\"the moon\",\"continuation_1\":\"a bucket\",\"id_0\":16,\"id_1\":31,\"context_0\":\"They do not have pasta, so they are\",\"context_1\":\"They do not have a spoon, so they are\",\"task_type\":\"critical\",\"concept\":\"improbable\",\"trial_type\":\"html-button-response\",\"trial_index\":8,\"time_elapsed\":83667,\"internal_node_id\":\"0.0-1.0-0.6\",\"subject_id\":\"65ccdde6a8d9609841621db4\",\"study_id\":\"67e2c7f5c9ee767149702482\",\"session_id\":\"67e2d2541787d7417adfc681\",\"rng_seed\":\"0.6345637847841188\",\"response_label\":0,\"provided_context\":true},{\"rt\":6213,\"stimulus\":\"<div style=\\\"font-size:20px;\\\"><p>Which scenario is more improbable?</p>\\n  Reminder: <strong>Improbable</strong> means it is possible, but unlikely (e.g., \\\"I painted the house with my hair.\\\").</div>\",\"response\":1,\"stimulus_0\":\"digging a hole using\",\"stimulus_1\":\"drinking a cup full of\",\"condition_0\":\"impossible\",\"condition_1\":\"inconceivable\",\"continuation_0\":\"dirt\",\"continuation_1\":\"minutes\",\"id_0\":24,\"id_1\":28,\"context_0\":\"They do not have a shovel, so they are\",\"context_1\":\"They do not have water, so they are\",\"task_type\":\"critical\",\"concept\":\"improbable\",\"trial_type\":\"html-button-response\",\"trial_index\":9,\"time_elapsed\":89881,\"internal_node_id\":\"0.0-1.0-0.7\",\"subject_id\":\"65ccdde6a8d9609841621db4\",\"study_id\":\"67e2c7f5c9ee767149702482\",\"session_id\":\"67e2d2541787d7417adfc681\",\"rng_seed\":\"0.6345637847841188\",\"response_label\":1,\"provided_context\":true},{\"rt\":1621,\"stimulus\":\"<div style=\\\"font-size:20px;\\\"><p>Follow the instructions below.</p></div>\",\"response\":0,\"stimulus_0\":\"digging a hole using\",\"stimulus_1\":\"drinking a cup full of\",\"condition_0\":\"impossible\",\"condition_1\":\"inconceivable\",\"continuation_0\":\"dirt\",\"continuation_1\":\"minutes\",\"id_0\":24,\"id_1\":28,\"context_0\":\"They do not have a shovel, so they are\",\"context_1\":\"They do not have water, so they are\",\"task_type\":\"attention_check\",\"choices\":[\"Don't Click This Button!\",\"Click This Button!\"],\"trial_type\":\"html-button-response\",\"trial_index\":10,\"time_elapsed\":91504,\"internal_node_id\":\"0.0-1.0-1.7-0.7\",\"subject_id\":\"65ccdde6a8d9609841621db4\",\"study_id\":\"67e2c7f5c9ee767149702482\",\"session_id\":\"67e2d2541787d7417adfc681\",\"rng_seed\":\"0.6345637847841188\"},{\"rt\":4195,\"stimulus\":\"<div style=\\\"font-size:20px;\\\"><p>Which scenario is more improbable?</p>\\n  Reminder: <strong>Improbable</strong> means it is possible, but unlikely (e.g., \\\"I painted the house with my hair.\\\").</div>\",\"response\":1,\"stimulus_0\":\"eating soup using\",\"stimulus_1\":\"painting a wall using\",\"condition_0\":\"improbable\",\"condition_1\":\"inconceivable\",\"continuation_0\":\"a bucket\",\"continuation_1\":\"a whisper\",\"id_0\":31,\"id_1\":45,\"context_0\":\"They do not have a spoon, so they are\",\"context_1\":\"They do not have a brush, so they are\",\"task_type\":\"critical\",\"concept\":\"improbable\",\"trial_type\":\"html-button-response\",\"trial_index\":11,\"time_elapsed\":95701,\"internal_node_id\":\"0.0-1.0-0.8\",\"subject_id\":\"65ccdde6a8d9609841621db4\",\"study_id\":\"67e2c7f5c9ee767149702482\",\"session_id\":\"67e2d2541787d7417adfc681\",\"rng_seed\":\"0.6345637847841188\",\"response_label\":1,\"provided_context\":true},{\"rt\":5870,\"stimulus\":\"<div style=\\\"font-size:20px;\\\"><p>Which scenario is more improbable?</p>\\n  Reminder: <strong>Improbable</strong> means it is possible, but unlikely (e.g., \\\"I painted the house with my hair.\\\").</div>\",\"response\":0,\"stimulus_0\":\"carving a statue using\",\"stimulus_1\":\"drying laundry using\",\"condition_0\":\"impossible\",\"condition_1\":\"improbable\",\"continuation_0\":\"a sock\",\"continuation_1\":\"a fan\",\"id_0\":7,\"id_1\":30,\"context_0\":\"They do not have a chisel, so they are\",\"context_1\":\"They do not have a clothesline, so they are\",\"task_type\":\"critical\",\"concept\":\"improbable\",\"trial_type\":\"html-button-response\",\"trial_index\":12,\"time_elapsed\":101573,\"internal_node_id\":\"0.0-1.0-0.9\",\"subject_id\":\"65ccdde6a8d9609841621db4\",\"study_id\":\"67e2c7f5c9ee767149702482\",\"session_id\":\"67e2d2541787d7417adfc681\",\"rng_seed\":\"0.6345637847841188\",\"response_label\":0,\"provided_context\":true},{\"rt\":5632,\"stimulus\":\"<div style=\\\"font-size:20px;\\\"><p>Which scenario is more improbable?</p>\\n  Reminder: <strong>Improbable</strong> means it is possible, but unlikely (e.g., \\\"I painted the house with my hair.\\\").</div>\",\"response\":1,\"stimulus_0\":\"building a bridge out of\",\"stimulus_1\":\"filling a bucket with\",\"condition_0\":\"improbable\",\"condition_1\":\"impossible\",\"continuation_0\":\"plastic\",\"continuation_1\":\"buildings\",\"id_0\":4,\"id_1\":33,\"context_0\":\"They do not have any steel, so they are\",\"context_1\":\"They are not near sand, so they are\",\"task_type\":\"critical\",\"concept\":\"improbable\",\"trial_type\":\"html-button-response\",\"trial_index\":13,\"time_elapsed\":107206,\"internal_node_id\":\"0.0-1.0-0.10\",\"subject_id\":\"65ccdde6a8d9609841621db4\",\"study_id\":\"67e2c7f5c9ee767149702482\",\"session_id\":\"67e2d2541787d7417adfc681\",\"rng_seed\":\"0.6345637847841188\",\"response_label\":1,\"provided_context\":true},{\"rt\":8395,\"stimulus\":\"<div style=\\\"font-size:20px;\\\"><p>Which scenario is more improbable?</p>\\n  Reminder: <strong>Improbable</strong> means it is possible, but unlikely (e.g., \\\"I painted the house with my hair.\\\").</div>\",\"response\":0,\"stimulus_0\":\"shaving [POSS] beard using\",\"stimulus_1\":\"painting a wall using\",\"condition_0\":\"inconceivable\",\"condition_1\":\"inconceivable\",\"continuation_0\":\"a belief\",\"continuation_1\":\"a whisper\",\"id_0\":54,\"id_1\":45,\"context_0\":\"They do not have a razor, so they are\",\"context_1\":\"They do not have a brush, so they are\",\"task_type\":\"critical\",\"concept\":\"improbable\",\"trial_type\":\"html-button-response\",\"trial_index\":14,\"time_elapsed\":115604,\"internal_node_id\":\"0.0-1.0-0.11\",\"subject_id\":\"65ccdde6a8d9609841621db4\",\"study_id\":\"67e2c7f5c9ee767149702482\",\"session_id\":\"67e2d2541787d7417adfc681\",\"rng_seed\":\"0.6345637847841188\",\"response_label\":0,\"provided_context\":true},{\"rt\":1920,\"stimulus\":\"<div style=\\\"font-size:20px;\\\"><p>Follow the instructions below.</p></div>\",\"response\":1,\"stimulus_0\":\"shaving [POSS] beard using\",\"stimulus_1\":\"painting a wall using\",\"condition_0\":\"inconceivable\",\"condition_1\":\"inconceivable\",\"continuation_0\":\"a belief\",\"continuation_1\":\"a whisper\",\"id_0\":54,\"id_1\":45,\"context_0\":\"They do not have a razor, so they are\",\"context_1\":\"They do not have a brush, so they are\",\"task_type\":\"attention_check\",\"choices\":[\"Don't Click This Button!\",\"Click This Button!\"],\"trial_type\":\"html-button-response\",\"trial_index\":15,\"time_elapsed\":117525,\"internal_node_id\":\"0.0-1.0-1.11-0.11\",\"subject_id\":\"65ccdde6a8d9609841621db4\",\"study_id\":\"67e2c7f5c9ee767149702482\",\"session_id\":\"67e2d2541787d7417adfc681\",\"rng_seed\":\"0.6345637847841188\"},{\"rt\":8029,\"stimulus\":\"<div style=\\\"font-size:20px;\\\"><p>Which scenario is more improbable?</p>\\n  Reminder: <strong>Improbable</strong> means it is possible, but unlikely (e.g., \\\"I painted the house with my hair.\\\").</div>\",\"response\":1,\"stimulus_0\":\"crafting a bowl out of\",\"stimulus_1\":\"drinking a cup full of\",\"condition_0\":\"impossible\",\"condition_1\":\"inconceivable\",\"continuation_0\":\"smoke\",\"continuation_1\":\"minutes\",\"id_0\":19,\"id_1\":28,\"context_0\":\"They do not have clay, so they are\",\"context_1\":\"They do not have water, so they are\",\"task_type\":\"critical\",\"concept\":\"improbable\",\"trial_type\":\"html-button-response\",\"trial_index\":16,\"time_elapsed\":125555,\"internal_node_id\":\"0.0-1.0-0.12\",\"subject_id\":\"65ccdde6a8d9609841621db4\",\"study_id\":\"67e2c7f5c9ee767149702482\",\"session_id\":\"67e2d2541787d7417adfc681\",\"rng_seed\":\"0.6345637847841188\",\"response_label\":1,\"provided_context\":true},{\"rt\":6133,\"stimulus\":\"<div style=\\\"font-size:20px;\\\"><p>Which scenario is more improbable?</p>\\n  Reminder: <strong>Improbable</strong> means it is possible, but unlikely (e.g., \\\"I painted the house with my hair.\\\").</div>\",\"response\":1,\"stimulus_0\":\"building a bridge out of\",\"stimulus_1\":\"cooking dinner out of\",\"condition_0\":\"improbable\",\"condition_1\":\"impossible\",\"continuation_0\":\"plastic\",\"continuation_1\":\"the moon\",\"id_0\":4,\"id_1\":16,\"context_0\":\"They do not have any steel, so they are\",\"context_1\":\"They do not have pasta, so they are\",\"task_type\":\"critical\",\"concept\":\"improbable\",\"trial_type\":\"html-button-response\",\"trial_index\":17,\"time_elapsed\":131689,\"internal_node_id\":\"0.0-1.0-0.13\",\"subject_id\":\"65ccdde6a8d9609841621db4\",\"study_id\":\"67e2c7f5c9ee767149702482\",\"session_id\":\"67e2d2541787d7417adfc681\",\"rng_seed\":\"0.6345637847841188\",\"response_label\":1,\"provided_context\":true},{\"rt\":6167,\"stimulus\":\"<div style=\\\"font-size:20px;\\\"><p>Which scenario is more improbable?</p>\\n  Reminder: <strong>Improbable</strong> means it is possible, but unlikely (e.g., \\\"I painted the house with my hair.\\\").</div>\",\"response\":1,\"stimulus_0\":\"digging a hole using\",\"stimulus_1\":\"cooking dinner out of\",\"condition_0\":\"impossible\",\"condition_1\":\"impossible\",\"continuation_0\":\"dirt\",\"continuation_1\":\"the moon\",\"id_0\":24,\"id_1\":16,\"context_0\":\"They do not have a shovel, so they are\",\"context_1\":\"They do not have pasta, so they are\",\"task_type\":\"critical\",\"concept\":\"improbable\",\"trial_type\":\"html-button-response\",\"trial_index\":18,\"time_elapsed\":137857,\"internal_node_id\":\"0.0-1.0-0.14\",\"subject_id\":\"65ccdde6a8d9609841621db4\",\"study_id\":\"67e2c7f5c9ee767149702482\",\"session_id\":\"67e2d2541787d7417adfc681\",\"rng_seed\":\"0.6345637847841188\",\"response_label\":1,\"provided_context\":true},{\"rt\":6070,\"stimulus\":\"<div style=\\\"font-size:20px;\\\"><p>Which scenario is more improbable?</p>\\n  Reminder: <strong>Improbable</strong> means it is possible, but unlikely (e.g., \\\"I painted the house with my hair.\\\").</div>\",\"response\":0,\"stimulus_0\":\"catching a fish in\",\"stimulus_1\":\"packing a suit inside\",\"condition_0\":\"improbable\",\"condition_1\":\"improbable\",\"continuation_0\":\"a puddle\",\"continuation_1\":\"a pocket\",\"id_0\":8,\"id_1\":44,\"context_0\":\"They are not near a lake, so they are\",\"context_1\":\"They do not have a suitcase, so they are\",\"task_type\":\"critical\",\"concept\":\"improbable\",\"trial_type\":\"html-button-response\",\"trial_index\":19,\"time_elapsed\":143928,\"internal_node_id\":\"0.0-1.0-0.15\",\"subject_id\":\"65ccdde6a8d9609841621db4\",\"study_id\":\"67e2c7f5c9ee767149702482\",\"session_id\":\"67e2d2541787d7417adfc681\",\"rng_seed\":\"0.6345637847841188\",\"response_label\":0,\"provided_context\":true},{\"rt\":1194,\"stimulus\":\"<div style=\\\"font-size:20px;\\\"><p>Follow the instructions below.</p></div>\",\"response\":0,\"stimulus_0\":\"catching a fish in\",\"stimulus_1\":\"packing a suit inside\",\"condition_0\":\"improbable\",\"condition_1\":\"improbable\",\"continuation_0\":\"a puddle\",\"continuation_1\":\"a pocket\",\"id_0\":8,\"id_1\":44,\"context_0\":\"They are not near a lake, so they are\",\"context_1\":\"They do not have a suitcase, so they are\",\"task_type\":\"attention_check\",\"choices\":[\"Click This Button!\",\"Don't Click This Button!\"],\"trial_type\":\"html-button-response\",\"trial_index\":20,\"time_elapsed\":145124,\"internal_node_id\":\"0.0-1.0-1.15-0.15\",\"subject_id\":\"65ccdde6a8d9609841621db4\",\"study_id\":\"67e2c7f5c9ee767149702482\",\"session_id\":\"67e2d2541787d7417adfc681\",\"rng_seed\":\"0.6345637847841188\"},{\"rt\":4952,\"stimulus\":\"<div style=\\\"font-size:20px;\\\"><p>Which scenario is more improbable?</p>\\n  Reminder: <strong>Improbable</strong> means it is possible, but unlikely (e.g., \\\"I painted the house with my hair.\\\").</div>\",\"response\":0,\"stimulus_0\":\"crafting a bowl out of\",\"stimulus_1\":\"carving a statue using\",\"condition_0\":\"impossible\",\"condition_1\":\"impossible\",\"continuation_0\":\"smoke\",\"continuation_1\":\"a sock\",\"id_0\":19,\"id_1\":7,\"context_0\":\"They do not have clay, so they are\",\"context_1\":\"They do not have a chisel, so they are\",\"task_type\":\"critical\",\"concept\":\"improbable\",\"trial_type\":\"html-button-response\",\"trial_index\":21,\"time_elapsed\":150077,\"internal_node_id\":\"0.0-1.0-0.16\",\"subject_id\":\"65ccdde6a8d9609841621db4\",\"study_id\":\"67e2c7f5c9ee767149702482\",\"session_id\":\"67e2d2541787d7417adfc681\",\"rng_seed\":\"0.6345637847841188\",\"response_label\":0,\"provided_context\":true},{\"rt\":5359,\"stimulus\":\"<div style=\\\"font-size:20px;\\\"><p>Which scenario is more improbable?</p>\\n  Reminder: <strong>Improbable</strong> means it is possible, but unlikely (e.g., \\\"I painted the house with my hair.\\\").</div>\",\"response\":0,\"stimulus_0\":\"hanging a painting using\",\"stimulus_1\":\"drying laundry using\",\"condition_0\":\"inconceivable\",\"condition_1\":\"improbable\",\"continuation_0\":\"a handshake\",\"continuation_1\":\"a fan\",\"id_0\":36,\"id_1\":30,\"context_0\":\"They do not have screws, so they are\",\"context_1\":\"They do not have a clothesline, so they are\",\"task_type\":\"critical\",\"concept\":\"improbable\",\"trial_type\":\"html-button-response\",\"trial_index\":22,\"time_elapsed\":155438,\"internal_node_id\":\"0.0-1.0-0.17\",\"subject_id\":\"65ccdde6a8d9609841621db4\",\"study_id\":\"67e2c7f5c9ee767149702482\",\"session_id\":\"67e2d2541787d7417adfc681\",\"rng_seed\":\"0.6345637847841188\",\"response_label\":0,\"provided_context\":true},{\"rt\":6572,\"stimulus\":\"<div style=\\\"font-size:20px;\\\"><p>Which scenario is more improbable?</p>\\n  Reminder: <strong>Improbable</strong> means it is possible, but unlikely (e.g., \\\"I painted the house with my hair.\\\").</div>\",\"response\":0,\"stimulus_0\":\"hanging a painting using\",\"stimulus_1\":\"eating soup using\",\"condition_0\":\"inconceivable\",\"condition_1\":\"improbable\",\"continuation_0\":\"a handshake\",\"continuation_1\":\"a bucket\",\"id_0\":36,\"id_1\":31,\"context_0\":\"They do not have screws, so they are\",\"context_1\":\"They do not have a spoon, so they are\",\"task_type\":\"critical\",\"concept\":\"improbable\",\"trial_type\":\"html-button-response\",\"trial_index\":23,\"time_elapsed\":162011,\"internal_node_id\":\"0.0-1.0-0.18\",\"subject_id\":\"65ccdde6a8d9609841621db4\",\"study_id\":\"67e2c7f5c9ee767149702482\",\"session_id\":\"67e2d2541787d7417adfc681\",\"rng_seed\":\"0.6345637847841188\",\"response_label\":0,\"provided_context\":true},{\"rt\":12250,\"stimulus\":\"<div style=\\\"font-size:20px;\\\"><p>Which scenario is more improbable?</p>\\n  Reminder: <strong>Improbable</strong> means it is possible, but unlikely (e.g., \\\"I painted the house with my hair.\\\").</div>\",\"response\":0,\"stimulus_0\":\"cutting cardboard using\",\"stimulus_1\":\"filling a bucket with\",\"condition_0\":\"inconceivable\",\"condition_1\":\"impossible\",\"continuation_0\":\"a snore\",\"continuation_1\":\"buildings\",\"id_0\":22,\"id_1\":33,\"context_0\":\"They do not have scissors, so they are\",\"context_1\":\"They are not near sand, so they are\",\"task_type\":\"critical\",\"concept\":\"improbable\",\"trial_type\":\"html-button-response\",\"trial_index\":24,\"time_elapsed\":174263,\"internal_node_id\":\"0.0-1.0-0.19\",\"subject_id\":\"65ccdde6a8d9609841621db4\",\"study_id\":\"67e2c7f5c9ee767149702482\",\"session_id\":\"67e2d2541787d7417adfc681\",\"rng_seed\":\"0.6345637847841188\",\"response_label\":0,\"provided_context\":true},{\"rt\":1117,\"stimulus\":\"<div style=\\\"font-size:20px;\\\"><p>Follow the instructions below.</p></div>\",\"response\":1,\"stimulus_0\":\"cutting cardboard using\",\"stimulus_1\":\"filling a bucket with\",\"condition_0\":\"inconceivable\",\"condition_1\":\"impossible\",\"continuation_0\":\"a snore\",\"continuation_1\":\"buildings\",\"id_0\":22,\"id_1\":33,\"context_0\":\"They do not have scissors, so they are\",\"context_1\":\"They are not near sand, so they are\",\"task_type\":\"attention_check\",\"choices\":[\"Don't Click This Button!\",\"Click This Button!\"],\"trial_type\":\"html-button-response\",\"trial_index\":25,\"time_elapsed\":175381,\"internal_node_id\":\"0.0-1.0-1.19-0.19\",\"subject_id\":\"65ccdde6a8d9609841621db4\",\"study_id\":\"67e2c7f5c9ee767149702482\",\"session_id\":\"67e2d2541787d7417adfc681\",\"rng_seed\":\"0.6345637847841188\"},{\"rt\":8472,\"response\":{\"language\":\"English\",\"gender\":\"Female\",\"feedback\":\"\"},\"trial_type\":\"survey-text\",\"trial_index\":26,\"time_elapsed\":183900,\"internal_node_id\":\"0.0-2.0\",\"subject_id\":\"65ccdde6a8d9609841621db4\",\"study_id\":\"67e2c7f5c9ee767149702482\",\"session_id\":\"67e2d2541787d7417adfc681\",\"rng_seed\":\"0.6345637847841188\",\"task_type\":\"survey\"},{\"success\":true,\"completion_time\":\"2025-03-25T16:00:42.244Z\",\"exp_type\":\"gesture-beat-expt-pilot\"}]",
    "dir_path": "data/experiment_2_pilot"
}