{
    "prolific_data": {
        "subject_id": "5eb5c9d926fcab118321ba37",
        "study_id": "67e2c7f5c9ee767149702482",
        "session_id": "67e2d66c9c4bc44192a654d4",
        "rng_seed": "0.8916150655360151"
    },
    "data": "[{\"rt\":26896,\"stimulus\":\"\\n  <div class=\\\"jspsych-content\\\" align=left style=\\\"width:100%;text-align: left;\\\">\\n  <h2>Hello, and welcome to our study!</h2>\\n      In this study, we will ask you to 25 questions.\\n      <p>\\n      In 20 of the questions, we will need your help deciding which statement is more <strong>improbable</strong>.\\n      </p>\\n      <strong>Improbable</strong> means it is possible, but unlikely (e.g., \\\"I painted the house with my hair.\\\").\\n      <p>\\n      The remaining questions will check to make sure that you are paying attention to the study.\\n      <p>\\n    <h3>IMPORTANT:</h3>\\n    <ul>\\n      <li>Respond as quickly as you can.</li>\\n      <li>Answer the questions based on what is possible given the physical laws of the real world.</li>\\n      <li>There are no right or wrong answers. We are simply interested in your intuitions.</li>\\n      </ul>\\n    Once you are done reading this page, please press SPACEBAR to continue.\\n    </p>\\n  </div>\\n  \",\"response\":\" \",\"trial_type\":\"html-keyboard-response\",\"trial_index\":0,\"time_elapsed\":26905,\"internal_node_id\":\"0.0-0.0\",\"subject_id\":\"5eb5c9d926fcab118321ba37\",\"study_id\":\"67e2c7f5c9ee767149702482\",\"session_id\":\"67e2d66c9c4bc44192a654d4\",\"rng_seed\":\"0.8916150655360151\"},{\"rt\":19954,\"stimulus\":\"<div style=\\\"font-size:20px;\\\"><p>Which scenario is more improbable?</p>\\n  Reminder: <strong>Improbable</strong> means it is possible, but unlikely (e.g., \\\"I painted the house with my hair.\\\").</div>\",\"response\":0,\"stimulus_0\":\"painting a wall using\",\"stimulus_1\":\"catching a fish in\",\"condition_0\":\"inconceivable\",\"condition_1\":\"improbable\",\"continuation_0\":\"a whisper\",\"continuation_1\":\"a puddle\",\"id_0\":45,\"id_1\":8,\"context_0\":\"They do not have a brush, so they are\",\"context_1\":\"They are not near a lake, so they are\",\"task_type\":\"critical\",\"concept\":\"improbable\",\"trial_type\":\"html-button-response\",\"trial_index\":1,\"time_elapsed\":46864,\"internal_node_id\":\"0.0-1.0-0.0\",\"subject_id\":\"5eb5c9d926fcab118321ba37\",\"study_id\":\"67e2c7f5c9ee767149702482\",\"session_id\":\"67e2d66c9c4bc44192a654d4\",\"rng_seed\":\"0.8916150655360151\",\"response_label\":0,\"provided_context\":true},{\"rt\":6792,\"stimulus\":\"<div style=\\\"font-size:20px;\\\"><p>Which scenario is more improbable?</p>\\n  Reminder: <strong>Improbable</strong> means it is possible, but unlikely (e.g., \\\"I painted the house with my hair.\\\").</div>\",\"response\":0,\"stimulus_0\":\"polishing jewelry using\",\"stimulus_1\":\"catching a fish in\",\"condition_0\":\"impossible\",\"condition_1\":\"improbable\",\"continuation_0\":\"a chainsaw\",\"continuation_1\":\"a puddle\",\"id_0\":48,\"id_1\":8,\"context_0\":\"They do not have a cloth, so they are\",\"context_1\":\"They are not near a lake, so they are\",\"task_type\":\"critical\",\"concept\":\"improbable\",\"trial_type\":\"html-button-response\",\"trial_index\":2,\"time_elapsed\":53660,\"internal_node_id\":\"0.0-1.0-0.1\",\"subject_id\":\"5eb5c9d926fcab118321ba37\",\"study_id\":\"67e2c7f5c9ee767149702482\",\"session_id\":\"67e2d66c9c4bc44192a654d4\",\"rng_seed\":\"0.8916150655360151\",\"response_label\":0,\"provided_context\":true},{\"rt\":13986,\"stimulus\":\"<div style=\\\"font-size:20px;\\\"><p>Which scenario is more improbable?</p>\\n  Reminder: <strong>Improbable</strong> means it is possible, but unlikely (e.g., \\\"I painted the house with my hair.\\\").</div>\",\"response\":0,\"stimulus_0\":\"lighting a candle using\",\"stimulus_1\":\"packing a suit inside\",\"condition_0\":\"impossible\",\"condition_1\":\"improbable\",\"continuation_0\":\"yogurt\",\"continuation_1\":\"a pocket\",\"id_0\":39,\"id_1\":44,\"context_0\":\"They do not have a match, so they are\",\"context_1\":\"They do not have a suitcase, so they are\",\"task_type\":\"critical\",\"concept\":\"improbable\",\"trial_type\":\"html-button-response\",\"trial_index\":3,\"time_elapsed\":67649,\"internal_node_id\":\"0.0-1.0-0.2\",\"subject_id\":\"5eb5c9d926fcab118321ba37\",\"study_id\":\"67e2c7f5c9ee767149702482\",\"session_id\":\"67e2d66c9c4bc44192a654d4\",\"rng_seed\":\"0.8916150655360151\",\"response_label\":0,\"provided_context\":true},{\"rt\":8730,\"stimulus\":\"<div style=\\\"font-size:20px;\\\"><p>Which scenario is more improbable?</p>\\n  Reminder: <strong>Improbable</strong> means it is possible, but unlikely (e.g., \\\"I painted the house with my hair.\\\").</div>\",\"response\":1,\"stimulus_0\":\"eating soup using\",\"stimulus_1\":\"digging a hole using\",\"condition_0\":\"improbable\",\"condition_1\":\"impossible\",\"continuation_0\":\"a bucket\",\"continuation_1\":\"dirt\",\"id_0\":31,\"id_1\":24,\"context_0\":\"They do not have a spoon, so they are\",\"context_1\":\"They do not have a shovel, so they are\",\"task_type\":\"critical\",\"concept\":\"improbable\",\"trial_type\":\"html-button-response\",\"trial_index\":4,\"time_elapsed\":76383,\"internal_node_id\":\"0.0-1.0-0.3\",\"subject_id\":\"5eb5c9d926fcab118321ba37\",\"study_id\":\"67e2c7f5c9ee767149702482\",\"session_id\":\"67e2d66c9c4bc44192a654d4\",\"rng_seed\":\"0.8916150655360151\",\"response_label\":1,\"provided_context\":true},{\"rt\":3814,\"stimulus\":\"<div style=\\\"font-size:20px;\\\"><p>Follow the instructions below.</p></div>\",\"response\":1,\"stimulus_0\":\"eating soup using\",\"stimulus_1\":\"digging a hole using\",\"condition_0\":\"improbable\",\"condition_1\":\"impossible\",\"continuation_0\":\"a bucket\",\"continuation_1\":\"dirt\",\"id_0\":31,\"id_1\":24,\"context_0\":\"They do not have a spoon, so they are\",\"context_1\":\"They do not have a shovel, so they are\",\"task_type\":\"attention_check\",\"choices\":[\"Don't Click This Button!\",\"Click This Button!\"],\"trial_type\":\"html-button-response\",\"trial_index\":5,\"time_elapsed\":80201,\"internal_node_id\":\"0.0-1.0-1.3-0.3\",\"subject_id\":\"5eb5c9d926fcab118321ba37\",\"study_id\":\"67e2c7f5c9ee767149702482\",\"session_id\":\"67e2d66c9c4bc44192a654d4\",\"rng_seed\":\"0.8916150655360151\"},{\"rt\":15298,\"stimulus\":\"<div style=\\\"font-size:20px;\\\"><p>Which scenario is more improbable?</p>\\n  Reminder: <strong>Improbable</strong> means it is possible, but unlikely (e.g., \\\"I painted the house with my hair.\\\").</div>\",\"response\":0,\"stimulus_0\":\"crafting a bowl out of\",\"stimulus_1\":\"unlocking a door using\",\"condition_0\":\"impossible\",\"condition_1\":\"impossible\",\"continuation_0\":\"smoke\",\"continuation_1\":\"a marshmallow\",\"id_0\":19,\"id_1\":64,\"context_0\":\"They do not have clay, so they are\",\"context_1\":\"They do not have a key, so they are\",\"task_type\":\"critical\",\"concept\":\"improbable\",\"trial_type\":\"html-button-response\",\"trial_index\":6,\"time_elapsed\":95502,\"internal_node_id\":\"0.0-1.0-0.4\",\"subject_id\":\"5eb5c9d926fcab118321ba37\",\"study_id\":\"67e2c7f5c9ee767149702482\",\"session_id\":\"67e2d66c9c4bc44192a654d4\",\"rng_seed\":\"0.8916150655360151\",\"response_label\":0,\"provided_context\":true},{\"rt\":6415,\"stimulus\":\"<div style=\\\"font-size:20px;\\\"><p>Which scenario is more improbable?</p>\\n  Reminder: <strong>Improbable</strong> means it is possible, but unlikely (e.g., \\\"I painted the house with my hair.\\\").</div>\",\"response\":0,\"stimulus_0\":\"cooking dinner out of\",\"stimulus_1\":\"unlocking a door using\",\"condition_0\":\"impossible\",\"condition_1\":\"impossible\",\"continuation_0\":\"the moon\",\"continuation_1\":\"a marshmallow\",\"id_0\":16,\"id_1\":64,\"context_0\":\"They do not have pasta, so they are\",\"context_1\":\"They do not have a key, so they are\",\"task_type\":\"critical\",\"concept\":\"improbable\",\"trial_type\":\"html-button-response\",\"trial_index\":7,\"time_elapsed\":101921,\"internal_node_id\":\"0.0-1.0-0.5\",\"subject_id\":\"5eb5c9d926fcab118321ba37\",\"study_id\":\"67e2c7f5c9ee767149702482\",\"session_id\":\"67e2d66c9c4bc44192a654d4\",\"rng_seed\":\"0.8916150655360151\",\"response_label\":0,\"provided_context\":true},{\"rt\":15750,\"stimulus\":\"<div style=\\\"font-size:20px;\\\"><p>Which scenario is more improbable?</p>\\n  Reminder: <strong>Improbable</strong> means it is possible, but unlikely (e.g., \\\"I painted the house with my hair.\\\").</div>\",\"response\":1,\"stimulus_0\":\"lighting a candle using\",\"stimulus_1\":\"cutting cardboard using\",\"condition_0\":\"impossible\",\"condition_1\":\"inconceivable\",\"continuation_0\":\"yogurt\",\"continuation_1\":\"a snore\",\"id_0\":39,\"id_1\":22,\"context_0\":\"They do not have a match, so they are\",\"context_1\":\"They do not have scissors, so they are\",\"task_type\":\"critical\",\"concept\":\"improbable\",\"trial_type\":\"html-button-response\",\"trial_index\":8,\"time_elapsed\":117673,\"internal_node_id\":\"0.0-1.0-0.6\",\"subject_id\":\"5eb5c9d926fcab118321ba37\",\"study_id\":\"67e2c7f5c9ee767149702482\",\"session_id\":\"67e2d66c9c4bc44192a654d4\",\"rng_seed\":\"0.8916150655360151\",\"response_label\":1,\"provided_context\":true},{\"rt\":7456,\"stimulus\":\"<div style=\\\"font-size:20px;\\\"><p>Which scenario is more improbable?</p>\\n  Reminder: <strong>Improbable</strong> means it is possible, but unlikely (e.g., \\\"I painted the house with my hair.\\\").</div>\",\"response\":1,\"stimulus_0\":\"unlocking a door using\",\"stimulus_1\":\"digging a hole using\",\"condition_0\":\"impossible\",\"condition_1\":\"impossible\",\"continuation_0\":\"a marshmallow\",\"continuation_1\":\"dirt\",\"id_0\":64,\"id_1\":24,\"context_0\":\"They do not have a key, so they are\",\"context_1\":\"They do not have a shovel, so they are\",\"task_type\":\"critical\",\"concept\":\"improbable\",\"trial_type\":\"html-button-response\",\"trial_index\":9,\"time_elapsed\":125133,\"internal_node_id\":\"0.0-1.0-0.7\",\"subject_id\":\"5eb5c9d926fcab118321ba37\",\"study_id\":\"67e2c7f5c9ee767149702482\",\"session_id\":\"67e2d66c9c4bc44192a654d4\",\"rng_seed\":\"0.8916150655360151\",\"response_label\":1,\"provided_context\":true},{\"rt\":2217,\"stimulus\":\"<div style=\\\"font-size:20px;\\\"><p>Follow the instructions below.</p></div>\",\"response\":0,\"stimulus_0\":\"unlocking a door using\",\"stimulus_1\":\"digging a hole using\",\"condition_0\":\"impossible\",\"condition_1\":\"impossible\",\"continuation_0\":\"a marshmallow\",\"continuation_1\":\"dirt\",\"id_0\":64,\"id_1\":24,\"context_0\":\"They do not have a key, so they are\",\"context_1\":\"They do not have a shovel, so they are\",\"task_type\":\"attention_check\",\"choices\":[\"Click This Button!\",\"Don't Click This Button!\"],\"trial_type\":\"html-button-response\",\"trial_index\":10,\"time_elapsed\":127354,\"internal_node_id\":\"0.0-1.0-1.7-0.7\",\"subject_id\":\"5eb5c9d926fcab118321ba37\",\"study_id\":\"67e2c7f5c9ee767149702482\",\"session_id\":\"67e2d66c9c4bc44192a654d4\",\"rng_seed\":\"0.8916150655360151\"},{\"rt\":13679,\"stimulus\":\"<div style=\\\"font-size:20px;\\\"><p>Which scenario is more improbable?</p>\\n  Reminder: <strong>Improbable</strong> means it is possible, but unlikely (e.g., \\\"I painted the house with my hair.\\\").</div>\",\"response\":0,\"stimulus_0\":\"sewing a shirt using\",\"stimulus_1\":\"carrying groceries inside\",\"condition_0\":\"improbable\",\"condition_1\":\"improbable\",\"continuation_0\":\"a toothpick\",\"continuation_1\":\"a backpack\",\"id_0\":52,\"id_1\":6,\"context_0\":\"They do not have a needle, so they are\",\"context_1\":\"They do not have a tote bag, so they are\",\"task_type\":\"critical\",\"concept\":\"improbable\",\"trial_type\":\"html-button-response\",\"trial_index\":11,\"time_elapsed\":141036,\"internal_node_id\":\"0.0-1.0-0.8\",\"subject_id\":\"5eb5c9d926fcab118321ba37\",\"study_id\":\"67e2c7f5c9ee767149702482\",\"session_id\":\"67e2d66c9c4bc44192a654d4\",\"rng_seed\":\"0.8916150655360151\",\"response_label\":0,\"provided_context\":true},{\"rt\":15994,\"stimulus\":\"<div style=\\\"font-size:20px;\\\"><p>Which scenario is more improbable?</p>\\n  Reminder: <strong>Improbable</strong> means it is possible, but unlikely (e.g., \\\"I painted the house with my hair.\\\").</div>\",\"response\":0,\"stimulus_0\":\"squishing a blueberry using\",\"stimulus_1\":\"drinking a cup full of\",\"condition_0\":\"improbable\",\"condition_1\":\"inconceivable\",\"continuation_0\":\"[POSS] nose\",\"continuation_1\":\"minutes\",\"id_0\":58,\"id_1\":28,\"context_0\":\"They do not have fingers, so they are\",\"context_1\":\"They do not have water, so they are\",\"task_type\":\"critical\",\"concept\":\"improbable\",\"trial_type\":\"html-button-response\",\"trial_index\":12,\"time_elapsed\":157034,\"internal_node_id\":\"0.0-1.0-0.9\",\"subject_id\":\"5eb5c9d926fcab118321ba37\",\"study_id\":\"67e2c7f5c9ee767149702482\",\"session_id\":\"67e2d66c9c4bc44192a654d4\",\"rng_seed\":\"0.8916150655360151\",\"response_label\":0,\"provided_context\":true},{\"rt\":5537,\"stimulus\":\"<div style=\\\"font-size:20px;\\\"><p>Which scenario is more improbable?</p>\\n  Reminder: <strong>Improbable</strong> means it is possible, but unlikely (e.g., \\\"I painted the house with my hair.\\\").</div>\",\"response\":0,\"stimulus_0\":\"packing a suit inside\",\"stimulus_1\":\"sewing a shirt using\",\"condition_0\":\"improbable\",\"condition_1\":\"improbable\",\"continuation_0\":\"a pocket\",\"continuation_1\":\"a toothpick\",\"id_0\":44,\"id_1\":52,\"context_0\":\"They do not have a suitcase, so they are\",\"context_1\":\"They do not have a needle, so they are\",\"task_type\":\"critical\",\"concept\":\"improbable\",\"trial_type\":\"html-button-response\",\"trial_index\":13,\"time_elapsed\":162574,\"internal_node_id\":\"0.0-1.0-0.10\",\"subject_id\":\"5eb5c9d926fcab118321ba37\",\"study_id\":\"67e2c7f5c9ee767149702482\",\"session_id\":\"67e2d66c9c4bc44192a654d4\",\"rng_seed\":\"0.8916150655360151\",\"response_label\":0,\"provided_context\":true},{\"rt\":5950,\"stimulus\":\"<div style=\\\"font-size:20px;\\\"><p>Which scenario is more improbable?</p>\\n  Reminder: <strong>Improbable</strong> means it is possible, but unlikely (e.g., \\\"I painted the house with my hair.\\\").</div>\",\"response\":1,\"stimulus_0\":\"unlocking a door using\",\"stimulus_1\":\"cleaning a spill using\",\"condition_0\":\"impossible\",\"condition_1\":\"inconceivable\",\"continuation_0\":\"a marshmallow\",\"continuation_1\":\"a country\",\"id_0\":64,\"id_1\":11,\"context_0\":\"They do not have a key, so they are\",\"context_1\":\"They do not have a sponge, so they are\",\"task_type\":\"critical\",\"concept\":\"improbable\",\"trial_type\":\"html-button-response\",\"trial_index\":14,\"time_elapsed\":168527,\"internal_node_id\":\"0.0-1.0-0.11\",\"subject_id\":\"5eb5c9d926fcab118321ba37\",\"study_id\":\"67e2c7f5c9ee767149702482\",\"session_id\":\"67e2d66c9c4bc44192a654d4\",\"rng_seed\":\"0.8916150655360151\",\"response_label\":1,\"provided_context\":true},{\"rt\":1719,\"stimulus\":\"<div style=\\\"font-size:20px;\\\"><p>Follow the instructions below.</p></div>\",\"response\":1,\"stimulus_0\":\"unlocking a door using\",\"stimulus_1\":\"cleaning a spill using\",\"condition_0\":\"impossible\",\"condition_1\":\"inconceivable\",\"continuation_0\":\"a marshmallow\",\"continuation_1\":\"a country\",\"id_0\":64,\"id_1\":11,\"context_0\":\"They do not have a key, so they are\",\"context_1\":\"They do not have a sponge, so they are\",\"task_type\":\"attention_check\",\"choices\":[\"Don't Click This Button!\",\"Click This Button!\"],\"trial_type\":\"html-button-response\",\"trial_index\":15,\"time_elapsed\":170250,\"internal_node_id\":\"0.0-1.0-1.11-0.11\",\"subject_id\":\"5eb5c9d926fcab118321ba37\",\"study_id\":\"67e2c7f5c9ee767149702482\",\"session_id\":\"67e2d66c9c4bc44192a654d4\",\"rng_seed\":\"0.8916150655360151\"},{\"rt\":23020,\"stimulus\":\"<div style=\\\"font-size:20px;\\\"><p>Which scenario is more improbable?</p>\\n  Reminder: <strong>Improbable</strong> means it is possible, but unlikely (e.g., \\\"I painted the house with my hair.\\\").</div>\",\"response\":0,\"stimulus_0\":\"baking a cake inside\",\"stimulus_1\":\"crafting a bowl out of\",\"condition_0\":\"inconceivable\",\"condition_1\":\"impossible\",\"continuation_0\":\"a sigh\",\"continuation_1\":\"smoke\",\"id_0\":0,\"id_1\":19,\"context_0\":\"They do not have an oven, so they are\",\"context_1\":\"They do not have clay, so they are\",\"task_type\":\"critical\",\"concept\":\"improbable\",\"trial_type\":\"html-button-response\",\"trial_index\":16,\"time_elapsed\":193273,\"internal_node_id\":\"0.0-1.0-0.12\",\"subject_id\":\"5eb5c9d926fcab118321ba37\",\"study_id\":\"67e2c7f5c9ee767149702482\",\"session_id\":\"67e2d66c9c4bc44192a654d4\",\"rng_seed\":\"0.8916150655360151\",\"response_label\":0,\"provided_context\":true},{\"rt\":5663,\"stimulus\":\"<div style=\\\"font-size:20px;\\\"><p>Which scenario is more improbable?</p>\\n  Reminder: <strong>Improbable</strong> means it is possible, but unlikely (e.g., \\\"I painted the house with my hair.\\\").</div>\",\"response\":0,\"stimulus_0\":\"lighting a candle using\",\"stimulus_1\":\"writing an equation on\",\"condition_0\":\"impossible\",\"condition_1\":\"inconceivable\",\"continuation_0\":\"yogurt\",\"continuation_1\":\"a scream\",\"id_0\":39,\"id_1\":69,\"context_0\":\"They do not have a match, so they are\",\"context_1\":\"They do not have a chalkboard, so they are\",\"task_type\":\"critical\",\"concept\":\"improbable\",\"trial_type\":\"html-button-response\",\"trial_index\":17,\"time_elapsed\":198939,\"internal_node_id\":\"0.0-1.0-0.13\",\"subject_id\":\"5eb5c9d926fcab118321ba37\",\"study_id\":\"67e2c7f5c9ee767149702482\",\"session_id\":\"67e2d66c9c4bc44192a654d4\",\"rng_seed\":\"0.8916150655360151\",\"response_label\":0,\"provided_context\":true},{\"rt\":12922,\"stimulus\":\"<div style=\\\"font-size:20px;\\\"><p>Which scenario is more improbable?</p>\\n  Reminder: <strong>Improbable</strong> means it is possible, but unlikely (e.g., \\\"I painted the house with my hair.\\\").</div>\",\"response\":0,\"stimulus_0\":\"painting a wall using\",\"stimulus_1\":\"cooling a room using\",\"condition_0\":\"inconceivable\",\"condition_1\":\"inconceivable\",\"continuation_0\":\"a whisper\",\"continuation_1\":\"a taste\",\"id_0\":45,\"id_1\":17,\"context_0\":\"They do not have a brush, so they are\",\"context_1\":\"They do not have a fan, so they are\",\"task_type\":\"critical\",\"concept\":\"improbable\",\"trial_type\":\"html-button-response\",\"trial_index\":18,\"time_elapsed\":211865,\"internal_node_id\":\"0.0-1.0-0.14\",\"subject_id\":\"5eb5c9d926fcab118321ba37\",\"study_id\":\"67e2c7f5c9ee767149702482\",\"session_id\":\"67e2d66c9c4bc44192a654d4\",\"rng_seed\":\"0.8916150655360151\",\"response_label\":0,\"provided_context\":true},{\"rt\":4975,\"stimulus\":\"<div style=\\\"font-size:20px;\\\"><p>Which scenario is more improbable?</p>\\n  Reminder: <strong>Improbable</strong> means it is possible, but unlikely (e.g., \\\"I painted the house with my hair.\\\").</div>\",\"response\":0,\"stimulus_0\":\"cooling a room using\",\"stimulus_1\":\"writing an equation on\",\"condition_0\":\"inconceivable\",\"condition_1\":\"inconceivable\",\"continuation_0\":\"a taste\",\"continuation_1\":\"a scream\",\"id_0\":17,\"id_1\":69,\"context_0\":\"They do not have a fan, so they are\",\"context_1\":\"They do not have a chalkboard, so they are\",\"task_type\":\"critical\",\"concept\":\"improbable\",\"trial_type\":\"html-button-response\",\"trial_index\":19,\"time_elapsed\":216842,\"internal_node_id\":\"0.0-1.0-0.15\",\"subject_id\":\"5eb5c9d926fcab118321ba37\",\"study_id\":\"67e2c7f5c9ee767149702482\",\"session_id\":\"67e2d66c9c4bc44192a654d4\",\"rng_seed\":\"0.8916150655360151\",\"response_label\":0,\"provided_context\":true},{\"rt\":1659,\"stimulus\":\"<div style=\\\"font-size:20px;\\\"><p>Follow the instructions below.</p></div>\",\"response\":0,\"stimulus_0\":\"cooling a room using\",\"stimulus_1\":\"writing an equation on\",\"condition_0\":\"inconceivable\",\"condition_1\":\"inconceivable\",\"continuation_0\":\"a taste\",\"continuation_1\":\"a scream\",\"id_0\":17,\"id_1\":69,\"context_0\":\"They do not have a fan, so they are\",\"context_1\":\"They do not have a chalkboard, so they are\",\"task_type\":\"attention_check\",\"choices\":[\"Click This Button!\",\"Don't Click This Button!\"],\"trial_type\":\"html-button-response\",\"trial_index\":20,\"time_elapsed\":218503,\"internal_node_id\":\"0.0-1.0-1.15-0.15\",\"subject_id\":\"5eb5c9d926fcab118321ba37\",\"study_id\":\"67e2c7f5c9ee767149702482\",\"session_id\":\"67e2d66c9c4bc44192a654d4\",\"rng_seed\":\"0.8916150655360151\"},{\"rt\":8751,\"stimulus\":\"<div style=\\\"font-size:20px;\\\"><p>Which scenario is more improbable?</p>\\n  Reminder: <strong>Improbable</strong> means it is possible, but unlikely (e.g., \\\"I painted the house with my hair.\\\").</div>\",\"response\":1,\"stimulus_0\":\"shattering a window using\",\"stimulus_1\":\"digging a hole using\",\"condition_0\":\"impossible\",\"condition_1\":\"impossible\",\"continuation_0\":\"confetti\",\"continuation_1\":\"dirt\",\"id_0\":53,\"id_1\":24,\"context_0\":\"They do not have a stone, so they are\",\"context_1\":\"They do not have a shovel, so they are\",\"task_type\":\"critical\",\"concept\":\"improbable\",\"trial_type\":\"html-button-response\",\"trial_index\":21,\"time_elapsed\":227257,\"internal_node_id\":\"0.0-1.0-0.16\",\"subject_id\":\"5eb5c9d926fcab118321ba37\",\"study_id\":\"67e2c7f5c9ee767149702482\",\"session_id\":\"67e2d66c9c4bc44192a654d4\",\"rng_seed\":\"0.8916150655360151\",\"response_label\":1,\"provided_context\":true},{\"rt\":5797,\"stimulus\":\"<div style=\\\"font-size:20px;\\\"><p>Which scenario is more improbable?</p>\\n  Reminder: <strong>Improbable</strong> means it is possible, but unlikely (e.g., \\\"I painted the house with my hair.\\\").</div>\",\"response\":1,\"stimulus_0\":\"sewing a shirt using\",\"stimulus_1\":\"unlocking a door using\",\"condition_0\":\"improbable\",\"condition_1\":\"impossible\",\"continuation_0\":\"a toothpick\",\"continuation_1\":\"a marshmallow\",\"id_0\":52,\"id_1\":64,\"context_0\":\"They do not have a needle, so they are\",\"context_1\":\"They do not have a key, so they are\",\"task_type\":\"critical\",\"concept\":\"improbable\",\"trial_type\":\"html-button-response\",\"trial_index\":22,\"time_elapsed\":233057,\"internal_node_id\":\"0.0-1.0-0.17\",\"subject_id\":\"5eb5c9d926fcab118321ba37\",\"study_id\":\"67e2c7f5c9ee767149702482\",\"session_id\":\"67e2d66c9c4bc44192a654d4\",\"rng_seed\":\"0.8916150655360151\",\"response_label\":1,\"provided_context\":true},{\"rt\":8064,\"stimulus\":\"<div style=\\\"font-size:20px;\\\"><p>Which scenario is more improbable?</p>\\n  Reminder: <strong>Improbable</strong> means it is possible, but unlikely (e.g., \\\"I painted the house with my hair.\\\").</div>\",\"response\":0,\"stimulus_0\":\"polishing jewelry using\",\"stimulus_1\":\"hanging a painting using\",\"condition_0\":\"impossible\",\"condition_1\":\"inconceivable\",\"continuation_0\":\"a chainsaw\",\"continuation_1\":\"a handshake\",\"id_0\":48,\"id_1\":36,\"context_0\":\"They do not have a cloth, so they are\",\"context_1\":\"They do not have screws, so they are\",\"task_type\":\"critical\",\"concept\":\"improbable\",\"trial_type\":\"html-button-response\",\"trial_index\":23,\"time_elapsed\":241124,\"internal_node_id\":\"0.0-1.0-0.18\",\"subject_id\":\"5eb5c9d926fcab118321ba37\",\"study_id\":\"67e2c7f5c9ee767149702482\",\"session_id\":\"67e2d66c9c4bc44192a654d4\",\"rng_seed\":\"0.8916150655360151\",\"response_label\":0,\"provided_context\":true},{\"rt\":1758,\"stimulus\":\"<div style=\\\"font-size:20px;\\\"><p>Which scenario is more improbable?</p>\\n  Reminder: <strong>Improbable</strong> means it is possible, but unlikely (e.g., \\\"I painted the house with my hair.\\\").</div>\",\"response\":0,\"stimulus_0\":\"plucking a hair using\",\"stimulus_1\":\"baking a cake inside\",\"condition_0\":\"inconceivable\",\"condition_1\":\"inconceivable\",\"continuation_0\":\"sympathy\",\"continuation_1\":\"a sigh\",\"id_0\":47,\"id_1\":0,\"context_0\":\"They do not have tweezers, so they are\",\"context_1\":\"They do not have an oven, so they are\",\"task_type\":\"critical\",\"concept\":\"improbable\",\"trial_type\":\"html-button-response\",\"trial_index\":24,\"time_elapsed\":242885,\"internal_node_id\":\"0.0-1.0-0.19\",\"subject_id\":\"5eb5c9d926fcab118321ba37\",\"study_id\":\"67e2c7f5c9ee767149702482\",\"session_id\":\"67e2d66c9c4bc44192a654d4\",\"rng_seed\":\"0.8916150655360151\",\"response_label\":0,\"provided_context\":true},{\"rt\":1671,\"stimulus\":\"<div style=\\\"font-size:20px;\\\"><p>Follow the instructions below.</p></div>\",\"response\":1,\"stimulus_0\":\"plucking a hair using\",\"stimulus_1\":\"baking a cake inside\",\"condition_0\":\"inconceivable\",\"condition_1\":\"inconceivable\",\"continuation_0\":\"sympathy\",\"continuation_1\":\"a sigh\",\"id_0\":47,\"id_1\":0,\"context_0\":\"They do not have tweezers, so they are\",\"context_1\":\"They do not have an oven, so they are\",\"task_type\":\"attention_check\",\"choices\":[\"Don't Click This Button!\",\"Click This Button!\"],\"trial_type\":\"html-button-response\",\"trial_index\":25,\"time_elapsed\":244559,\"internal_node_id\":\"0.0-1.0-1.19-0.19\",\"subject_id\":\"5eb5c9d926fcab118321ba37\",\"study_id\":\"67e2c7f5c9ee767149702482\",\"session_id\":\"67e2d66c9c4bc44192a654d4\",\"rng_seed\":\"0.8916150655360151\"},{\"rt\":7263,\"response\":{\"language\":\"Bulgarian\",\"gender\":\"27\",\"feedback\":\"\"},\"trial_type\":\"survey-text\",\"trial_index\":26,\"time_elapsed\":251850,\"internal_node_id\":\"0.0-2.0\",\"subject_id\":\"5eb5c9d926fcab118321ba37\",\"study_id\":\"67e2c7f5c9ee767149702482\",\"session_id\":\"67e2d66c9c4bc44192a654d4\",\"rng_seed\":\"0.8916150655360151\",\"task_type\":\"survey\"},{\"success\":true,\"completion_time\":\"2025-03-25T16:19:02.366Z\",\"exp_type\":\"gesture-beat-expt-pilot\"}]",
    "dir_path": "data/experiment_2_pilot"
}