{
    "prolific_data": {
        "subject_id": "6667a6558073abc1cd0e6daf",
        "study_id": "67e2c7f5c9ee767149702482",
        "session_id": "67e2cb19ce9d3bc1cdf4087d",
        "rng_seed": "0.9257675929100375"
    },
    "data": "[{\"rt\":20616,\"stimulus\":\"\\n  <div class=\\\"jspsych-content\\\" align=left style=\\\"width:100%;text-align: left;\\\">\\n  <h2>Hello, and welcome to our study!</h2>\\n      In this study, we will ask you to 25 questions.\\n      <p>\\n      In 20 of the questions, we will need your help deciding which statement is more <strong>impossible</strong>.\\n      </p>\\n      <strong>Impossible</strong> means it cannot happen in our world given the laws of nature, but may happen in a fictional world (e.g., \\\"I painted the house with my mind.\\\"). \\n      <p>\\n      The remaining questions will check to make sure that you are paying attention to the study.\\n      <p>\\n    <h3>IMPORTANT:</h3>\\n    <ul>\\n      <li>Respond as quickly as you can.</li>\\n      <li>Answer the questions based on what is possible given the physical laws of the real world.</li>\\n      <li>There are no right or wrong answers. We are simply interested in your intuitions.</li>\\n      </ul>\\n    Once you are done reading this page, please press SPACEBAR to continue.\\n    </p>\\n  </div>\\n  \",\"response\":\" \",\"trial_type\":\"html-keyboard-response\",\"trial_index\":0,\"time_elapsed\":20623,\"internal_node_id\":\"0.0-0.0\",\"subject_id\":\"6667a6558073abc1cd0e6daf\",\"study_id\":\"67e2c7f5c9ee767149702482\",\"session_id\":\"67e2cb19ce9d3bc1cdf4087d\",\"rng_seed\":\"0.9257675929100375\"},{\"rt\":9687,\"stimulus\":\"<div style=\\\"font-size:20px;\\\"><p>Which scenario is more impossible?</p>\\n  Reminder: <strong>Impossible</strong> means it cannot happen in our world given the laws of nature, but may happen in a fictional world (e.g., \\\"I painted the house with my mind.\\\"). </div>\",\"response\":1,\"stimulus_0\":\"baking a cake inside\",\"stimulus_1\":\"hanging a painting using\",\"condition_0\":\"inconceivable\",\"condition_1\":\"inconceivable\",\"continuation_0\":\"a sigh\",\"continuation_1\":\"a handshake\",\"id_0\":0,\"id_1\":36,\"context_0\":\"They do not have an oven, so they are\",\"context_1\":\"They do not have screws, so they are\",\"task_type\":\"critical\",\"concept\":\"impossible\",\"trial_type\":\"html-button-response\",\"trial_index\":1,\"time_elapsed\":30313,\"internal_node_id\":\"0.0-1.0-0.0\",\"subject_id\":\"6667a6558073abc1cd0e6daf\",\"study_id\":\"67e2c7f5c9ee767149702482\",\"session_id\":\"67e2cb19ce9d3bc1cdf4087d\",\"rng_seed\":\"0.9257675929100375\",\"response_label\":1,\"provided_context\":true},{\"rt\":10751,\"stimulus\":\"<div style=\\\"font-size:20px;\\\"><p>Which scenario is more impossible?</p>\\n  Reminder: <strong>Impossible</strong> means it cannot happen in our world given the laws of nature, but may happen in a fictional world (e.g., \\\"I painted the house with my mind.\\\"). </div>\",\"response\":0,\"stimulus_0\":\"cooling a room using\",\"stimulus_1\":\"unlocking a door using\",\"condition_0\":\"inconceivable\",\"condition_1\":\"impossible\",\"continuation_0\":\"a taste\",\"continuation_1\":\"a marshmallow\",\"id_0\":17,\"id_1\":64,\"context_0\":\"They do not have a fan, so they are\",\"context_1\":\"They do not have a key, so they are\",\"task_type\":\"critical\",\"concept\":\"impossible\",\"trial_type\":\"html-button-response\",\"trial_index\":2,\"time_elapsed\":41065,\"internal_node_id\":\"0.0-1.0-0.1\",\"subject_id\":\"6667a6558073abc1cd0e6daf\",\"study_id\":\"67e2c7f5c9ee767149702482\",\"session_id\":\"67e2cb19ce9d3bc1cdf4087d\",\"rng_seed\":\"0.9257675929100375\",\"response_label\":0,\"provided_context\":true},{\"rt\":8325,\"stimulus\":\"<div style=\\\"font-size:20px;\\\"><p>Which scenario is more impossible?</p>\\n  Reminder: <strong>Impossible</strong> means it cannot happen in our world given the laws of nature, but may happen in a fictional world (e.g., \\\"I painted the house with my mind.\\\"). </div>\",\"response\":0,\"stimulus_0\":\"cutting cardboard using\",\"stimulus_1\":\"filling a bucket with\",\"condition_0\":\"inconceivable\",\"condition_1\":\"impossible\",\"continuation_0\":\"a snore\",\"continuation_1\":\"buildings\",\"id_0\":22,\"id_1\":33,\"context_0\":\"They do not have scissors, so they are\",\"context_1\":\"They are not near sand, so they are\",\"task_type\":\"critical\",\"concept\":\"impossible\",\"trial_type\":\"html-button-response\",\"trial_index\":3,\"time_elapsed\":49391,\"internal_node_id\":\"0.0-1.0-0.2\",\"subject_id\":\"6667a6558073abc1cd0e6daf\",\"study_id\":\"67e2c7f5c9ee767149702482\",\"session_id\":\"67e2cb19ce9d3bc1cdf4087d\",\"rng_seed\":\"0.9257675929100375\",\"response_label\":0,\"provided_context\":true},{\"rt\":4838,\"stimulus\":\"<div style=\\\"font-size:20px;\\\"><p>Which scenario is more impossible?</p>\\n  Reminder: <strong>Impossible</strong> means it cannot happen in our world given the laws of nature, but may happen in a fictional world (e.g., \\\"I painted the house with my mind.\\\"). </div>\",\"response\":1,\"stimulus_0\":\"sewing a shirt using\",\"stimulus_1\":\"packing a suit inside\",\"condition_0\":\"improbable\",\"condition_1\":\"improbable\",\"continuation_0\":\"a toothpick\",\"continuation_1\":\"a pocket\",\"id_0\":52,\"id_1\":44,\"context_0\":\"They do not have a needle, so they are\",\"context_1\":\"They do not have a suitcase, so they are\",\"task_type\":\"critical\",\"concept\":\"impossible\",\"trial_type\":\"html-button-response\",\"trial_index\":4,\"time_elapsed\":54230,\"internal_node_id\":\"0.0-1.0-0.3\",\"subject_id\":\"6667a6558073abc1cd0e6daf\",\"study_id\":\"67e2c7f5c9ee767149702482\",\"session_id\":\"67e2cb19ce9d3bc1cdf4087d\",\"rng_seed\":\"0.9257675929100375\",\"response_label\":1,\"provided_context\":true},{\"rt\":3045,\"stimulus\":\"<div style=\\\"font-size:20px;\\\"><p>Follow the instructions below.</p></div>\",\"response\":1,\"stimulus_0\":\"sewing a shirt using\",\"stimulus_1\":\"packing a suit inside\",\"condition_0\":\"improbable\",\"condition_1\":\"improbable\",\"continuation_0\":\"a toothpick\",\"continuation_1\":\"a pocket\",\"id_0\":52,\"id_1\":44,\"context_0\":\"They do not have a needle, so they are\",\"context_1\":\"They do not have a suitcase, so they are\",\"task_type\":\"attention_check\",\"choices\":[\"Don't Click This Button!\",\"Click This Button!\"],\"trial_type\":\"html-button-response\",\"trial_index\":5,\"time_elapsed\":57277,\"internal_node_id\":\"0.0-1.0-1.3-0.3\",\"subject_id\":\"6667a6558073abc1cd0e6daf\",\"study_id\":\"67e2c7f5c9ee767149702482\",\"session_id\":\"67e2cb19ce9d3bc1cdf4087d\",\"rng_seed\":\"0.9257675929100375\"},{\"rt\":6838,\"stimulus\":\"<div style=\\\"font-size:20px;\\\"><p>Which scenario is more impossible?</p>\\n  Reminder: <strong>Impossible</strong> means it cannot happen in our world given the laws of nature, but may happen in a fictional world (e.g., \\\"I painted the house with my mind.\\\"). </div>\",\"response\":1,\"stimulus_0\":\"denting a car with\",\"stimulus_1\":\"catching a fish in\",\"condition_0\":\"improbable\",\"condition_1\":\"improbable\",\"continuation_0\":\"a dumbbell\",\"continuation_1\":\"a puddle\",\"id_0\":23,\"id_1\":8,\"context_0\":\"They do not have a baseball bat, so they are\",\"context_1\":\"They are not near a lake, so they are\",\"task_type\":\"critical\",\"concept\":\"impossible\",\"trial_type\":\"html-button-response\",\"trial_index\":6,\"time_elapsed\":64116,\"internal_node_id\":\"0.0-1.0-0.4\",\"subject_id\":\"6667a6558073abc1cd0e6daf\",\"study_id\":\"67e2c7f5c9ee767149702482\",\"session_id\":\"67e2cb19ce9d3bc1cdf4087d\",\"rng_seed\":\"0.9257675929100375\",\"response_label\":1,\"provided_context\":true},{\"rt\":6817,\"stimulus\":\"<div style=\\\"font-size:20px;\\\"><p>Which scenario is more impossible?</p>\\n  Reminder: <strong>Impossible</strong> means it cannot happen in our world given the laws of nature, but may happen in a fictional world (e.g., \\\"I painted the house with my mind.\\\"). </div>\",\"response\":0,\"stimulus_0\":\"cutting cardboard using\",\"stimulus_1\":\"carving a statue using\",\"condition_0\":\"inconceivable\",\"condition_1\":\"impossible\",\"continuation_0\":\"a snore\",\"continuation_1\":\"a sock\",\"id_0\":22,\"id_1\":7,\"context_0\":\"They do not have scissors, so they are\",\"context_1\":\"They do not have a chisel, so they are\",\"task_type\":\"critical\",\"concept\":\"impossible\",\"trial_type\":\"html-button-response\",\"trial_index\":7,\"time_elapsed\":70935,\"internal_node_id\":\"0.0-1.0-0.5\",\"subject_id\":\"6667a6558073abc1cd0e6daf\",\"study_id\":\"67e2c7f5c9ee767149702482\",\"session_id\":\"67e2cb19ce9d3bc1cdf4087d\",\"rng_seed\":\"0.9257675929100375\",\"response_label\":0,\"provided_context\":true},{\"rt\":4974,\"stimulus\":\"<div style=\\\"font-size:20px;\\\"><p>Which scenario is more impossible?</p>\\n  Reminder: <strong>Impossible</strong> means it cannot happen in our world given the laws of nature, but may happen in a fictional world (e.g., \\\"I painted the house with my mind.\\\"). </div>\",\"response\":0,\"stimulus_0\":\"cooking dinner out of\",\"stimulus_1\":\"building a bridge out of\",\"condition_0\":\"impossible\",\"condition_1\":\"improbable\",\"continuation_0\":\"the moon\",\"continuation_1\":\"plastic\",\"id_0\":16,\"id_1\":4,\"context_0\":\"They do not have pasta, so they are\",\"context_1\":\"They do not have any steel, so they are\",\"task_type\":\"critical\",\"concept\":\"impossible\",\"trial_type\":\"html-button-response\",\"trial_index\":8,\"time_elapsed\":75911,\"internal_node_id\":\"0.0-1.0-0.6\",\"subject_id\":\"6667a6558073abc1cd0e6daf\",\"study_id\":\"67e2c7f5c9ee767149702482\",\"session_id\":\"67e2cb19ce9d3bc1cdf4087d\",\"rng_seed\":\"0.9257675929100375\",\"response_label\":0,\"provided_context\":true},{\"rt\":17058,\"stimulus\":\"<div style=\\\"font-size:20px;\\\"><p>Which scenario is more impossible?</p>\\n  Reminder: <strong>Impossible</strong> means it cannot happen in our world given the laws of nature, but may happen in a fictional world (e.g., \\\"I painted the house with my mind.\\\"). </div>\",\"response\":0,\"stimulus_0\":\"drying laundry using\",\"stimulus_1\":\"carrying groceries inside\",\"condition_0\":\"improbable\",\"condition_1\":\"improbable\",\"continuation_0\":\"a fan\",\"continuation_1\":\"a backpack\",\"id_0\":30,\"id_1\":6,\"context_0\":\"They do not have a clothesline, so they are\",\"context_1\":\"They do not have a tote bag, so they are\",\"task_type\":\"critical\",\"concept\":\"impossible\",\"trial_type\":\"html-button-response\",\"trial_index\":9,\"time_elapsed\":92970,\"internal_node_id\":\"0.0-1.0-0.7\",\"subject_id\":\"6667a6558073abc1cd0e6daf\",\"study_id\":\"67e2c7f5c9ee767149702482\",\"session_id\":\"67e2cb19ce9d3bc1cdf4087d\",\"rng_seed\":\"0.9257675929100375\",\"response_label\":0,\"provided_context\":true},{\"rt\":1614,\"stimulus\":\"<div style=\\\"font-size:20px;\\\"><p>Follow the instructions below.</p></div>\",\"response\":1,\"stimulus_0\":\"drying laundry using\",\"stimulus_1\":\"carrying groceries inside\",\"condition_0\":\"improbable\",\"condition_1\":\"improbable\",\"continuation_0\":\"a fan\",\"continuation_1\":\"a backpack\",\"id_0\":30,\"id_1\":6,\"context_0\":\"They do not have a clothesline, so they are\",\"context_1\":\"They do not have a tote bag, so they are\",\"task_type\":\"attention_check\",\"choices\":[\"Don't Click This Button!\",\"Click This Button!\"],\"trial_type\":\"html-button-response\",\"trial_index\":10,\"time_elapsed\":94586,\"internal_node_id\":\"0.0-1.0-1.7-0.7\",\"subject_id\":\"6667a6558073abc1cd0e6daf\",\"study_id\":\"67e2c7f5c9ee767149702482\",\"session_id\":\"67e2cb19ce9d3bc1cdf4087d\",\"rng_seed\":\"0.9257675929100375\"},{\"rt\":10148,\"stimulus\":\"<div style=\\\"font-size:20px;\\\"><p>Which scenario is more impossible?</p>\\n  Reminder: <strong>Impossible</strong> means it cannot happen in our world given the laws of nature, but may happen in a fictional world (e.g., \\\"I painted the house with my mind.\\\"). </div>\",\"response\":0,\"stimulus_0\":\"shaving [POSS] beard using\",\"stimulus_1\":\"polishing jewelry using\",\"condition_0\":\"inconceivable\",\"condition_1\":\"impossible\",\"continuation_0\":\"a belief\",\"continuation_1\":\"a chainsaw\",\"id_0\":54,\"id_1\":48,\"context_0\":\"They do not have a razor, so they are\",\"context_1\":\"They do not have a cloth, so they are\",\"task_type\":\"critical\",\"concept\":\"impossible\",\"trial_type\":\"html-button-response\",\"trial_index\":11,\"time_elapsed\":104735,\"internal_node_id\":\"0.0-1.0-0.8\",\"subject_id\":\"6667a6558073abc1cd0e6daf\",\"study_id\":\"67e2c7f5c9ee767149702482\",\"session_id\":\"67e2cb19ce9d3bc1cdf4087d\",\"rng_seed\":\"0.9257675929100375\",\"response_label\":0,\"provided_context\":true},{\"rt\":8312,\"stimulus\":\"<div style=\\\"font-size:20px;\\\"><p>Which scenario is more impossible?</p>\\n  Reminder: <strong>Impossible</strong> means it cannot happen in our world given the laws of nature, but may happen in a fictional world (e.g., \\\"I painted the house with my mind.\\\"). </div>\",\"response\":0,\"stimulus_0\":\"plucking a hair using\",\"stimulus_1\":\"painting a wall using\",\"condition_0\":\"inconceivable\",\"condition_1\":\"inconceivable\",\"continuation_0\":\"sympathy\",\"continuation_1\":\"a whisper\",\"id_0\":47,\"id_1\":45,\"context_0\":\"They do not have tweezers, so they are\",\"context_1\":\"They do not have a brush, so they are\",\"task_type\":\"critical\",\"concept\":\"impossible\",\"trial_type\":\"html-button-response\",\"trial_index\":12,\"time_elapsed\":113048,\"internal_node_id\":\"0.0-1.0-0.9\",\"subject_id\":\"6667a6558073abc1cd0e6daf\",\"study_id\":\"67e2c7f5c9ee767149702482\",\"session_id\":\"67e2cb19ce9d3bc1cdf4087d\",\"rng_seed\":\"0.9257675929100375\",\"response_label\":0,\"provided_context\":true},{\"rt\":4013,\"stimulus\":\"<div style=\\\"font-size:20px;\\\"><p>Which scenario is more impossible?</p>\\n  Reminder: <strong>Impossible</strong> means it cannot happen in our world given the laws of nature, but may happen in a fictional world (e.g., \\\"I painted the house with my mind.\\\"). </div>\",\"response\":0,\"stimulus_0\":\"lighting a candle using\",\"stimulus_1\":\"unlocking a door using\",\"condition_0\":\"impossible\",\"condition_1\":\"impossible\",\"continuation_0\":\"yogurt\",\"continuation_1\":\"a marshmallow\",\"id_0\":39,\"id_1\":64,\"context_0\":\"They do not have a match, so they are\",\"context_1\":\"They do not have a key, so they are\",\"task_type\":\"critical\",\"concept\":\"impossible\",\"trial_type\":\"html-button-response\",\"trial_index\":13,\"time_elapsed\":117062,\"internal_node_id\":\"0.0-1.0-0.10\",\"subject_id\":\"6667a6558073abc1cd0e6daf\",\"study_id\":\"67e2c7f5c9ee767149702482\",\"session_id\":\"67e2cb19ce9d3bc1cdf4087d\",\"rng_seed\":\"0.9257675929100375\",\"response_label\":0,\"provided_context\":true},{\"rt\":5472,\"stimulus\":\"<div style=\\\"font-size:20px;\\\"><p>Which scenario is more impossible?</p>\\n  Reminder: <strong>Impossible</strong> means it cannot happen in our world given the laws of nature, but may happen in a fictional world (e.g., \\\"I painted the house with my mind.\\\"). </div>\",\"response\":0,\"stimulus_0\":\"cooking dinner out of\",\"stimulus_1\":\"cooling a room using\",\"condition_0\":\"impossible\",\"condition_1\":\"inconceivable\",\"continuation_0\":\"the moon\",\"continuation_1\":\"a taste\",\"id_0\":16,\"id_1\":17,\"context_0\":\"They do not have pasta, so they are\",\"context_1\":\"They do not have a fan, so they are\",\"task_type\":\"critical\",\"concept\":\"impossible\",\"trial_type\":\"html-button-response\",\"trial_index\":14,\"time_elapsed\":122535,\"internal_node_id\":\"0.0-1.0-0.11\",\"subject_id\":\"6667a6558073abc1cd0e6daf\",\"study_id\":\"67e2c7f5c9ee767149702482\",\"session_id\":\"67e2cb19ce9d3bc1cdf4087d\",\"rng_seed\":\"0.9257675929100375\",\"response_label\":0,\"provided_context\":true},{\"rt\":1008,\"stimulus\":\"<div style=\\\"font-size:20px;\\\"><p>Follow the instructions below.</p></div>\",\"response\":1,\"stimulus_0\":\"cooking dinner out of\",\"stimulus_1\":\"cooling a room using\",\"condition_0\":\"impossible\",\"condition_1\":\"inconceivable\",\"continuation_0\":\"the moon\",\"continuation_1\":\"a taste\",\"id_0\":16,\"id_1\":17,\"context_0\":\"They do not have pasta, so they are\",\"context_1\":\"They do not have a fan, so they are\",\"task_type\":\"attention_check\",\"choices\":[\"Don't Click This Button!\",\"Click This Button!\"],\"trial_type\":\"html-button-response\",\"trial_index\":15,\"time_elapsed\":123545,\"internal_node_id\":\"0.0-1.0-1.11-0.11\",\"subject_id\":\"6667a6558073abc1cd0e6daf\",\"study_id\":\"67e2c7f5c9ee767149702482\",\"session_id\":\"67e2cb19ce9d3bc1cdf4087d\",\"rng_seed\":\"0.9257675929100375\"},{\"rt\":6307,\"stimulus\":\"<div style=\\\"font-size:20px;\\\"><p>Which scenario is more impossible?</p>\\n  Reminder: <strong>Impossible</strong> means it cannot happen in our world given the laws of nature, but may happen in a fictional world (e.g., \\\"I painted the house with my mind.\\\"). </div>\",\"response\":0,\"stimulus_0\":\"cooking dinner out of\",\"stimulus_1\":\"filling a bucket with\",\"condition_0\":\"impossible\",\"condition_1\":\"impossible\",\"continuation_0\":\"the moon\",\"continuation_1\":\"buildings\",\"id_0\":16,\"id_1\":33,\"context_0\":\"They do not have pasta, so they are\",\"context_1\":\"They are not near sand, so they are\",\"task_type\":\"critical\",\"concept\":\"impossible\",\"trial_type\":\"html-button-response\",\"trial_index\":16,\"time_elapsed\":129852,\"internal_node_id\":\"0.0-1.0-0.12\",\"subject_id\":\"6667a6558073abc1cd0e6daf\",\"study_id\":\"67e2c7f5c9ee767149702482\",\"session_id\":\"67e2cb19ce9d3bc1cdf4087d\",\"rng_seed\":\"0.9257675929100375\",\"response_label\":0,\"provided_context\":true},{\"rt\":7251,\"stimulus\":\"<div style=\\\"font-size:20px;\\\"><p>Which scenario is more impossible?</p>\\n  Reminder: <strong>Impossible</strong> means it cannot happen in our world given the laws of nature, but may happen in a fictional world (e.g., \\\"I painted the house with my mind.\\\"). </div>\",\"response\":1,\"stimulus_0\":\"writing an equation on\",\"stimulus_1\":\"cutting cardboard using\",\"condition_0\":\"inconceivable\",\"condition_1\":\"inconceivable\",\"continuation_0\":\"a scream\",\"continuation_1\":\"a snore\",\"id_0\":69,\"id_1\":22,\"context_0\":\"They do not have a chalkboard, so they are\",\"context_1\":\"They do not have scissors, so they are\",\"task_type\":\"critical\",\"concept\":\"impossible\",\"trial_type\":\"html-button-response\",\"trial_index\":17,\"time_elapsed\":137104,\"internal_node_id\":\"0.0-1.0-0.13\",\"subject_id\":\"6667a6558073abc1cd0e6daf\",\"study_id\":\"67e2c7f5c9ee767149702482\",\"session_id\":\"67e2cb19ce9d3bc1cdf4087d\",\"rng_seed\":\"0.9257675929100375\",\"response_label\":1,\"provided_context\":true},{\"rt\":4355,\"stimulus\":\"<div style=\\\"font-size:20px;\\\"><p>Which scenario is more impossible?</p>\\n  Reminder: <strong>Impossible</strong> means it cannot happen in our world given the laws of nature, but may happen in a fictional world (e.g., \\\"I painted the house with my mind.\\\"). </div>\",\"response\":1,\"stimulus_0\":\"lighting a candle using\",\"stimulus_1\":\"taking a vacation to\",\"condition_0\":\"impossible\",\"condition_1\":\"impossible\",\"continuation_0\":\"yogurt\",\"continuation_1\":\"the sun\",\"id_0\":39,\"id_1\":61,\"context_0\":\"They do not have a match, so they are\",\"context_1\":\"They are not near the beach, so they are\",\"task_type\":\"critical\",\"concept\":\"impossible\",\"trial_type\":\"html-button-response\",\"trial_index\":18,\"time_elapsed\":141460,\"internal_node_id\":\"0.0-1.0-0.14\",\"subject_id\":\"6667a6558073abc1cd0e6daf\",\"study_id\":\"67e2c7f5c9ee767149702482\",\"session_id\":\"67e2cb19ce9d3bc1cdf4087d\",\"rng_seed\":\"0.9257675929100375\",\"response_label\":1,\"provided_context\":true},{\"rt\":3693,\"stimulus\":\"<div style=\\\"font-size:20px;\\\"><p>Which scenario is more impossible?</p>\\n  Reminder: <strong>Impossible</strong> means it cannot happen in our world given the laws of nature, but may happen in a fictional world (e.g., \\\"I painted the house with my mind.\\\"). </div>\",\"response\":0,\"stimulus_0\":\"hanging a painting using\",\"stimulus_1\":\"denting a car with\",\"condition_0\":\"inconceivable\",\"condition_1\":\"improbable\",\"continuation_0\":\"a handshake\",\"continuation_1\":\"a dumbbell\",\"id_0\":36,\"id_1\":23,\"context_0\":\"They do not have screws, so they are\",\"context_1\":\"They do not have a baseball bat, so they are\",\"task_type\":\"critical\",\"concept\":\"impossible\",\"trial_type\":\"html-button-response\",\"trial_index\":19,\"time_elapsed\":145154,\"internal_node_id\":\"0.0-1.0-0.15\",\"subject_id\":\"6667a6558073abc1cd0e6daf\",\"study_id\":\"67e2c7f5c9ee767149702482\",\"session_id\":\"67e2cb19ce9d3bc1cdf4087d\",\"rng_seed\":\"0.9257675929100375\",\"response_label\":0,\"provided_context\":true},{\"rt\":1081,\"stimulus\":\"<div style=\\\"font-size:20px;\\\"><p>Follow the instructions below.</p></div>\",\"response\":1,\"stimulus_0\":\"hanging a painting using\",\"stimulus_1\":\"denting a car with\",\"condition_0\":\"inconceivable\",\"condition_1\":\"improbable\",\"continuation_0\":\"a handshake\",\"continuation_1\":\"a dumbbell\",\"id_0\":36,\"id_1\":23,\"context_0\":\"They do not have screws, so they are\",\"context_1\":\"They do not have a baseball bat, so they are\",\"task_type\":\"attention_check\",\"choices\":[\"Don't Click This Button!\",\"Click This Button!\"],\"trial_type\":\"html-button-response\",\"trial_index\":20,\"time_elapsed\":146236,\"internal_node_id\":\"0.0-1.0-1.15-0.15\",\"subject_id\":\"6667a6558073abc1cd0e6daf\",\"study_id\":\"67e2c7f5c9ee767149702482\",\"session_id\":\"67e2cb19ce9d3bc1cdf4087d\",\"rng_seed\":\"0.9257675929100375\"},{\"rt\":8348,\"stimulus\":\"<div style=\\\"font-size:20px;\\\"><p>Which scenario is more impossible?</p>\\n  Reminder: <strong>Impossible</strong> means it cannot happen in our world given the laws of nature, but may happen in a fictional world (e.g., \\\"I painted the house with my mind.\\\"). </div>\",\"response\":0,\"stimulus_0\":\"hanging a painting using\",\"stimulus_1\":\"shattering a window using\",\"condition_0\":\"inconceivable\",\"condition_1\":\"impossible\",\"continuation_0\":\"a handshake\",\"continuation_1\":\"confetti\",\"id_0\":36,\"id_1\":53,\"context_0\":\"They do not have screws, so they are\",\"context_1\":\"They do not have a stone, so they are\",\"task_type\":\"critical\",\"concept\":\"impossible\",\"trial_type\":\"html-button-response\",\"trial_index\":21,\"time_elapsed\":154585,\"internal_node_id\":\"0.0-1.0-0.16\",\"subject_id\":\"6667a6558073abc1cd0e6daf\",\"study_id\":\"67e2c7f5c9ee767149702482\",\"session_id\":\"67e2cb19ce9d3bc1cdf4087d\",\"rng_seed\":\"0.9257675929100375\",\"response_label\":0,\"provided_context\":true},{\"rt\":2411,\"stimulus\":\"<div style=\\\"font-size:20px;\\\"><p>Which scenario is more impossible?</p>\\n  Reminder: <strong>Impossible</strong> means it cannot happen in our world given the laws of nature, but may happen in a fictional world (e.g., \\\"I painted the house with my mind.\\\"). </div>\",\"response\":1,\"stimulus_0\":\"denting a car with\",\"stimulus_1\":\"catching a fish in\",\"condition_0\":\"improbable\",\"condition_1\":\"improbable\",\"continuation_0\":\"a dumbbell\",\"continuation_1\":\"a puddle\",\"id_0\":23,\"id_1\":8,\"context_0\":\"They do not have a baseball bat, so they are\",\"context_1\":\"They are not near a lake, so they are\",\"task_type\":\"critical\",\"concept\":\"impossible\",\"trial_type\":\"html-button-response\",\"trial_index\":22,\"time_elapsed\":156997,\"internal_node_id\":\"0.0-1.0-0.17\",\"subject_id\":\"6667a6558073abc1cd0e6daf\",\"study_id\":\"67e2c7f5c9ee767149702482\",\"session_id\":\"67e2cb19ce9d3bc1cdf4087d\",\"rng_seed\":\"0.9257675929100375\",\"response_label\":1,\"provided_context\":true},{\"rt\":2789,\"stimulus\":\"<div style=\\\"font-size:20px;\\\"><p>Which scenario is more impossible?</p>\\n  Reminder: <strong>Impossible</strong> means it cannot happen in our world given the laws of nature, but may happen in a fictional world (e.g., \\\"I painted the house with my mind.\\\"). </div>\",\"response\":0,\"stimulus_0\":\"cooking dinner out of\",\"stimulus_1\":\"denting a car with\",\"condition_0\":\"impossible\",\"condition_1\":\"improbable\",\"continuation_0\":\"the moon\",\"continuation_1\":\"a dumbbell\",\"id_0\":16,\"id_1\":23,\"context_0\":\"They do not have pasta, so they are\",\"context_1\":\"They do not have a baseball bat, so they are\",\"task_type\":\"critical\",\"concept\":\"impossible\",\"trial_type\":\"html-button-response\",\"trial_index\":23,\"time_elapsed\":159788,\"internal_node_id\":\"0.0-1.0-0.18\",\"subject_id\":\"6667a6558073abc1cd0e6daf\",\"study_id\":\"67e2c7f5c9ee767149702482\",\"session_id\":\"67e2cb19ce9d3bc1cdf4087d\",\"rng_seed\":\"0.9257675929100375\",\"response_label\":0,\"provided_context\":true},{\"rt\":6669,\"stimulus\":\"<div style=\\\"font-size:20px;\\\"><p>Which scenario is more impossible?</p>\\n  Reminder: <strong>Impossible</strong> means it cannot happen in our world given the laws of nature, but may happen in a fictional world (e.g., \\\"I painted the house with my mind.\\\"). </div>\",\"response\":1,\"stimulus_0\":\"catching a fish in\",\"stimulus_1\":\"digging a hole using\",\"condition_0\":\"improbable\",\"condition_1\":\"impossible\",\"continuation_0\":\"a puddle\",\"continuation_1\":\"dirt\",\"id_0\":8,\"id_1\":24,\"context_0\":\"They are not near a lake, so they are\",\"context_1\":\"They do not have a shovel, so they are\",\"task_type\":\"critical\",\"concept\":\"impossible\",\"trial_type\":\"html-button-response\",\"trial_index\":24,\"time_elapsed\":166457,\"internal_node_id\":\"0.0-1.0-0.19\",\"subject_id\":\"6667a6558073abc1cd0e6daf\",\"study_id\":\"67e2c7f5c9ee767149702482\",\"session_id\":\"67e2cb19ce9d3bc1cdf4087d\",\"rng_seed\":\"0.9257675929100375\",\"response_label\":1,\"provided_context\":true},{\"rt\":987,\"stimulus\":\"<div style=\\\"font-size:20px;\\\"><p>Follow the instructions below.</p></div>\",\"response\":1,\"stimulus_0\":\"catching a fish in\",\"stimulus_1\":\"digging a hole using\",\"condition_0\":\"improbable\",\"condition_1\":\"impossible\",\"continuation_0\":\"a puddle\",\"continuation_1\":\"dirt\",\"id_0\":8,\"id_1\":24,\"context_0\":\"They are not near a lake, so they are\",\"context_1\":\"They do not have a shovel, so they are\",\"task_type\":\"attention_check\",\"choices\":[\"Don't Click This Button!\",\"Click This Button!\"],\"trial_type\":\"html-button-response\",\"trial_index\":25,\"time_elapsed\":167445,\"internal_node_id\":\"0.0-1.0-1.19-0.19\",\"subject_id\":\"6667a6558073abc1cd0e6daf\",\"study_id\":\"67e2c7f5c9ee767149702482\",\"session_id\":\"67e2cb19ce9d3bc1cdf4087d\",\"rng_seed\":\"0.9257675929100375\"},{\"rt\":14351,\"response\":{\"language\":\"English\",\"gender\":\"Female\",\"feedback\":\"None\"},\"trial_type\":\"survey-text\",\"trial_index\":26,\"time_elapsed\":181807,\"internal_node_id\":\"0.0-2.0\",\"subject_id\":\"6667a6558073abc1cd0e6daf\",\"study_id\":\"67e2c7f5c9ee767149702482\",\"session_id\":\"67e2cb19ce9d3bc1cdf4087d\",\"rng_seed\":\"0.9257675929100375\",\"task_type\":\"survey\"},{\"success\":true,\"completion_time\":\"2025-03-25T15:32:16.731Z\",\"exp_type\":\"gesture-beat-expt-pilot\"}]",
    "dir_path": "data/experiment_2_pilot"
}