{
    "prolific_data": {
        "subject_id": "62b5efa2f57f0a9c91516acc",
        "study_id": "67e2c7f5c9ee767149702482",
        "session_id": "67e2c9bc36aee5d12f44b99a",
        "rng_seed": "0.4413996596217047"
    },
    "data": "[{\"rt\":14639,\"stimulus\":\"\\n  <div class=\\\"jspsych-content\\\" align=left style=\\\"width:100%;text-align: left;\\\">\\n  <h2>Hello, and welcome to our study!</h2>\\n      In this study, we will ask you to 25 questions.\\n      <p>\\n      In 20 of the questions, we will need your help deciding which statement is more <strong>nonsensical</strong>.\\n      </p>\\n      <strong>Nonsensical</strong> means it does not make sense due to some basic conceptual error (\\\"I painted the house with my number.\\\"). \\n      <p>\\n      The remaining questions will check to make sure that you are paying attention to the study.\\n      <p>\\n    <h3>IMPORTANT:</h3>\\n    <ul>\\n      <li>Respond as quickly as you can.</li>\\n      <li>Answer the questions based on what is possible given the physical laws of the real world.</li>\\n      <li>There are no right or wrong answers. We are simply interested in your intuitions.</li>\\n      </ul>\\n    Once you are done reading this page, please press SPACEBAR to continue.\\n    </p>\\n  </div>\\n  \",\"response\":\" \",\"trial_type\":\"html-keyboard-response\",\"trial_index\":0,\"time_elapsed\":14643,\"internal_node_id\":\"0.0-0.0\",\"subject_id\":\"62b5efa2f57f0a9c91516acc\",\"study_id\":\"67e2c7f5c9ee767149702482\",\"session_id\":\"67e2c9bc36aee5d12f44b99a\",\"rng_seed\":\"0.4413996596217047\"},{\"rt\":11442,\"stimulus\":\"<div style=\\\"font-size:20px;\\\"><p>Which scenario is more nonsensical?</p>\\n  Reminder: <strong>Nonsensical</strong> means it does not make sense due to some basic conceptual error (\\\"I painted the house with my number.\\\"). </div>\",\"response\":0,\"stimulus_0\":\"writing an equation on\",\"stimulus_1\":\"painting a wall using\",\"condition_0\":\"inconceivable\",\"condition_1\":\"inconceivable\",\"continuation_0\":\"a scream\",\"continuation_1\":\"a whisper\",\"id_0\":69,\"id_1\":45,\"context_0\":\"They do not have a chalkboard, so they are\",\"context_1\":\"They do not have a brush, so they are\",\"task_type\":\"critical\",\"concept\":\"inconceivable\",\"trial_type\":\"html-button-response\",\"trial_index\":1,\"time_elapsed\":26087,\"internal_node_id\":\"0.0-1.0-0.0\",\"subject_id\":\"62b5efa2f57f0a9c91516acc\",\"study_id\":\"67e2c7f5c9ee767149702482\",\"session_id\":\"67e2c9bc36aee5d12f44b99a\",\"rng_seed\":\"0.4413996596217047\",\"response_label\":0,\"provided_context\":true},{\"rt\":6263,\"stimulus\":\"<div style=\\\"font-size:20px;\\\"><p>Which scenario is more nonsensical?</p>\\n  Reminder: <strong>Nonsensical</strong> means it does not make sense due to some basic conceptual error (\\\"I painted the house with my number.\\\"). </div>\",\"response\":1,\"stimulus_0\":\"packing a suit inside\",\"stimulus_1\":\"cutting cardboard using\",\"condition_0\":\"improbable\",\"condition_1\":\"inconceivable\",\"continuation_0\":\"a pocket\",\"continuation_1\":\"a snore\",\"id_0\":44,\"id_1\":22,\"context_0\":\"They do not have a suitcase, so they are\",\"context_1\":\"They do not have scissors, so they are\",\"task_type\":\"critical\",\"concept\":\"inconceivable\",\"trial_type\":\"html-button-response\",\"trial_index\":2,\"time_elapsed\":32352,\"internal_node_id\":\"0.0-1.0-0.1\",\"subject_id\":\"62b5efa2f57f0a9c91516acc\",\"study_id\":\"67e2c7f5c9ee767149702482\",\"session_id\":\"67e2c9bc36aee5d12f44b99a\",\"rng_seed\":\"0.4413996596217047\",\"response_label\":1,\"provided_context\":true},{\"rt\":12168,\"stimulus\":\"<div style=\\\"font-size:20px;\\\"><p>Which scenario is more nonsensical?</p>\\n  Reminder: <strong>Nonsensical</strong> means it does not make sense due to some basic conceptual error (\\\"I painted the house with my number.\\\"). </div>\",\"response\":0,\"stimulus_0\":\"catching a fish in\",\"stimulus_1\":\"building a bridge out of\",\"condition_0\":\"improbable\",\"condition_1\":\"improbable\",\"continuation_0\":\"a puddle\",\"continuation_1\":\"plastic\",\"id_0\":8,\"id_1\":4,\"context_0\":\"They are not near a lake, so they are\",\"context_1\":\"They do not have any steel, so they are\",\"task_type\":\"critical\",\"concept\":\"inconceivable\",\"trial_type\":\"html-button-response\",\"trial_index\":3,\"time_elapsed\":44521,\"internal_node_id\":\"0.0-1.0-0.2\",\"subject_id\":\"62b5efa2f57f0a9c91516acc\",\"study_id\":\"67e2c7f5c9ee767149702482\",\"session_id\":\"67e2c9bc36aee5d12f44b99a\",\"rng_seed\":\"0.4413996596217047\",\"response_label\":0,\"provided_context\":true},{\"rt\":4727,\"stimulus\":\"<div style=\\\"font-size:20px;\\\"><p>Which scenario is more nonsensical?</p>\\n  Reminder: <strong>Nonsensical</strong> means it does not make sense due to some basic conceptual error (\\\"I painted the house with my number.\\\"). </div>\",\"response\":0,\"stimulus_0\":\"baking a cake inside\",\"stimulus_1\":\"filling a bucket with\",\"condition_0\":\"inconceivable\",\"condition_1\":\"impossible\",\"continuation_0\":\"a sigh\",\"continuation_1\":\"buildings\",\"id_0\":0,\"id_1\":33,\"context_0\":\"They do not have an oven, so they are\",\"context_1\":\"They are not near sand, so they are\",\"task_type\":\"critical\",\"concept\":\"inconceivable\",\"trial_type\":\"html-button-response\",\"trial_index\":4,\"time_elapsed\":49249,\"internal_node_id\":\"0.0-1.0-0.3\",\"subject_id\":\"62b5efa2f57f0a9c91516acc\",\"study_id\":\"67e2c7f5c9ee767149702482\",\"session_id\":\"67e2c9bc36aee5d12f44b99a\",\"rng_seed\":\"0.4413996596217047\",\"response_label\":0,\"provided_context\":true},{\"rt\":3170,\"stimulus\":\"<div style=\\\"font-size:20px;\\\"><p>Follow the instructions below.</p></div>\",\"response\":1,\"stimulus_0\":\"baking a cake inside\",\"stimulus_1\":\"filling a bucket with\",\"condition_0\":\"inconceivable\",\"condition_1\":\"impossible\",\"continuation_0\":\"a sigh\",\"continuation_1\":\"buildings\",\"id_0\":0,\"id_1\":33,\"context_0\":\"They do not have an oven, so they are\",\"context_1\":\"They are not near sand, so they are\",\"task_type\":\"attention_check\",\"choices\":[\"Don't Click This Button!\",\"Click This Button!\"],\"trial_type\":\"html-button-response\",\"trial_index\":5,\"time_elapsed\":52420,\"internal_node_id\":\"0.0-1.0-1.3-0.3\",\"subject_id\":\"62b5efa2f57f0a9c91516acc\",\"study_id\":\"67e2c7f5c9ee767149702482\",\"session_id\":\"67e2c9bc36aee5d12f44b99a\",\"rng_seed\":\"0.4413996596217047\"},{\"rt\":5099,\"stimulus\":\"<div style=\\\"font-size:20px;\\\"><p>Which scenario is more nonsensical?</p>\\n  Reminder: <strong>Nonsensical</strong> means it does not make sense due to some basic conceptual error (\\\"I painted the house with my number.\\\"). </div>\",\"response\":0,\"stimulus_0\":\"plucking a hair using\",\"stimulus_1\":\"digging a hole using\",\"condition_0\":\"inconceivable\",\"condition_1\":\"impossible\",\"continuation_0\":\"sympathy\",\"continuation_1\":\"dirt\",\"id_0\":47,\"id_1\":24,\"context_0\":\"They do not have tweezers, so they are\",\"context_1\":\"They do not have a shovel, so they are\",\"task_type\":\"critical\",\"concept\":\"inconceivable\",\"trial_type\":\"html-button-response\",\"trial_index\":6,\"time_elapsed\":57523,\"internal_node_id\":\"0.0-1.0-0.4\",\"subject_id\":\"62b5efa2f57f0a9c91516acc\",\"study_id\":\"67e2c7f5c9ee767149702482\",\"session_id\":\"67e2c9bc36aee5d12f44b99a\",\"rng_seed\":\"0.4413996596217047\",\"response_label\":0,\"provided_context\":true},{\"rt\":3968,\"stimulus\":\"<div style=\\\"font-size:20px;\\\"><p>Which scenario is more nonsensical?</p>\\n  Reminder: <strong>Nonsensical</strong> means it does not make sense due to some basic conceptual error (\\\"I painted the house with my number.\\\"). </div>\",\"response\":1,\"stimulus_0\":\"drying laundry using\",\"stimulus_1\":\"cutting cardboard using\",\"condition_0\":\"improbable\",\"condition_1\":\"inconceivable\",\"continuation_0\":\"a fan\",\"continuation_1\":\"a snore\",\"id_0\":30,\"id_1\":22,\"context_0\":\"They do not have a clothesline, so they are\",\"context_1\":\"They do not have scissors, so they are\",\"task_type\":\"critical\",\"concept\":\"inconceivable\",\"trial_type\":\"html-button-response\",\"trial_index\":7,\"time_elapsed\":61492,\"internal_node_id\":\"0.0-1.0-0.5\",\"subject_id\":\"62b5efa2f57f0a9c91516acc\",\"study_id\":\"67e2c7f5c9ee767149702482\",\"session_id\":\"67e2c9bc36aee5d12f44b99a\",\"rng_seed\":\"0.4413996596217047\",\"response_label\":1,\"provided_context\":true},{\"rt\":4023,\"stimulus\":\"<div style=\\\"font-size:20px;\\\"><p>Which scenario is more nonsensical?</p>\\n  Reminder: <strong>Nonsensical</strong> means it does not make sense due to some basic conceptual error (\\\"I painted the house with my number.\\\"). </div>\",\"response\":1,\"stimulus_0\":\"filling a bucket with\",\"stimulus_1\":\"cooling a room using\",\"condition_0\":\"impossible\",\"condition_1\":\"inconceivable\",\"continuation_0\":\"buildings\",\"continuation_1\":\"a taste\",\"id_0\":33,\"id_1\":17,\"context_0\":\"They are not near sand, so they are\",\"context_1\":\"They do not have a fan, so they are\",\"task_type\":\"critical\",\"concept\":\"inconceivable\",\"trial_type\":\"html-button-response\",\"trial_index\":8,\"time_elapsed\":65516,\"internal_node_id\":\"0.0-1.0-0.6\",\"subject_id\":\"62b5efa2f57f0a9c91516acc\",\"study_id\":\"67e2c7f5c9ee767149702482\",\"session_id\":\"67e2c9bc36aee5d12f44b99a\",\"rng_seed\":\"0.4413996596217047\",\"response_label\":1,\"provided_context\":true},{\"rt\":3227,\"stimulus\":\"<div style=\\\"font-size:20px;\\\"><p>Which scenario is more nonsensical?</p>\\n  Reminder: <strong>Nonsensical</strong> means it does not make sense due to some basic conceptual error (\\\"I painted the house with my number.\\\"). </div>\",\"response\":0,\"stimulus_0\":\"cooling a room using\",\"stimulus_1\":\"carving a statue using\",\"condition_0\":\"inconceivable\",\"condition_1\":\"impossible\",\"continuation_0\":\"a taste\",\"continuation_1\":\"a sock\",\"id_0\":17,\"id_1\":7,\"context_0\":\"They do not have a fan, so they are\",\"context_1\":\"They do not have a chisel, so they are\",\"task_type\":\"critical\",\"concept\":\"inconceivable\",\"trial_type\":\"html-button-response\",\"trial_index\":9,\"time_elapsed\":68744,\"internal_node_id\":\"0.0-1.0-0.7\",\"subject_id\":\"62b5efa2f57f0a9c91516acc\",\"study_id\":\"67e2c7f5c9ee767149702482\",\"session_id\":\"67e2c9bc36aee5d12f44b99a\",\"rng_seed\":\"0.4413996596217047\",\"response_label\":0,\"provided_context\":true},{\"rt\":1594,\"stimulus\":\"<div style=\\\"font-size:20px;\\\"><p>Follow the instructions below.</p></div>\",\"response\":0,\"stimulus_0\":\"cooling a room using\",\"stimulus_1\":\"carving a statue using\",\"condition_0\":\"inconceivable\",\"condition_1\":\"impossible\",\"continuation_0\":\"a taste\",\"continuation_1\":\"a sock\",\"id_0\":17,\"id_1\":7,\"context_0\":\"They do not have a fan, so they are\",\"context_1\":\"They do not have a chisel, so they are\",\"task_type\":\"attention_check\",\"choices\":[\"Click This Button!\",\"Don't Click This Button!\"],\"trial_type\":\"html-button-response\",\"trial_index\":10,\"time_elapsed\":70340,\"internal_node_id\":\"0.0-1.0-1.7-0.7\",\"subject_id\":\"62b5efa2f57f0a9c91516acc\",\"study_id\":\"67e2c7f5c9ee767149702482\",\"session_id\":\"67e2c9bc36aee5d12f44b99a\",\"rng_seed\":\"0.4413996596217047\"},{\"rt\":3921,\"stimulus\":\"<div style=\\\"font-size:20px;\\\"><p>Which scenario is more nonsensical?</p>\\n  Reminder: <strong>Nonsensical</strong> means it does not make sense due to some basic conceptual error (\\\"I painted the house with my number.\\\"). </div>\",\"response\":0,\"stimulus_0\":\"cooling a room using\",\"stimulus_1\":\"cleaning a spill using\",\"condition_0\":\"inconceivable\",\"condition_1\":\"inconceivable\",\"continuation_0\":\"a taste\",\"continuation_1\":\"a country\",\"id_0\":17,\"id_1\":11,\"context_0\":\"They do not have a fan, so they are\",\"context_1\":\"They do not have a sponge, so they are\",\"task_type\":\"critical\",\"concept\":\"inconceivable\",\"trial_type\":\"html-button-response\",\"trial_index\":11,\"time_elapsed\":74263,\"internal_node_id\":\"0.0-1.0-0.8\",\"subject_id\":\"62b5efa2f57f0a9c91516acc\",\"study_id\":\"67e2c7f5c9ee767149702482\",\"session_id\":\"67e2c9bc36aee5d12f44b99a\",\"rng_seed\":\"0.4413996596217047\",\"response_label\":0,\"provided_context\":true},{\"rt\":3820,\"stimulus\":\"<div style=\\\"font-size:20px;\\\"><p>Which scenario is more nonsensical?</p>\\n  Reminder: <strong>Nonsensical</strong> means it does not make sense due to some basic conceptual error (\\\"I painted the house with my number.\\\"). </div>\",\"response\":1,\"stimulus_0\":\"squishing a blueberry using\",\"stimulus_1\":\"cooking dinner out of\",\"condition_0\":\"improbable\",\"condition_1\":\"impossible\",\"continuation_0\":\"[POSS] nose\",\"continuation_1\":\"the moon\",\"id_0\":58,\"id_1\":16,\"context_0\":\"They do not have fingers, so they are\",\"context_1\":\"They do not have pasta, so they are\",\"task_type\":\"critical\",\"concept\":\"inconceivable\",\"trial_type\":\"html-button-response\",\"trial_index\":12,\"time_elapsed\":78084,\"internal_node_id\":\"0.0-1.0-0.9\",\"subject_id\":\"62b5efa2f57f0a9c91516acc\",\"study_id\":\"67e2c7f5c9ee767149702482\",\"session_id\":\"67e2c9bc36aee5d12f44b99a\",\"rng_seed\":\"0.4413996596217047\",\"response_label\":1,\"provided_context\":true},{\"rt\":2657,\"stimulus\":\"<div style=\\\"font-size:20px;\\\"><p>Which scenario is more nonsensical?</p>\\n  Reminder: <strong>Nonsensical</strong> means it does not make sense due to some basic conceptual error (\\\"I painted the house with my number.\\\"). </div>\",\"response\":0,\"stimulus_0\":\"writing an equation on\",\"stimulus_1\":\"filling a bucket with\",\"condition_0\":\"inconceivable\",\"condition_1\":\"impossible\",\"continuation_0\":\"a scream\",\"continuation_1\":\"buildings\",\"id_0\":69,\"id_1\":33,\"context_0\":\"They do not have a chalkboard, so they are\",\"context_1\":\"They are not near sand, so they are\",\"task_type\":\"critical\",\"concept\":\"inconceivable\",\"trial_type\":\"html-button-response\",\"trial_index\":13,\"time_elapsed\":80742,\"internal_node_id\":\"0.0-1.0-0.10\",\"subject_id\":\"62b5efa2f57f0a9c91516acc\",\"study_id\":\"67e2c7f5c9ee767149702482\",\"session_id\":\"67e2c9bc36aee5d12f44b99a\",\"rng_seed\":\"0.4413996596217047\",\"response_label\":0,\"provided_context\":true},{\"rt\":4326,\"stimulus\":\"<div style=\\\"font-size:20px;\\\"><p>Which scenario is more nonsensical?</p>\\n  Reminder: <strong>Nonsensical</strong> means it does not make sense due to some basic conceptual error (\\\"I painted the house with my number.\\\"). </div>\",\"response\":1,\"stimulus_0\":\"packing a suit inside\",\"stimulus_1\":\"shattering a window using\",\"condition_0\":\"improbable\",\"condition_1\":\"impossible\",\"continuation_0\":\"a pocket\",\"continuation_1\":\"confetti\",\"id_0\":44,\"id_1\":53,\"context_0\":\"They do not have a suitcase, so they are\",\"context_1\":\"They do not have a stone, so they are\",\"task_type\":\"critical\",\"concept\":\"inconceivable\",\"trial_type\":\"html-button-response\",\"trial_index\":14,\"time_elapsed\":85069,\"internal_node_id\":\"0.0-1.0-0.11\",\"subject_id\":\"62b5efa2f57f0a9c91516acc\",\"study_id\":\"67e2c7f5c9ee767149702482\",\"session_id\":\"67e2c9bc36aee5d12f44b99a\",\"rng_seed\":\"0.4413996596217047\",\"response_label\":1,\"provided_context\":true},{\"rt\":1547,\"stimulus\":\"<div style=\\\"font-size:20px;\\\"><p>Follow the instructions below.</p></div>\",\"response\":0,\"stimulus_0\":\"packing a suit inside\",\"stimulus_1\":\"shattering a window using\",\"condition_0\":\"improbable\",\"condition_1\":\"impossible\",\"continuation_0\":\"a pocket\",\"continuation_1\":\"confetti\",\"id_0\":44,\"id_1\":53,\"context_0\":\"They do not have a suitcase, so they are\",\"context_1\":\"They do not have a stone, so they are\",\"task_type\":\"attention_check\",\"choices\":[\"Click This Button!\",\"Don't Click This Button!\"],\"trial_type\":\"html-button-response\",\"trial_index\":15,\"time_elapsed\":86616,\"internal_node_id\":\"0.0-1.0-1.11-0.11\",\"subject_id\":\"62b5efa2f57f0a9c91516acc\",\"study_id\":\"67e2c7f5c9ee767149702482\",\"session_id\":\"67e2c9bc36aee5d12f44b99a\",\"rng_seed\":\"0.4413996596217047\"},{\"rt\":5358,\"stimulus\":\"<div style=\\\"font-size:20px;\\\"><p>Which scenario is more nonsensical?</p>\\n  Reminder: <strong>Nonsensical</strong> means it does not make sense due to some basic conceptual error (\\\"I painted the house with my number.\\\"). </div>\",\"response\":0,\"stimulus_0\":\"plucking a hair using\",\"stimulus_1\":\"crafting a bowl out of\",\"condition_0\":\"inconceivable\",\"condition_1\":\"impossible\",\"continuation_0\":\"sympathy\",\"continuation_1\":\"smoke\",\"id_0\":47,\"id_1\":19,\"context_0\":\"They do not have tweezers, so they are\",\"context_1\":\"They do not have clay, so they are\",\"task_type\":\"critical\",\"concept\":\"inconceivable\",\"trial_type\":\"html-button-response\",\"trial_index\":16,\"time_elapsed\":91974,\"internal_node_id\":\"0.0-1.0-0.12\",\"subject_id\":\"62b5efa2f57f0a9c91516acc\",\"study_id\":\"67e2c7f5c9ee767149702482\",\"session_id\":\"67e2c9bc36aee5d12f44b99a\",\"rng_seed\":\"0.4413996596217047\",\"response_label\":0,\"provided_context\":true},{\"rt\":2951,\"stimulus\":\"<div style=\\\"font-size:20px;\\\"><p>Which scenario is more nonsensical?</p>\\n  Reminder: <strong>Nonsensical</strong> means it does not make sense due to some basic conceptual error (\\\"I painted the house with my number.\\\"). </div>\",\"response\":0,\"stimulus_0\":\"shaving [POSS] beard using\",\"stimulus_1\":\"cleaning a spill using\",\"condition_0\":\"inconceivable\",\"condition_1\":\"inconceivable\",\"continuation_0\":\"a belief\",\"continuation_1\":\"a country\",\"id_0\":54,\"id_1\":11,\"context_0\":\"They do not have a razor, so they are\",\"context_1\":\"They do not have a sponge, so they are\",\"task_type\":\"critical\",\"concept\":\"inconceivable\",\"trial_type\":\"html-button-response\",\"trial_index\":17,\"time_elapsed\":94926,\"internal_node_id\":\"0.0-1.0-0.13\",\"subject_id\":\"62b5efa2f57f0a9c91516acc\",\"study_id\":\"67e2c7f5c9ee767149702482\",\"session_id\":\"67e2c9bc36aee5d12f44b99a\",\"rng_seed\":\"0.4413996596217047\",\"response_label\":0,\"provided_context\":true},{\"rt\":2841,\"stimulus\":\"<div style=\\\"font-size:20px;\\\"><p>Which scenario is more nonsensical?</p>\\n  Reminder: <strong>Nonsensical</strong> means it does not make sense due to some basic conceptual error (\\\"I painted the house with my number.\\\"). </div>\",\"response\":1,\"stimulus_0\":\"packing a suit inside\",\"stimulus_1\":\"lighting a candle using\",\"condition_0\":\"improbable\",\"condition_1\":\"impossible\",\"continuation_0\":\"a pocket\",\"continuation_1\":\"yogurt\",\"id_0\":44,\"id_1\":39,\"context_0\":\"They do not have a suitcase, so they are\",\"context_1\":\"They do not have a match, so they are\",\"task_type\":\"critical\",\"concept\":\"inconceivable\",\"trial_type\":\"html-button-response\",\"trial_index\":18,\"time_elapsed\":97768,\"internal_node_id\":\"0.0-1.0-0.14\",\"subject_id\":\"62b5efa2f57f0a9c91516acc\",\"study_id\":\"67e2c7f5c9ee767149702482\",\"session_id\":\"67e2c9bc36aee5d12f44b99a\",\"rng_seed\":\"0.4413996596217047\",\"response_label\":1,\"provided_context\":true},{\"rt\":5392,\"stimulus\":\"<div style=\\\"font-size:20px;\\\"><p>Which scenario is more nonsensical?</p>\\n  Reminder: <strong>Nonsensical</strong> means it does not make sense due to some basic conceptual error (\\\"I painted the house with my number.\\\"). </div>\",\"response\":1,\"stimulus_0\":\"taking a vacation to\",\"stimulus_1\":\"squishing a blueberry using\",\"condition_0\":\"impossible\",\"condition_1\":\"improbable\",\"continuation_0\":\"the sun\",\"continuation_1\":\"[POSS] nose\",\"id_0\":61,\"id_1\":58,\"context_0\":\"They are not near the beach, so they are\",\"context_1\":\"They do not have fingers, so they are\",\"task_type\":\"critical\",\"concept\":\"inconceivable\",\"trial_type\":\"html-button-response\",\"trial_index\":19,\"time_elapsed\":103162,\"internal_node_id\":\"0.0-1.0-0.15\",\"subject_id\":\"62b5efa2f57f0a9c91516acc\",\"study_id\":\"67e2c7f5c9ee767149702482\",\"session_id\":\"67e2c9bc36aee5d12f44b99a\",\"rng_seed\":\"0.4413996596217047\",\"response_label\":1,\"provided_context\":true},{\"rt\":1090,\"stimulus\":\"<div style=\\\"font-size:20px;\\\"><p>Follow the instructions below.</p></div>\",\"response\":0,\"stimulus_0\":\"taking a vacation to\",\"stimulus_1\":\"squishing a blueberry using\",\"condition_0\":\"impossible\",\"condition_1\":\"improbable\",\"continuation_0\":\"the sun\",\"continuation_1\":\"[POSS] nose\",\"id_0\":61,\"id_1\":58,\"context_0\":\"They are not near the beach, so they are\",\"context_1\":\"They do not have fingers, so they are\",\"task_type\":\"attention_check\",\"choices\":[\"Click This Button!\",\"Don't Click This Button!\"],\"trial_type\":\"html-button-response\",\"trial_index\":20,\"time_elapsed\":104252,\"internal_node_id\":\"0.0-1.0-1.15-0.15\",\"subject_id\":\"62b5efa2f57f0a9c91516acc\",\"study_id\":\"67e2c7f5c9ee767149702482\",\"session_id\":\"67e2c9bc36aee5d12f44b99a\",\"rng_seed\":\"0.4413996596217047\"},{\"rt\":4316,\"stimulus\":\"<div style=\\\"font-size:20px;\\\"><p>Which scenario is more nonsensical?</p>\\n  Reminder: <strong>Nonsensical</strong> means it does not make sense due to some basic conceptual error (\\\"I painted the house with my number.\\\"). </div>\",\"response\":1,\"stimulus_0\":\"catching a fish in\",\"stimulus_1\":\"cutting cardboard using\",\"condition_0\":\"improbable\",\"condition_1\":\"inconceivable\",\"continuation_0\":\"a puddle\",\"continuation_1\":\"a snore\",\"id_0\":8,\"id_1\":22,\"context_0\":\"They are not near a lake, so they are\",\"context_1\":\"They do not have scissors, so they are\",\"task_type\":\"critical\",\"concept\":\"inconceivable\",\"trial_type\":\"html-button-response\",\"trial_index\":21,\"time_elapsed\":108568,\"internal_node_id\":\"0.0-1.0-0.16\",\"subject_id\":\"62b5efa2f57f0a9c91516acc\",\"study_id\":\"67e2c7f5c9ee767149702482\",\"session_id\":\"67e2c9bc36aee5d12f44b99a\",\"rng_seed\":\"0.4413996596217047\",\"response_label\":1,\"provided_context\":true},{\"rt\":3953,\"stimulus\":\"<div style=\\\"font-size:20px;\\\"><p>Which scenario is more nonsensical?</p>\\n  Reminder: <strong>Nonsensical</strong> means it does not make sense due to some basic conceptual error (\\\"I painted the house with my number.\\\"). </div>\",\"response\":1,\"stimulus_0\":\"plucking a hair using\",\"stimulus_1\":\"cutting cardboard using\",\"condition_0\":\"inconceivable\",\"condition_1\":\"inconceivable\",\"continuation_0\":\"sympathy\",\"continuation_1\":\"a snore\",\"id_0\":47,\"id_1\":22,\"context_0\":\"They do not have tweezers, so they are\",\"context_1\":\"They do not have scissors, so they are\",\"task_type\":\"critical\",\"concept\":\"inconceivable\",\"trial_type\":\"html-button-response\",\"trial_index\":22,\"time_elapsed\":112524,\"internal_node_id\":\"0.0-1.0-0.17\",\"subject_id\":\"62b5efa2f57f0a9c91516acc\",\"study_id\":\"67e2c7f5c9ee767149702482\",\"session_id\":\"67e2c9bc36aee5d12f44b99a\",\"rng_seed\":\"0.4413996596217047\",\"response_label\":1,\"provided_context\":true},{\"rt\":6257,\"stimulus\":\"<div style=\\\"font-size:20px;\\\"><p>Which scenario is more nonsensical?</p>\\n  Reminder: <strong>Nonsensical</strong> means it does not make sense due to some basic conceptual error (\\\"I painted the house with my number.\\\"). </div>\",\"response\":0,\"stimulus_0\":\"eating soup using\",\"stimulus_1\":\"crushing a soda can using\",\"condition_0\":\"improbable\",\"condition_1\":\"improbable\",\"continuation_0\":\"a bucket\",\"continuation_1\":\"a chair\",\"id_0\":31,\"id_1\":20,\"context_0\":\"They do not have a spoon, so they are\",\"context_1\":\"They do not have a shoe, so they are\",\"task_type\":\"critical\",\"concept\":\"inconceivable\",\"trial_type\":\"html-button-response\",\"trial_index\":23,\"time_elapsed\":118782,\"internal_node_id\":\"0.0-1.0-0.18\",\"subject_id\":\"62b5efa2f57f0a9c91516acc\",\"study_id\":\"67e2c7f5c9ee767149702482\",\"session_id\":\"67e2c9bc36aee5d12f44b99a\",\"rng_seed\":\"0.4413996596217047\",\"response_label\":0,\"provided_context\":true},{\"rt\":3879,\"stimulus\":\"<div style=\\\"font-size:20px;\\\"><p>Which scenario is more nonsensical?</p>\\n  Reminder: <strong>Nonsensical</strong> means it does not make sense due to some basic conceptual error (\\\"I painted the house with my number.\\\"). </div>\",\"response\":0,\"stimulus_0\":\"baking a cake inside\",\"stimulus_1\":\"squishing a blueberry using\",\"condition_0\":\"inconceivable\",\"condition_1\":\"improbable\",\"continuation_0\":\"a sigh\",\"continuation_1\":\"[POSS] nose\",\"id_0\":0,\"id_1\":58,\"context_0\":\"They do not have an oven, so they are\",\"context_1\":\"They do not have fingers, so they are\",\"task_type\":\"critical\",\"concept\":\"inconceivable\",\"trial_type\":\"html-button-response\",\"trial_index\":24,\"time_elapsed\":122662,\"internal_node_id\":\"0.0-1.0-0.19\",\"subject_id\":\"62b5efa2f57f0a9c91516acc\",\"study_id\":\"67e2c7f5c9ee767149702482\",\"session_id\":\"67e2c9bc36aee5d12f44b99a\",\"rng_seed\":\"0.4413996596217047\",\"response_label\":0,\"provided_context\":true},{\"rt\":1168,\"stimulus\":\"<div style=\\\"font-size:20px;\\\"><p>Follow the instructions below.</p></div>\",\"response\":1,\"stimulus_0\":\"baking a cake inside\",\"stimulus_1\":\"squishing a blueberry using\",\"condition_0\":\"inconceivable\",\"condition_1\":\"improbable\",\"continuation_0\":\"a sigh\",\"continuation_1\":\"[POSS] nose\",\"id_0\":0,\"id_1\":58,\"context_0\":\"They do not have an oven, so they are\",\"context_1\":\"They do not have fingers, so they are\",\"task_type\":\"attention_check\",\"choices\":[\"Don't Click This Button!\",\"Click This Button!\"],\"trial_type\":\"html-button-response\",\"trial_index\":25,\"time_elapsed\":123830,\"internal_node_id\":\"0.0-1.0-1.19-0.19\",\"subject_id\":\"62b5efa2f57f0a9c91516acc\",\"study_id\":\"67e2c7f5c9ee767149702482\",\"session_id\":\"67e2c9bc36aee5d12f44b99a\",\"rng_seed\":\"0.4413996596217047\"},{\"rt\":6509,\"response\":{\"language\":\"english\",\"gender\":\"male\",\"feedback\":\"\"},\"trial_type\":\"survey-text\",\"trial_index\":26,\"time_elapsed\":130356,\"internal_node_id\":\"0.0-2.0\",\"subject_id\":\"62b5efa2f57f0a9c91516acc\",\"study_id\":\"67e2c7f5c9ee767149702482\",\"session_id\":\"67e2c9bc36aee5d12f44b99a\",\"rng_seed\":\"0.4413996596217047\",\"task_type\":\"survey\"},{\"success\":true,\"completion_time\":\"2025-03-25T15:22:58.472Z\",\"exp_type\":\"gesture-beat-expt-pilot\"}]",
    "dir_path": "data/experiment_2_pilot"
}