{
    "prolific_data": {
        "subject_id": "59836c8b06cd1f0001f8e111",
        "study_id": "67e2c7f5c9ee767149702482",
        "session_id": "67e2d19ef4c0ed548eba5259",
        "rng_seed": "0.9927268258906486"
    },
    "data": "[{\"rt\":391214,\"stimulus\":\"\\n  <div class=\\\"jspsych-content\\\" align=left style=\\\"width:100%;text-align: left;\\\">\\n  <h2>Hello, and welcome to our study!</h2>\\n      In this study, we will ask you to 25 questions.\\n      <p>\\n      In 20 of the questions, we will need your help deciding which statement is more <strong>impossible</strong>.\\n      </p>\\n      <strong>Impossible</strong> means it cannot happen in our world given the laws of nature, but may happen in a fictional world (e.g., \\\"I painted the house with my mind.\\\"). \\n      <p>\\n      The remaining questions will check to make sure that you are paying attention to the study.\\n      <p>\\n    <h3>IMPORTANT:</h3>\\n    <ul>\\n      <li>Respond as quickly as you can.</li>\\n      <li>Answer the questions based on what is possible given the physical laws of the real world.</li>\\n      <li>There are no right or wrong answers. We are simply interested in your intuitions.</li>\\n      </ul>\\n    Once you are done reading this page, please press SPACEBAR to continue.\\n    </p>\\n  </div>\\n  \",\"response\":\" \",\"trial_type\":\"html-keyboard-response\",\"trial_index\":0,\"time_elapsed\":391472,\"internal_node_id\":\"0.0-0.0\",\"subject_id\":\"59836c8b06cd1f0001f8e111\",\"study_id\":\"67e2c7f5c9ee767149702482\",\"session_id\":\"67e2d19ef4c0ed548eba5259\",\"rng_seed\":\"0.9927268258906486\"},{\"rt\":50408,\"stimulus\":\"<div style=\\\"font-size:20px;\\\"><p>Which scenario is more impossible?</p>\\n  Reminder: <strong>Impossible</strong> means it cannot happen in our world given the laws of nature, but may happen in a fictional world (e.g., \\\"I painted the house with my mind.\\\"). </div>\",\"response\":0,\"stimulus_0\":\"polishing jewelry using\",\"stimulus_1\":\"digging a hole using\",\"condition_0\":\"impossible\",\"condition_1\":\"impossible\",\"continuation_0\":\"a chainsaw\",\"continuation_1\":\"dirt\",\"id_0\":48,\"id_1\":24,\"context_0\":\"They do not have a cloth, so they are\",\"context_1\":\"They do not have a shovel, so they are\",\"task_type\":\"critical\",\"concept\":\"impossible\",\"trial_type\":\"html-button-response\",\"trial_index\":1,\"time_elapsed\":441918,\"internal_node_id\":\"0.0-1.0-0.0\",\"subject_id\":\"59836c8b06cd1f0001f8e111\",\"study_id\":\"67e2c7f5c9ee767149702482\",\"session_id\":\"67e2d19ef4c0ed548eba5259\",\"rng_seed\":\"0.9927268258906486\",\"response_label\":0,\"provided_context\":true},{\"rt\":18727,\"stimulus\":\"<div style=\\\"font-size:20px;\\\"><p>Which scenario is more impossible?</p>\\n  Reminder: <strong>Impossible</strong> means it cannot happen in our world given the laws of nature, but may happen in a fictional world (e.g., \\\"I painted the house with my mind.\\\"). </div>\",\"response\":0,\"stimulus_0\":\"taking a vacation to\",\"stimulus_1\":\"packing a suit inside\",\"condition_0\":\"impossible\",\"condition_1\":\"improbable\",\"continuation_0\":\"the sun\",\"continuation_1\":\"a pocket\",\"id_0\":61,\"id_1\":44,\"context_0\":\"They are not near the beach, so they are\",\"context_1\":\"They do not have a suitcase, so they are\",\"task_type\":\"critical\",\"concept\":\"impossible\",\"trial_type\":\"html-button-response\",\"trial_index\":2,\"time_elapsed\":460670,\"internal_node_id\":\"0.0-1.0-0.1\",\"subject_id\":\"59836c8b06cd1f0001f8e111\",\"study_id\":\"67e2c7f5c9ee767149702482\",\"session_id\":\"67e2d19ef4c0ed548eba5259\",\"rng_seed\":\"0.9927268258906486\",\"response_label\":0,\"provided_context\":true},{\"rt\":9560,\"stimulus\":\"<div style=\\\"font-size:20px;\\\"><p>Which scenario is more impossible?</p>\\n  Reminder: <strong>Impossible</strong> means it cannot happen in our world given the laws of nature, but may happen in a fictional world (e.g., \\\"I painted the house with my mind.\\\"). </div>\",\"response\":0,\"stimulus_0\":\"writing an equation on\",\"stimulus_1\":\"eating soup using\",\"condition_0\":\"inconceivable\",\"condition_1\":\"improbable\",\"continuation_0\":\"a scream\",\"continuation_1\":\"a bucket\",\"id_0\":69,\"id_1\":31,\"context_0\":\"They do not have a chalkboard, so they are\",\"context_1\":\"They do not have a spoon, so they are\",\"task_type\":\"critical\",\"concept\":\"impossible\",\"trial_type\":\"html-button-response\",\"trial_index\":3,\"time_elapsed\":470236,\"internal_node_id\":\"0.0-1.0-0.2\",\"subject_id\":\"59836c8b06cd1f0001f8e111\",\"study_id\":\"67e2c7f5c9ee767149702482\",\"session_id\":\"67e2d19ef4c0ed548eba5259\",\"rng_seed\":\"0.9927268258906486\",\"response_label\":0,\"provided_context\":true},{\"rt\":6990,\"stimulus\":\"<div style=\\\"font-size:20px;\\\"><p>Which scenario is more impossible?</p>\\n  Reminder: <strong>Impossible</strong> means it cannot happen in our world given the laws of nature, but may happen in a fictional world (e.g., \\\"I painted the house with my mind.\\\"). </div>\",\"response\":0,\"stimulus_0\":\"unlocking a door using\",\"stimulus_1\":\"digging a hole using\",\"condition_0\":\"impossible\",\"condition_1\":\"impossible\",\"continuation_0\":\"a marshmallow\",\"continuation_1\":\"dirt\",\"id_0\":64,\"id_1\":24,\"context_0\":\"They do not have a key, so they are\",\"context_1\":\"They do not have a shovel, so they are\",\"task_type\":\"critical\",\"concept\":\"impossible\",\"trial_type\":\"html-button-response\",\"trial_index\":4,\"time_elapsed\":477231,\"internal_node_id\":\"0.0-1.0-0.3\",\"subject_id\":\"59836c8b06cd1f0001f8e111\",\"study_id\":\"67e2c7f5c9ee767149702482\",\"session_id\":\"67e2d19ef4c0ed548eba5259\",\"rng_seed\":\"0.9927268258906486\",\"response_label\":0,\"provided_context\":true},{\"rt\":4643,\"stimulus\":\"<div style=\\\"font-size:20px;\\\"><p>Follow the instructions below.</p></div>\",\"response\":0,\"stimulus_0\":\"unlocking a door using\",\"stimulus_1\":\"digging a hole using\",\"condition_0\":\"impossible\",\"condition_1\":\"impossible\",\"continuation_0\":\"a marshmallow\",\"continuation_1\":\"dirt\",\"id_0\":64,\"id_1\":24,\"context_0\":\"They do not have a key, so they are\",\"context_1\":\"They do not have a shovel, so they are\",\"task_type\":\"attention_check\",\"choices\":[\"Click This Button!\",\"Don't Click This Button!\"],\"trial_type\":\"html-button-response\",\"trial_index\":5,\"time_elapsed\":481886,\"internal_node_id\":\"0.0-1.0-1.3-0.3\",\"subject_id\":\"59836c8b06cd1f0001f8e111\",\"study_id\":\"67e2c7f5c9ee767149702482\",\"session_id\":\"67e2d19ef4c0ed548eba5259\",\"rng_seed\":\"0.9927268258906486\"},{\"rt\":13572,\"stimulus\":\"<div style=\\\"font-size:20px;\\\"><p>Which scenario is more impossible?</p>\\n  Reminder: <strong>Impossible</strong> means it cannot happen in our world given the laws of nature, but may happen in a fictional world (e.g., \\\"I painted the house with my mind.\\\"). </div>\",\"response\":1,\"stimulus_0\":\"crafting a bowl out of\",\"stimulus_1\":\"cooking dinner out of\",\"condition_0\":\"impossible\",\"condition_1\":\"impossible\",\"continuation_0\":\"smoke\",\"continuation_1\":\"the moon\",\"id_0\":19,\"id_1\":16,\"context_0\":\"They do not have clay, so they are\",\"context_1\":\"They do not have pasta, so they are\",\"task_type\":\"critical\",\"concept\":\"impossible\",\"trial_type\":\"html-button-response\",\"trial_index\":6,\"time_elapsed\":495463,\"internal_node_id\":\"0.0-1.0-0.4\",\"subject_id\":\"59836c8b06cd1f0001f8e111\",\"study_id\":\"67e2c7f5c9ee767149702482\",\"session_id\":\"67e2d19ef4c0ed548eba5259\",\"rng_seed\":\"0.9927268258906486\",\"response_label\":1,\"provided_context\":true},{\"rt\":33084,\"stimulus\":\"<div style=\\\"font-size:20px;\\\"><p>Which scenario is more impossible?</p>\\n  Reminder: <strong>Impossible</strong> means it cannot happen in our world given the laws of nature, but may happen in a fictional world (e.g., \\\"I painted the house with my mind.\\\"). </div>\",\"response\":1,\"stimulus_0\":\"taking a vacation to\",\"stimulus_1\":\"lighting a candle using\",\"condition_0\":\"impossible\",\"condition_1\":\"impossible\",\"continuation_0\":\"the sun\",\"continuation_1\":\"yogurt\",\"id_0\":61,\"id_1\":39,\"context_0\":\"They are not near the beach, so they are\",\"context_1\":\"They do not have a match, so they are\",\"task_type\":\"critical\",\"concept\":\"impossible\",\"trial_type\":\"html-button-response\",\"trial_index\":7,\"time_elapsed\":530474,\"internal_node_id\":\"0.0-1.0-0.5\",\"subject_id\":\"59836c8b06cd1f0001f8e111\",\"study_id\":\"67e2c7f5c9ee767149702482\",\"session_id\":\"67e2d19ef4c0ed548eba5259\",\"rng_seed\":\"0.9927268258906486\",\"response_label\":1,\"provided_context\":true},{\"rt\":7718,\"stimulus\":\"<div style=\\\"font-size:20px;\\\"><p>Which scenario is more impossible?</p>\\n  Reminder: <strong>Impossible</strong> means it cannot happen in our world given the laws of nature, but may happen in a fictional world (e.g., \\\"I painted the house with my mind.\\\"). </div>\",\"response\":1,\"stimulus_0\":\"squishing a blueberry using\",\"stimulus_1\":\"drinking a cup full of\",\"condition_0\":\"improbable\",\"condition_1\":\"inconceivable\",\"continuation_0\":\"[POSS] nose\",\"continuation_1\":\"minutes\",\"id_0\":58,\"id_1\":28,\"context_0\":\"They do not have fingers, so they are\",\"context_1\":\"They do not have water, so they are\",\"task_type\":\"critical\",\"concept\":\"impossible\",\"trial_type\":\"html-button-response\",\"trial_index\":8,\"time_elapsed\":538195,\"internal_node_id\":\"0.0-1.0-0.6\",\"subject_id\":\"59836c8b06cd1f0001f8e111\",\"study_id\":\"67e2c7f5c9ee767149702482\",\"session_id\":\"67e2d19ef4c0ed548eba5259\",\"rng_seed\":\"0.9927268258906486\",\"response_label\":1,\"provided_context\":true},{\"rt\":11168,\"stimulus\":\"<div style=\\\"font-size:20px;\\\"><p>Which scenario is more impossible?</p>\\n  Reminder: <strong>Impossible</strong> means it cannot happen in our world given the laws of nature, but may happen in a fictional world (e.g., \\\"I painted the house with my mind.\\\"). </div>\",\"response\":1,\"stimulus_0\":\"hanging a painting using\",\"stimulus_1\":\"shaving [POSS] beard using\",\"condition_0\":\"inconceivable\",\"condition_1\":\"inconceivable\",\"continuation_0\":\"a handshake\",\"continuation_1\":\"a belief\",\"id_0\":36,\"id_1\":54,\"context_0\":\"They do not have screws, so they are\",\"context_1\":\"They do not have a razor, so they are\",\"task_type\":\"critical\",\"concept\":\"impossible\",\"trial_type\":\"html-button-response\",\"trial_index\":9,\"time_elapsed\":549367,\"internal_node_id\":\"0.0-1.0-0.7\",\"subject_id\":\"59836c8b06cd1f0001f8e111\",\"study_id\":\"67e2c7f5c9ee767149702482\",\"session_id\":\"67e2d19ef4c0ed548eba5259\",\"rng_seed\":\"0.9927268258906486\",\"response_label\":1,\"provided_context\":true},{\"rt\":2523,\"stimulus\":\"<div style=\\\"font-size:20px;\\\"><p>Follow the instructions below.</p></div>\",\"response\":1,\"stimulus_0\":\"hanging a painting using\",\"stimulus_1\":\"shaving [POSS] beard using\",\"condition_0\":\"inconceivable\",\"condition_1\":\"inconceivable\",\"continuation_0\":\"a handshake\",\"continuation_1\":\"a belief\",\"id_0\":36,\"id_1\":54,\"context_0\":\"They do not have screws, so they are\",\"context_1\":\"They do not have a razor, so they are\",\"task_type\":\"attention_check\",\"choices\":[\"Don't Click This Button!\",\"Click This Button!\"],\"trial_type\":\"html-button-response\",\"trial_index\":10,\"time_elapsed\":551900,\"internal_node_id\":\"0.0-1.0-1.7-0.7\",\"subject_id\":\"59836c8b06cd1f0001f8e111\",\"study_id\":\"67e2c7f5c9ee767149702482\",\"session_id\":\"67e2d19ef4c0ed548eba5259\",\"rng_seed\":\"0.9927268258906486\"},{\"rt\":53402,\"stimulus\":\"<div style=\\\"font-size:20px;\\\"><p>Which scenario is more impossible?</p>\\n  Reminder: <strong>Impossible</strong> means it cannot happen in our world given the laws of nature, but may happen in a fictional world (e.g., \\\"I painted the house with my mind.\\\"). </div>\",\"response\":0,\"stimulus_0\":\"painting a wall using\",\"stimulus_1\":\"taking a vacation to\",\"condition_0\":\"inconceivable\",\"condition_1\":\"impossible\",\"continuation_0\":\"a whisper\",\"continuation_1\":\"the sun\",\"id_0\":45,\"id_1\":61,\"context_0\":\"They do not have a brush, so they are\",\"context_1\":\"They are not near the beach, so they are\",\"task_type\":\"critical\",\"concept\":\"impossible\",\"trial_type\":\"html-button-response\",\"trial_index\":11,\"time_elapsed\":605306,\"internal_node_id\":\"0.0-1.0-0.8\",\"subject_id\":\"59836c8b06cd1f0001f8e111\",\"study_id\":\"67e2c7f5c9ee767149702482\",\"session_id\":\"67e2d19ef4c0ed548eba5259\",\"rng_seed\":\"0.9927268258906486\",\"response_label\":0,\"provided_context\":true},{\"rt\":14352,\"stimulus\":\"<div style=\\\"font-size:20px;\\\"><p>Which scenario is more impossible?</p>\\n  Reminder: <strong>Impossible</strong> means it cannot happen in our world given the laws of nature, but may happen in a fictional world (e.g., \\\"I painted the house with my mind.\\\"). </div>\",\"response\":1,\"stimulus_0\":\"carrying groceries inside\",\"stimulus_1\":\"cleaning a spill using\",\"condition_0\":\"improbable\",\"condition_1\":\"inconceivable\",\"continuation_0\":\"a backpack\",\"continuation_1\":\"a country\",\"id_0\":6,\"id_1\":11,\"context_0\":\"They do not have a tote bag, so they are\",\"context_1\":\"They do not have a sponge, so they are\",\"task_type\":\"critical\",\"concept\":\"impossible\",\"trial_type\":\"html-button-response\",\"trial_index\":12,\"time_elapsed\":619666,\"internal_node_id\":\"0.0-1.0-0.9\",\"subject_id\":\"59836c8b06cd1f0001f8e111\",\"study_id\":\"67e2c7f5c9ee767149702482\",\"session_id\":\"67e2d19ef4c0ed548eba5259\",\"rng_seed\":\"0.9927268258906486\",\"response_label\":1,\"provided_context\":true},{\"rt\":9652,\"stimulus\":\"<div style=\\\"font-size:20px;\\\"><p>Which scenario is more impossible?</p>\\n  Reminder: <strong>Impossible</strong> means it cannot happen in our world given the laws of nature, but may happen in a fictional world (e.g., \\\"I painted the house with my mind.\\\"). </div>\",\"response\":1,\"stimulus_0\":\"polishing jewelry using\",\"stimulus_1\":\"unlocking a door using\",\"condition_0\":\"impossible\",\"condition_1\":\"impossible\",\"continuation_0\":\"a chainsaw\",\"continuation_1\":\"a marshmallow\",\"id_0\":48,\"id_1\":64,\"context_0\":\"They do not have a cloth, so they are\",\"context_1\":\"They do not have a key, so they are\",\"task_type\":\"critical\",\"concept\":\"impossible\",\"trial_type\":\"html-button-response\",\"trial_index\":13,\"time_elapsed\":629322,\"internal_node_id\":\"0.0-1.0-0.10\",\"subject_id\":\"59836c8b06cd1f0001f8e111\",\"study_id\":\"67e2c7f5c9ee767149702482\",\"session_id\":\"67e2d19ef4c0ed548eba5259\",\"rng_seed\":\"0.9927268258906486\",\"response_label\":1,\"provided_context\":true},{\"rt\":15256,\"stimulus\":\"<div style=\\\"font-size:20px;\\\"><p>Which scenario is more impossible?</p>\\n  Reminder: <strong>Impossible</strong> means it cannot happen in our world given the laws of nature, but may happen in a fictional world (e.g., \\\"I painted the house with my mind.\\\"). </div>\",\"response\":1,\"stimulus_0\":\"eating soup using\",\"stimulus_1\":\"building a bridge out of\",\"condition_0\":\"improbable\",\"condition_1\":\"improbable\",\"continuation_0\":\"a bucket\",\"continuation_1\":\"plastic\",\"id_0\":31,\"id_1\":4,\"context_0\":\"They do not have a spoon, so they are\",\"context_1\":\"They do not have any steel, so they are\",\"task_type\":\"critical\",\"concept\":\"impossible\",\"trial_type\":\"html-button-response\",\"trial_index\":14,\"time_elapsed\":644585,\"internal_node_id\":\"0.0-1.0-0.11\",\"subject_id\":\"59836c8b06cd1f0001f8e111\",\"study_id\":\"67e2c7f5c9ee767149702482\",\"session_id\":\"67e2d19ef4c0ed548eba5259\",\"rng_seed\":\"0.9927268258906486\",\"response_label\":1,\"provided_context\":true},{\"rt\":1729,\"stimulus\":\"<div style=\\\"font-size:20px;\\\"><p>Follow the instructions below.</p></div>\",\"response\":1,\"stimulus_0\":\"eating soup using\",\"stimulus_1\":\"building a bridge out of\",\"condition_0\":\"improbable\",\"condition_1\":\"improbable\",\"continuation_0\":\"a bucket\",\"continuation_1\":\"plastic\",\"id_0\":31,\"id_1\":4,\"context_0\":\"They do not have a spoon, so they are\",\"context_1\":\"They do not have any steel, so they are\",\"task_type\":\"attention_check\",\"choices\":[\"Don't Click This Button!\",\"Click This Button!\"],\"trial_type\":\"html-button-response\",\"trial_index\":15,\"time_elapsed\":646317,\"internal_node_id\":\"0.0-1.0-1.11-0.11\",\"subject_id\":\"59836c8b06cd1f0001f8e111\",\"study_id\":\"67e2c7f5c9ee767149702482\",\"session_id\":\"67e2d19ef4c0ed548eba5259\",\"rng_seed\":\"0.9927268258906486\"},{\"rt\":10013,\"stimulus\":\"<div style=\\\"font-size:20px;\\\"><p>Which scenario is more impossible?</p>\\n  Reminder: <strong>Impossible</strong> means it cannot happen in our world given the laws of nature, but may happen in a fictional world (e.g., \\\"I painted the house with my mind.\\\"). </div>\",\"response\":0,\"stimulus_0\":\"cutting cardboard using\",\"stimulus_1\":\"hanging a painting using\",\"condition_0\":\"inconceivable\",\"condition_1\":\"inconceivable\",\"continuation_0\":\"a snore\",\"continuation_1\":\"a handshake\",\"id_0\":22,\"id_1\":36,\"context_0\":\"They do not have scissors, so they are\",\"context_1\":\"They do not have screws, so they are\",\"task_type\":\"critical\",\"concept\":\"impossible\",\"trial_type\":\"html-button-response\",\"trial_index\":16,\"time_elapsed\":656333,\"internal_node_id\":\"0.0-1.0-0.12\",\"subject_id\":\"59836c8b06cd1f0001f8e111\",\"study_id\":\"67e2c7f5c9ee767149702482\",\"session_id\":\"67e2d19ef4c0ed548eba5259\",\"rng_seed\":\"0.9927268258906486\",\"response_label\":0,\"provided_context\":true},{\"rt\":12570,\"stimulus\":\"<div style=\\\"font-size:20px;\\\"><p>Which scenario is more impossible?</p>\\n  Reminder: <strong>Impossible</strong> means it cannot happen in our world given the laws of nature, but may happen in a fictional world (e.g., \\\"I painted the house with my mind.\\\"). </div>\",\"response\":0,\"stimulus_0\":\"filling a bucket with\",\"stimulus_1\":\"eating soup using\",\"condition_0\":\"impossible\",\"condition_1\":\"improbable\",\"continuation_0\":\"buildings\",\"continuation_1\":\"a bucket\",\"id_0\":33,\"id_1\":31,\"context_0\":\"They are not near sand, so they are\",\"context_1\":\"They do not have a spoon, so they are\",\"task_type\":\"critical\",\"concept\":\"impossible\",\"trial_type\":\"html-button-response\",\"trial_index\":17,\"time_elapsed\":668905,\"internal_node_id\":\"0.0-1.0-0.13\",\"subject_id\":\"59836c8b06cd1f0001f8e111\",\"study_id\":\"67e2c7f5c9ee767149702482\",\"session_id\":\"67e2d19ef4c0ed548eba5259\",\"rng_seed\":\"0.9927268258906486\",\"response_label\":0,\"provided_context\":true},{\"rt\":17899,\"stimulus\":\"<div style=\\\"font-size:20px;\\\"><p>Which scenario is more impossible?</p>\\n  Reminder: <strong>Impossible</strong> means it cannot happen in our world given the laws of nature, but may happen in a fictional world (e.g., \\\"I painted the house with my mind.\\\"). </div>\",\"response\":0,\"stimulus_0\":\"unlocking a door using\",\"stimulus_1\":\"crushing a soda can using\",\"condition_0\":\"impossible\",\"condition_1\":\"improbable\",\"continuation_0\":\"a marshmallow\",\"continuation_1\":\"a chair\",\"id_0\":64,\"id_1\":20,\"context_0\":\"They do not have a key, so they are\",\"context_1\":\"They do not have a shoe, so they are\",\"task_type\":\"critical\",\"concept\":\"impossible\",\"trial_type\":\"html-button-response\",\"trial_index\":18,\"time_elapsed\":686807,\"internal_node_id\":\"0.0-1.0-0.14\",\"subject_id\":\"59836c8b06cd1f0001f8e111\",\"study_id\":\"67e2c7f5c9ee767149702482\",\"session_id\":\"67e2d19ef4c0ed548eba5259\",\"rng_seed\":\"0.9927268258906486\",\"response_label\":0,\"provided_context\":true},{\"rt\":12941,\"stimulus\":\"<div style=\\\"font-size:20px;\\\"><p>Which scenario is more impossible?</p>\\n  Reminder: <strong>Impossible</strong> means it cannot happen in our world given the laws of nature, but may happen in a fictional world (e.g., \\\"I painted the house with my mind.\\\"). </div>\",\"response\":0,\"stimulus_0\":\"hanging a painting using\",\"stimulus_1\":\"catching a fish in\",\"condition_0\":\"inconceivable\",\"condition_1\":\"improbable\",\"continuation_0\":\"a handshake\",\"continuation_1\":\"a puddle\",\"id_0\":36,\"id_1\":8,\"context_0\":\"They do not have screws, so they are\",\"context_1\":\"They are not near a lake, so they are\",\"task_type\":\"critical\",\"concept\":\"impossible\",\"trial_type\":\"html-button-response\",\"trial_index\":19,\"time_elapsed\":700337,\"internal_node_id\":\"0.0-1.0-0.15\",\"subject_id\":\"59836c8b06cd1f0001f8e111\",\"study_id\":\"67e2c7f5c9ee767149702482\",\"session_id\":\"67e2d19ef4c0ed548eba5259\",\"rng_seed\":\"0.9927268258906486\",\"response_label\":0,\"provided_context\":true},{\"rt\":4025,\"stimulus\":\"<div style=\\\"font-size:20px;\\\"><p>Follow the instructions below.</p></div>\",\"response\":0,\"stimulus_0\":\"hanging a painting using\",\"stimulus_1\":\"catching a fish in\",\"condition_0\":\"inconceivable\",\"condition_1\":\"improbable\",\"continuation_0\":\"a handshake\",\"continuation_1\":\"a puddle\",\"id_0\":36,\"id_1\":8,\"context_0\":\"They do not have screws, so they are\",\"context_1\":\"They are not near a lake, so they are\",\"task_type\":\"attention_check\",\"choices\":[\"Click This Button!\",\"Don't Click This Button!\"],\"trial_type\":\"html-button-response\",\"trial_index\":20,\"time_elapsed\":704364,\"internal_node_id\":\"0.0-1.0-1.15-0.15\",\"subject_id\":\"59836c8b06cd1f0001f8e111\",\"study_id\":\"67e2c7f5c9ee767149702482\",\"session_id\":\"67e2d19ef4c0ed548eba5259\",\"rng_seed\":\"0.9927268258906486\"},{\"rt\":55166,\"stimulus\":\"<div style=\\\"font-size:20px;\\\"><p>Which scenario is more impossible?</p>\\n  Reminder: <strong>Impossible</strong> means it cannot happen in our world given the laws of nature, but may happen in a fictional world (e.g., \\\"I painted the house with my mind.\\\"). </div>\",\"response\":1,\"stimulus_0\":\"filling a bucket with\",\"stimulus_1\":\"writing an equation on\",\"condition_0\":\"impossible\",\"condition_1\":\"inconceivable\",\"continuation_0\":\"buildings\",\"continuation_1\":\"a scream\",\"id_0\":33,\"id_1\":69,\"context_0\":\"They are not near sand, so they are\",\"context_1\":\"They do not have a chalkboard, so they are\",\"task_type\":\"critical\",\"concept\":\"impossible\",\"trial_type\":\"html-button-response\",\"trial_index\":21,\"time_elapsed\":759533,\"internal_node_id\":\"0.0-1.0-0.16\",\"subject_id\":\"59836c8b06cd1f0001f8e111\",\"study_id\":\"67e2c7f5c9ee767149702482\",\"session_id\":\"67e2d19ef4c0ed548eba5259\",\"rng_seed\":\"0.9927268258906486\",\"response_label\":1,\"provided_context\":true},{\"rt\":4992,\"stimulus\":\"<div style=\\\"font-size:20px;\\\"><p>Which scenario is more impossible?</p>\\n  Reminder: <strong>Impossible</strong> means it cannot happen in our world given the laws of nature, but may happen in a fictional world (e.g., \\\"I painted the house with my mind.\\\"). </div>\",\"response\":1,\"stimulus_0\":\"eating soup using\",\"stimulus_1\":\"cleaning a spill using\",\"condition_0\":\"improbable\",\"condition_1\":\"inconceivable\",\"continuation_0\":\"a bucket\",\"continuation_1\":\"a country\",\"id_0\":31,\"id_1\":11,\"context_0\":\"They do not have a spoon, so they are\",\"context_1\":\"They do not have a sponge, so they are\",\"task_type\":\"critical\",\"concept\":\"impossible\",\"trial_type\":\"html-button-response\",\"trial_index\":22,\"time_elapsed\":764528,\"internal_node_id\":\"0.0-1.0-0.17\",\"subject_id\":\"59836c8b06cd1f0001f8e111\",\"study_id\":\"67e2c7f5c9ee767149702482\",\"session_id\":\"67e2d19ef4c0ed548eba5259\",\"rng_seed\":\"0.9927268258906486\",\"response_label\":1,\"provided_context\":true},{\"rt\":5769,\"stimulus\":\"<div style=\\\"font-size:20px;\\\"><p>Which scenario is more impossible?</p>\\n  Reminder: <strong>Impossible</strong> means it cannot happen in our world given the laws of nature, but may happen in a fictional world (e.g., \\\"I painted the house with my mind.\\\"). </div>\",\"response\":1,\"stimulus_0\":\"squishing a blueberry using\",\"stimulus_1\":\"carrying groceries inside\",\"condition_0\":\"improbable\",\"condition_1\":\"improbable\",\"continuation_0\":\"[POSS] nose\",\"continuation_1\":\"a backpack\",\"id_0\":58,\"id_1\":6,\"context_0\":\"They do not have fingers, so they are\",\"context_1\":\"They do not have a tote bag, so they are\",\"task_type\":\"critical\",\"concept\":\"impossible\",\"trial_type\":\"html-button-response\",\"trial_index\":23,\"time_elapsed\":770301,\"internal_node_id\":\"0.0-1.0-0.18\",\"subject_id\":\"59836c8b06cd1f0001f8e111\",\"study_id\":\"67e2c7f5c9ee767149702482\",\"session_id\":\"67e2d19ef4c0ed548eba5259\",\"rng_seed\":\"0.9927268258906486\",\"response_label\":1,\"provided_context\":true},{\"rt\":6341,\"stimulus\":\"<div style=\\\"font-size:20px;\\\"><p>Which scenario is more impossible?</p>\\n  Reminder: <strong>Impossible</strong> means it cannot happen in our world given the laws of nature, but may happen in a fictional world (e.g., \\\"I painted the house with my mind.\\\"). </div>\",\"response\":0,\"stimulus_0\":\"crafting a bowl out of\",\"stimulus_1\":\"carrying groceries inside\",\"condition_0\":\"impossible\",\"condition_1\":\"improbable\",\"continuation_0\":\"smoke\",\"continuation_1\":\"a backpack\",\"id_0\":19,\"id_1\":6,\"context_0\":\"They do not have clay, so they are\",\"context_1\":\"They do not have a tote bag, so they are\",\"task_type\":\"critical\",\"concept\":\"impossible\",\"trial_type\":\"html-button-response\",\"trial_index\":24,\"time_elapsed\":776643,\"internal_node_id\":\"0.0-1.0-0.19\",\"subject_id\":\"59836c8b06cd1f0001f8e111\",\"study_id\":\"67e2c7f5c9ee767149702482\",\"session_id\":\"67e2d19ef4c0ed548eba5259\",\"rng_seed\":\"0.9927268258906486\",\"response_label\":0,\"provided_context\":true},{\"rt\":1360,\"stimulus\":\"<div style=\\\"font-size:20px;\\\"><p>Follow the instructions below.</p></div>\",\"response\":1,\"stimulus_0\":\"crafting a bowl out of\",\"stimulus_1\":\"carrying groceries inside\",\"condition_0\":\"impossible\",\"condition_1\":\"improbable\",\"continuation_0\":\"smoke\",\"continuation_1\":\"a backpack\",\"id_0\":19,\"id_1\":6,\"context_0\":\"They do not have clay, so they are\",\"context_1\":\"They do not have a tote bag, so they are\",\"task_type\":\"attention_check\",\"choices\":[\"Don't Click This Button!\",\"Click This Button!\"],\"trial_type\":\"html-button-response\",\"trial_index\":25,\"time_elapsed\":778007,\"internal_node_id\":\"0.0-1.0-1.19-0.19\",\"subject_id\":\"59836c8b06cd1f0001f8e111\",\"study_id\":\"67e2c7f5c9ee767149702482\",\"session_id\":\"67e2d19ef4c0ed548eba5259\",\"rng_seed\":\"0.9927268258906486\"},{\"rt\":16511,\"response\":{\"language\":\"english\",\"gender\":\"female\",\"feedback\":\"\"},\"trial_type\":\"survey-text\",\"trial_index\":26,\"time_elapsed\":794678,\"internal_node_id\":\"0.0-2.0\",\"subject_id\":\"59836c8b06cd1f0001f8e111\",\"study_id\":\"67e2c7f5c9ee767149702482\",\"session_id\":\"67e2d19ef4c0ed548eba5259\",\"rng_seed\":\"0.9927268258906486\",\"task_type\":\"survey\"},{\"success\":true,\"completion_time\":\"2025-03-25T16:11:38.905Z\",\"exp_type\":\"gesture-beat-expt-pilot\"}]",
    "dir_path": "data/experiment_2_pilot"
}