{
    "prolific_data": {
        "subject_id": "65aa80f84d7d702f526464ce",
        "study_id": "67e2c7f5c9ee767149702482",
        "session_id": "67e2d031bd99db012bec3ea3",
        "rng_seed": "0.5467484461481897"
    },
    "data": "[{\"rt\":6990,\"stimulus\":\"\\n  <div class=\\\"jspsych-content\\\" align=left style=\\\"width:100%;text-align: left;\\\">\\n  <h2>Hello, and welcome to our study!</h2>\\n      In this study, we will ask you to 25 questions.\\n      <p>\\n      In 20 of the questions, we will need your help deciding which statement is more <strong>nonsensical</strong>.\\n      </p>\\n      <strong>Nonsensical</strong> means it does not make sense due to some basic conceptual error (\\\"I painted the house with my number.\\\"). \\n      <p>\\n      The remaining questions will check to make sure that you are paying attention to the study.\\n      <p>\\n    <h3>IMPORTANT:</h3>\\n    <ul>\\n      <li>Respond as quickly as you can.</li>\\n      <li>Answer the questions based on what is possible given the physical laws of the real world.</li>\\n      <li>There are no right or wrong answers. We are simply interested in your intuitions.</li>\\n      </ul>\\n    Once you are done reading this page, please press SPACEBAR to continue.\\n    </p>\\n  </div>\\n  \",\"response\":\" \",\"trial_type\":\"html-keyboard-response\",\"trial_index\":0,\"time_elapsed\":6996,\"internal_node_id\":\"0.0-0.0\",\"subject_id\":\"65aa80f84d7d702f526464ce\",\"study_id\":\"67e2c7f5c9ee767149702482\",\"session_id\":\"67e2d031bd99db012bec3ea3\",\"rng_seed\":\"0.5467484461481897\"},{\"rt\":22829,\"stimulus\":\"<div style=\\\"font-size:20px;\\\"><p>Which scenario is more nonsensical?</p>\\n  Reminder: <strong>Nonsensical</strong> means it does not make sense due to some basic conceptual error (\\\"I painted the house with my number.\\\"). </div>\",\"response\":1,\"stimulus_0\":\"crafting a bowl out of\",\"stimulus_1\":\"painting a wall using\",\"condition_0\":\"impossible\",\"condition_1\":\"inconceivable\",\"continuation_0\":\"smoke\",\"continuation_1\":\"a whisper\",\"id_0\":19,\"id_1\":45,\"context_0\":\"They do not have clay, so they are\",\"context_1\":\"They do not have a brush, so they are\",\"task_type\":\"critical\",\"concept\":\"inconceivable\",\"trial_type\":\"html-button-response\",\"trial_index\":1,\"time_elapsed\":29826,\"internal_node_id\":\"0.0-1.0-0.0\",\"subject_id\":\"65aa80f84d7d702f526464ce\",\"study_id\":\"67e2c7f5c9ee767149702482\",\"session_id\":\"67e2d031bd99db012bec3ea3\",\"rng_seed\":\"0.5467484461481897\",\"response_label\":1,\"provided_context\":true},{\"rt\":12245,\"stimulus\":\"<div style=\\\"font-size:20px;\\\"><p>Which scenario is more nonsensical?</p>\\n  Reminder: <strong>Nonsensical</strong> means it does not make sense due to some basic conceptual error (\\\"I painted the house with my number.\\\"). </div>\",\"response\":0,\"stimulus_0\":\"writing an equation on\",\"stimulus_1\":\"polishing jewelry using\",\"condition_0\":\"inconceivable\",\"condition_1\":\"impossible\",\"continuation_0\":\"a scream\",\"continuation_1\":\"a chainsaw\",\"id_0\":69,\"id_1\":48,\"context_0\":\"They do not have a chalkboard, so they are\",\"context_1\":\"They do not have a cloth, so they are\",\"task_type\":\"critical\",\"concept\":\"inconceivable\",\"trial_type\":\"html-button-response\",\"trial_index\":2,\"time_elapsed\":42071,\"internal_node_id\":\"0.0-1.0-0.1\",\"subject_id\":\"65aa80f84d7d702f526464ce\",\"study_id\":\"67e2c7f5c9ee767149702482\",\"session_id\":\"67e2d031bd99db012bec3ea3\",\"rng_seed\":\"0.5467484461481897\",\"response_label\":0,\"provided_context\":true},{\"rt\":13755,\"stimulus\":\"<div style=\\\"font-size:20px;\\\"><p>Which scenario is more nonsensical?</p>\\n  Reminder: <strong>Nonsensical</strong> means it does not make sense due to some basic conceptual error (\\\"I painted the house with my number.\\\"). </div>\",\"response\":0,\"stimulus_0\":\"squishing a blueberry using\",\"stimulus_1\":\"denting a car with\",\"condition_0\":\"improbable\",\"condition_1\":\"improbable\",\"continuation_0\":\"[POSS] nose\",\"continuation_1\":\"a dumbbell\",\"id_0\":58,\"id_1\":23,\"context_0\":\"They do not have fingers, so they are\",\"context_1\":\"They do not have a baseball bat, so they are\",\"task_type\":\"critical\",\"concept\":\"inconceivable\",\"trial_type\":\"html-button-response\",\"trial_index\":3,\"time_elapsed\":55828,\"internal_node_id\":\"0.0-1.0-0.2\",\"subject_id\":\"65aa80f84d7d702f526464ce\",\"study_id\":\"67e2c7f5c9ee767149702482\",\"session_id\":\"67e2d031bd99db012bec3ea3\",\"rng_seed\":\"0.5467484461481897\",\"response_label\":0,\"provided_context\":true},{\"rt\":11345,\"stimulus\":\"<div style=\\\"font-size:20px;\\\"><p>Which scenario is more nonsensical?</p>\\n  Reminder: <strong>Nonsensical</strong> means it does not make sense due to some basic conceptual error (\\\"I painted the house with my number.\\\"). </div>\",\"response\":1,\"stimulus_0\":\"painting a wall using\",\"stimulus_1\":\"cooling a room using\",\"condition_0\":\"inconceivable\",\"condition_1\":\"inconceivable\",\"continuation_0\":\"a whisper\",\"continuation_1\":\"a taste\",\"id_0\":45,\"id_1\":17,\"context_0\":\"They do not have a brush, so they are\",\"context_1\":\"They do not have a fan, so they are\",\"task_type\":\"critical\",\"concept\":\"inconceivable\",\"trial_type\":\"html-button-response\",\"trial_index\":4,\"time_elapsed\":67174,\"internal_node_id\":\"0.0-1.0-0.3\",\"subject_id\":\"65aa80f84d7d702f526464ce\",\"study_id\":\"67e2c7f5c9ee767149702482\",\"session_id\":\"67e2d031bd99db012bec3ea3\",\"rng_seed\":\"0.5467484461481897\",\"response_label\":1,\"provided_context\":true},{\"rt\":6597,\"stimulus\":\"<div style=\\\"font-size:20px;\\\"><p>Follow the instructions below.</p></div>\",\"response\":0,\"stimulus_0\":\"painting a wall using\",\"stimulus_1\":\"cooling a room using\",\"condition_0\":\"inconceivable\",\"condition_1\":\"inconceivable\",\"continuation_0\":\"a whisper\",\"continuation_1\":\"a taste\",\"id_0\":45,\"id_1\":17,\"context_0\":\"They do not have a brush, so they are\",\"context_1\":\"They do not have a fan, so they are\",\"task_type\":\"attention_check\",\"choices\":[\"Click This Button!\",\"Don't Click This Button!\"],\"trial_type\":\"html-button-response\",\"trial_index\":5,\"time_elapsed\":73771,\"internal_node_id\":\"0.0-1.0-1.3-0.3\",\"subject_id\":\"65aa80f84d7d702f526464ce\",\"study_id\":\"67e2c7f5c9ee767149702482\",\"session_id\":\"67e2d031bd99db012bec3ea3\",\"rng_seed\":\"0.5467484461481897\"},{\"rt\":7463,\"stimulus\":\"<div style=\\\"font-size:20px;\\\"><p>Which scenario is more nonsensical?</p>\\n  Reminder: <strong>Nonsensical</strong> means it does not make sense due to some basic conceptual error (\\\"I painted the house with my number.\\\"). </div>\",\"response\":1,\"stimulus_0\":\"lighting a candle using\",\"stimulus_1\":\"plucking a hair using\",\"condition_0\":\"impossible\",\"condition_1\":\"inconceivable\",\"continuation_0\":\"yogurt\",\"continuation_1\":\"sympathy\",\"id_0\":39,\"id_1\":47,\"context_0\":\"They do not have a match, so they are\",\"context_1\":\"They do not have tweezers, so they are\",\"task_type\":\"critical\",\"concept\":\"inconceivable\",\"trial_type\":\"html-button-response\",\"trial_index\":6,\"time_elapsed\":81235,\"internal_node_id\":\"0.0-1.0-0.4\",\"subject_id\":\"65aa80f84d7d702f526464ce\",\"study_id\":\"67e2c7f5c9ee767149702482\",\"session_id\":\"67e2d031bd99db012bec3ea3\",\"rng_seed\":\"0.5467484461481897\",\"response_label\":1,\"provided_context\":true},{\"rt\":11173,\"stimulus\":\"<div style=\\\"font-size:20px;\\\"><p>Which scenario is more nonsensical?</p>\\n  Reminder: <strong>Nonsensical</strong> means it does not make sense due to some basic conceptual error (\\\"I painted the house with my number.\\\"). </div>\",\"response\":0,\"stimulus_0\":\"hanging a painting using\",\"stimulus_1\":\"taking a vacation to\",\"condition_0\":\"inconceivable\",\"condition_1\":\"impossible\",\"continuation_0\":\"a handshake\",\"continuation_1\":\"the sun\",\"id_0\":36,\"id_1\":61,\"context_0\":\"They do not have screws, so they are\",\"context_1\":\"They are not near the beach, so they are\",\"task_type\":\"critical\",\"concept\":\"inconceivable\",\"trial_type\":\"html-button-response\",\"trial_index\":7,\"time_elapsed\":92409,\"internal_node_id\":\"0.0-1.0-0.5\",\"subject_id\":\"65aa80f84d7d702f526464ce\",\"study_id\":\"67e2c7f5c9ee767149702482\",\"session_id\":\"67e2d031bd99db012bec3ea3\",\"rng_seed\":\"0.5467484461481897\",\"response_label\":0,\"provided_context\":true},{\"rt\":13141,\"stimulus\":\"<div style=\\\"font-size:20px;\\\"><p>Which scenario is more nonsensical?</p>\\n  Reminder: <strong>Nonsensical</strong> means it does not make sense due to some basic conceptual error (\\\"I painted the house with my number.\\\"). </div>\",\"response\":1,\"stimulus_0\":\"carrying groceries inside\",\"stimulus_1\":\"catching a fish in\",\"condition_0\":\"improbable\",\"condition_1\":\"improbable\",\"continuation_0\":\"a backpack\",\"continuation_1\":\"a puddle\",\"id_0\":6,\"id_1\":8,\"context_0\":\"They do not have a tote bag, so they are\",\"context_1\":\"They are not near a lake, so they are\",\"task_type\":\"critical\",\"concept\":\"inconceivable\",\"trial_type\":\"html-button-response\",\"trial_index\":8,\"time_elapsed\":105551,\"internal_node_id\":\"0.0-1.0-0.6\",\"subject_id\":\"65aa80f84d7d702f526464ce\",\"study_id\":\"67e2c7f5c9ee767149702482\",\"session_id\":\"67e2d031bd99db012bec3ea3\",\"rng_seed\":\"0.5467484461481897\",\"response_label\":1,\"provided_context\":true},{\"rt\":7283,\"stimulus\":\"<div style=\\\"font-size:20px;\\\"><p>Which scenario is more nonsensical?</p>\\n  Reminder: <strong>Nonsensical</strong> means it does not make sense due to some basic conceptual error (\\\"I painted the house with my number.\\\"). </div>\",\"response\":0,\"stimulus_0\":\"hanging a painting using\",\"stimulus_1\":\"carving a statue using\",\"condition_0\":\"inconceivable\",\"condition_1\":\"impossible\",\"continuation_0\":\"a handshake\",\"continuation_1\":\"a sock\",\"id_0\":36,\"id_1\":7,\"context_0\":\"They do not have screws, so they are\",\"context_1\":\"They do not have a chisel, so they are\",\"task_type\":\"critical\",\"concept\":\"inconceivable\",\"trial_type\":\"html-button-response\",\"trial_index\":9,\"time_elapsed\":112835,\"internal_node_id\":\"0.0-1.0-0.7\",\"subject_id\":\"65aa80f84d7d702f526464ce\",\"study_id\":\"67e2c7f5c9ee767149702482\",\"session_id\":\"67e2d031bd99db012bec3ea3\",\"rng_seed\":\"0.5467484461481897\",\"response_label\":0,\"provided_context\":true},{\"rt\":1955,\"stimulus\":\"<div style=\\\"font-size:20px;\\\"><p>Follow the instructions below.</p></div>\",\"response\":1,\"stimulus_0\":\"hanging a painting using\",\"stimulus_1\":\"carving a statue using\",\"condition_0\":\"inconceivable\",\"condition_1\":\"impossible\",\"continuation_0\":\"a handshake\",\"continuation_1\":\"a sock\",\"id_0\":36,\"id_1\":7,\"context_0\":\"They do not have screws, so they are\",\"context_1\":\"They do not have a chisel, so they are\",\"task_type\":\"attention_check\",\"choices\":[\"Don't Click This Button!\",\"Click This Button!\"],\"trial_type\":\"html-button-response\",\"trial_index\":10,\"time_elapsed\":114791,\"internal_node_id\":\"0.0-1.0-1.7-0.7\",\"subject_id\":\"65aa80f84d7d702f526464ce\",\"study_id\":\"67e2c7f5c9ee767149702482\",\"session_id\":\"67e2d031bd99db012bec3ea3\",\"rng_seed\":\"0.5467484461481897\"},{\"rt\":7357,\"stimulus\":\"<div style=\\\"font-size:20px;\\\"><p>Which scenario is more nonsensical?</p>\\n  Reminder: <strong>Nonsensical</strong> means it does not make sense due to some basic conceptual error (\\\"I painted the house with my number.\\\"). </div>\",\"response\":1,\"stimulus_0\":\"digging a hole using\",\"stimulus_1\":\"drinking a cup full of\",\"condition_0\":\"impossible\",\"condition_1\":\"inconceivable\",\"continuation_0\":\"dirt\",\"continuation_1\":\"minutes\",\"id_0\":24,\"id_1\":28,\"context_0\":\"They do not have a shovel, so they are\",\"context_1\":\"They do not have water, so they are\",\"task_type\":\"critical\",\"concept\":\"inconceivable\",\"trial_type\":\"html-button-response\",\"trial_index\":11,\"time_elapsed\":122149,\"internal_node_id\":\"0.0-1.0-0.8\",\"subject_id\":\"65aa80f84d7d702f526464ce\",\"study_id\":\"67e2c7f5c9ee767149702482\",\"session_id\":\"67e2d031bd99db012bec3ea3\",\"rng_seed\":\"0.5467484461481897\",\"response_label\":1,\"provided_context\":true},{\"rt\":5361,\"stimulus\":\"<div style=\\\"font-size:20px;\\\"><p>Which scenario is more nonsensical?</p>\\n  Reminder: <strong>Nonsensical</strong> means it does not make sense due to some basic conceptual error (\\\"I painted the house with my number.\\\"). </div>\",\"response\":0,\"stimulus_0\":\"hanging a painting using\",\"stimulus_1\":\"cooking dinner out of\",\"condition_0\":\"inconceivable\",\"condition_1\":\"impossible\",\"continuation_0\":\"a handshake\",\"continuation_1\":\"the moon\",\"id_0\":36,\"id_1\":16,\"context_0\":\"They do not have screws, so they are\",\"context_1\":\"They do not have pasta, so they are\",\"task_type\":\"critical\",\"concept\":\"inconceivable\",\"trial_type\":\"html-button-response\",\"trial_index\":12,\"time_elapsed\":127512,\"internal_node_id\":\"0.0-1.0-0.9\",\"subject_id\":\"65aa80f84d7d702f526464ce\",\"study_id\":\"67e2c7f5c9ee767149702482\",\"session_id\":\"67e2d031bd99db012bec3ea3\",\"rng_seed\":\"0.5467484461481897\",\"response_label\":0,\"provided_context\":true},{\"rt\":9859,\"stimulus\":\"<div style=\\\"font-size:20px;\\\"><p>Which scenario is more nonsensical?</p>\\n  Reminder: <strong>Nonsensical</strong> means it does not make sense due to some basic conceptual error (\\\"I painted the house with my number.\\\"). </div>\",\"response\":0,\"stimulus_0\":\"painting a wall using\",\"stimulus_1\":\"digging a hole using\",\"condition_0\":\"inconceivable\",\"condition_1\":\"impossible\",\"continuation_0\":\"a whisper\",\"continuation_1\":\"dirt\",\"id_0\":45,\"id_1\":24,\"context_0\":\"They do not have a brush, so they are\",\"context_1\":\"They do not have a shovel, so they are\",\"task_type\":\"critical\",\"concept\":\"inconceivable\",\"trial_type\":\"html-button-response\",\"trial_index\":13,\"time_elapsed\":137371,\"internal_node_id\":\"0.0-1.0-0.10\",\"subject_id\":\"65aa80f84d7d702f526464ce\",\"study_id\":\"67e2c7f5c9ee767149702482\",\"session_id\":\"67e2d031bd99db012bec3ea3\",\"rng_seed\":\"0.5467484461481897\",\"response_label\":0,\"provided_context\":true},{\"rt\":8977,\"stimulus\":\"<div style=\\\"font-size:20px;\\\"><p>Which scenario is more nonsensical?</p>\\n  Reminder: <strong>Nonsensical</strong> means it does not make sense due to some basic conceptual error (\\\"I painted the house with my number.\\\"). </div>\",\"response\":1,\"stimulus_0\":\"eating soup using\",\"stimulus_1\":\"unlocking a door using\",\"condition_0\":\"improbable\",\"condition_1\":\"impossible\",\"continuation_0\":\"a bucket\",\"continuation_1\":\"a marshmallow\",\"id_0\":31,\"id_1\":64,\"context_0\":\"They do not have a spoon, so they are\",\"context_1\":\"They do not have a key, so they are\",\"task_type\":\"critical\",\"concept\":\"inconceivable\",\"trial_type\":\"html-button-response\",\"trial_index\":14,\"time_elapsed\":146349,\"internal_node_id\":\"0.0-1.0-0.11\",\"subject_id\":\"65aa80f84d7d702f526464ce\",\"study_id\":\"67e2c7f5c9ee767149702482\",\"session_id\":\"67e2d031bd99db012bec3ea3\",\"rng_seed\":\"0.5467484461481897\",\"response_label\":1,\"provided_context\":true},{\"rt\":1424,\"stimulus\":\"<div style=\\\"font-size:20px;\\\"><p>Follow the instructions below.</p></div>\",\"response\":0,\"stimulus_0\":\"eating soup using\",\"stimulus_1\":\"unlocking a door using\",\"condition_0\":\"improbable\",\"condition_1\":\"impossible\",\"continuation_0\":\"a bucket\",\"continuation_1\":\"a marshmallow\",\"id_0\":31,\"id_1\":64,\"context_0\":\"They do not have a spoon, so they are\",\"context_1\":\"They do not have a key, so they are\",\"task_type\":\"attention_check\",\"choices\":[\"Click This Button!\",\"Don't Click This Button!\"],\"trial_type\":\"html-button-response\",\"trial_index\":15,\"time_elapsed\":147773,\"internal_node_id\":\"0.0-1.0-1.11-0.11\",\"subject_id\":\"65aa80f84d7d702f526464ce\",\"study_id\":\"67e2c7f5c9ee767149702482\",\"session_id\":\"67e2d031bd99db012bec3ea3\",\"rng_seed\":\"0.5467484461481897\"},{\"rt\":5212,\"stimulus\":\"<div style=\\\"font-size:20px;\\\"><p>Which scenario is more nonsensical?</p>\\n  Reminder: <strong>Nonsensical</strong> means it does not make sense due to some basic conceptual error (\\\"I painted the house with my number.\\\"). </div>\",\"response\":0,\"stimulus_0\":\"cleaning a spill using\",\"stimulus_1\":\"taking a vacation to\",\"condition_0\":\"inconceivable\",\"condition_1\":\"impossible\",\"continuation_0\":\"a country\",\"continuation_1\":\"the sun\",\"id_0\":11,\"id_1\":61,\"context_0\":\"They do not have a sponge, so they are\",\"context_1\":\"They are not near the beach, so they are\",\"task_type\":\"critical\",\"concept\":\"inconceivable\",\"trial_type\":\"html-button-response\",\"trial_index\":16,\"time_elapsed\":152985,\"internal_node_id\":\"0.0-1.0-0.12\",\"subject_id\":\"65aa80f84d7d702f526464ce\",\"study_id\":\"67e2c7f5c9ee767149702482\",\"session_id\":\"67e2d031bd99db012bec3ea3\",\"rng_seed\":\"0.5467484461481897\",\"response_label\":0,\"provided_context\":true},{\"rt\":3997,\"stimulus\":\"<div style=\\\"font-size:20px;\\\"><p>Which scenario is more nonsensical?</p>\\n  Reminder: <strong>Nonsensical</strong> means it does not make sense due to some basic conceptual error (\\\"I painted the house with my number.\\\"). </div>\",\"response\":1,\"stimulus_0\":\"denting a car with\",\"stimulus_1\":\"cutting cardboard using\",\"condition_0\":\"improbable\",\"condition_1\":\"inconceivable\",\"continuation_0\":\"a dumbbell\",\"continuation_1\":\"a snore\",\"id_0\":23,\"id_1\":22,\"context_0\":\"They do not have a baseball bat, so they are\",\"context_1\":\"They do not have scissors, so they are\",\"task_type\":\"critical\",\"concept\":\"inconceivable\",\"trial_type\":\"html-button-response\",\"trial_index\":17,\"time_elapsed\":156983,\"internal_node_id\":\"0.0-1.0-0.13\",\"subject_id\":\"65aa80f84d7d702f526464ce\",\"study_id\":\"67e2c7f5c9ee767149702482\",\"session_id\":\"67e2d031bd99db012bec3ea3\",\"rng_seed\":\"0.5467484461481897\",\"response_label\":1,\"provided_context\":true},{\"rt\":3779,\"stimulus\":\"<div style=\\\"font-size:20px;\\\"><p>Which scenario is more nonsensical?</p>\\n  Reminder: <strong>Nonsensical</strong> means it does not make sense due to some basic conceptual error (\\\"I painted the house with my number.\\\"). </div>\",\"response\":1,\"stimulus_0\":\"squishing a blueberry using\",\"stimulus_1\":\"cooking dinner out of\",\"condition_0\":\"improbable\",\"condition_1\":\"impossible\",\"continuation_0\":\"[POSS] nose\",\"continuation_1\":\"the moon\",\"id_0\":58,\"id_1\":16,\"context_0\":\"They do not have fingers, so they are\",\"context_1\":\"They do not have pasta, so they are\",\"task_type\":\"critical\",\"concept\":\"inconceivable\",\"trial_type\":\"html-button-response\",\"trial_index\":18,\"time_elapsed\":160763,\"internal_node_id\":\"0.0-1.0-0.14\",\"subject_id\":\"65aa80f84d7d702f526464ce\",\"study_id\":\"67e2c7f5c9ee767149702482\",\"session_id\":\"67e2d031bd99db012bec3ea3\",\"rng_seed\":\"0.5467484461481897\",\"response_label\":1,\"provided_context\":true},{\"rt\":8231,\"stimulus\":\"<div style=\\\"font-size:20px;\\\"><p>Which scenario is more nonsensical?</p>\\n  Reminder: <strong>Nonsensical</strong> means it does not make sense due to some basic conceptual error (\\\"I painted the house with my number.\\\"). </div>\",\"response\":0,\"stimulus_0\":\"carving a statue using\",\"stimulus_1\":\"packing a suit inside\",\"condition_0\":\"impossible\",\"condition_1\":\"improbable\",\"continuation_0\":\"a sock\",\"continuation_1\":\"a pocket\",\"id_0\":7,\"id_1\":44,\"context_0\":\"They do not have a chisel, so they are\",\"context_1\":\"They do not have a suitcase, so they are\",\"task_type\":\"critical\",\"concept\":\"inconceivable\",\"trial_type\":\"html-button-response\",\"trial_index\":19,\"time_elapsed\":168995,\"internal_node_id\":\"0.0-1.0-0.15\",\"subject_id\":\"65aa80f84d7d702f526464ce\",\"study_id\":\"67e2c7f5c9ee767149702482\",\"session_id\":\"67e2d031bd99db012bec3ea3\",\"rng_seed\":\"0.5467484461481897\",\"response_label\":0,\"provided_context\":true},{\"rt\":1096,\"stimulus\":\"<div style=\\\"font-size:20px;\\\"><p>Follow the instructions below.</p></div>\",\"response\":1,\"stimulus_0\":\"carving a statue using\",\"stimulus_1\":\"packing a suit inside\",\"condition_0\":\"impossible\",\"condition_1\":\"improbable\",\"continuation_0\":\"a sock\",\"continuation_1\":\"a pocket\",\"id_0\":7,\"id_1\":44,\"context_0\":\"They do not have a chisel, so they are\",\"context_1\":\"They do not have a suitcase, so they are\",\"task_type\":\"attention_check\",\"choices\":[\"Don't Click This Button!\",\"Click This Button!\"],\"trial_type\":\"html-button-response\",\"trial_index\":20,\"time_elapsed\":170091,\"internal_node_id\":\"0.0-1.0-1.15-0.15\",\"subject_id\":\"65aa80f84d7d702f526464ce\",\"study_id\":\"67e2c7f5c9ee767149702482\",\"session_id\":\"67e2d031bd99db012bec3ea3\",\"rng_seed\":\"0.5467484461481897\"},{\"rt\":4092,\"stimulus\":\"<div style=\\\"font-size:20px;\\\"><p>Which scenario is more nonsensical?</p>\\n  Reminder: <strong>Nonsensical</strong> means it does not make sense due to some basic conceptual error (\\\"I painted the house with my number.\\\"). </div>\",\"response\":0,\"stimulus_0\":\"cooling a room using\",\"stimulus_1\":\"denting a car with\",\"condition_0\":\"inconceivable\",\"condition_1\":\"improbable\",\"continuation_0\":\"a taste\",\"continuation_1\":\"a dumbbell\",\"id_0\":17,\"id_1\":23,\"context_0\":\"They do not have a fan, so they are\",\"context_1\":\"They do not have a baseball bat, so they are\",\"task_type\":\"critical\",\"concept\":\"inconceivable\",\"trial_type\":\"html-button-response\",\"trial_index\":21,\"time_elapsed\":174183,\"internal_node_id\":\"0.0-1.0-0.16\",\"subject_id\":\"65aa80f84d7d702f526464ce\",\"study_id\":\"67e2c7f5c9ee767149702482\",\"session_id\":\"67e2d031bd99db012bec3ea3\",\"rng_seed\":\"0.5467484461481897\",\"response_label\":0,\"provided_context\":true},{\"rt\":3717,\"stimulus\":\"<div style=\\\"font-size:20px;\\\"><p>Which scenario is more nonsensical?</p>\\n  Reminder: <strong>Nonsensical</strong> means it does not make sense due to some basic conceptual error (\\\"I painted the house with my number.\\\"). </div>\",\"response\":1,\"stimulus_0\":\"carrying groceries inside\",\"stimulus_1\":\"plucking a hair using\",\"condition_0\":\"improbable\",\"condition_1\":\"inconceivable\",\"continuation_0\":\"a backpack\",\"continuation_1\":\"sympathy\",\"id_0\":6,\"id_1\":47,\"context_0\":\"They do not have a tote bag, so they are\",\"context_1\":\"They do not have tweezers, so they are\",\"task_type\":\"critical\",\"concept\":\"inconceivable\",\"trial_type\":\"html-button-response\",\"trial_index\":22,\"time_elapsed\":177901,\"internal_node_id\":\"0.0-1.0-0.17\",\"subject_id\":\"65aa80f84d7d702f526464ce\",\"study_id\":\"67e2c7f5c9ee767149702482\",\"session_id\":\"67e2d031bd99db012bec3ea3\",\"rng_seed\":\"0.5467484461481897\",\"response_label\":1,\"provided_context\":true},{\"rt\":3691,\"stimulus\":\"<div style=\\\"font-size:20px;\\\"><p>Which scenario is more nonsensical?</p>\\n  Reminder: <strong>Nonsensical</strong> means it does not make sense due to some basic conceptual error (\\\"I painted the house with my number.\\\"). </div>\",\"response\":0,\"stimulus_0\":\"drinking a cup full of\",\"stimulus_1\":\"denting a car with\",\"condition_0\":\"inconceivable\",\"condition_1\":\"improbable\",\"continuation_0\":\"minutes\",\"continuation_1\":\"a dumbbell\",\"id_0\":28,\"id_1\":23,\"context_0\":\"They do not have water, so they are\",\"context_1\":\"They do not have a baseball bat, so they are\",\"task_type\":\"critical\",\"concept\":\"inconceivable\",\"trial_type\":\"html-button-response\",\"trial_index\":23,\"time_elapsed\":181593,\"internal_node_id\":\"0.0-1.0-0.18\",\"subject_id\":\"65aa80f84d7d702f526464ce\",\"study_id\":\"67e2c7f5c9ee767149702482\",\"session_id\":\"67e2d031bd99db012bec3ea3\",\"rng_seed\":\"0.5467484461481897\",\"response_label\":0,\"provided_context\":true},{\"rt\":4711,\"stimulus\":\"<div style=\\\"font-size:20px;\\\"><p>Which scenario is more nonsensical?</p>\\n  Reminder: <strong>Nonsensical</strong> means it does not make sense due to some basic conceptual error (\\\"I painted the house with my number.\\\"). </div>\",\"response\":1,\"stimulus_0\":\"polishing jewelry using\",\"stimulus_1\":\"cooling a room using\",\"condition_0\":\"impossible\",\"condition_1\":\"inconceivable\",\"continuation_0\":\"a chainsaw\",\"continuation_1\":\"a taste\",\"id_0\":48,\"id_1\":17,\"context_0\":\"They do not have a cloth, so they are\",\"context_1\":\"They do not have a fan, so they are\",\"task_type\":\"critical\",\"concept\":\"inconceivable\",\"trial_type\":\"html-button-response\",\"trial_index\":24,\"time_elapsed\":186305,\"internal_node_id\":\"0.0-1.0-0.19\",\"subject_id\":\"65aa80f84d7d702f526464ce\",\"study_id\":\"67e2c7f5c9ee767149702482\",\"session_id\":\"67e2d031bd99db012bec3ea3\",\"rng_seed\":\"0.5467484461481897\",\"response_label\":1,\"provided_context\":true},{\"rt\":993,\"stimulus\":\"<div style=\\\"font-size:20px;\\\"><p>Follow the instructions below.</p></div>\",\"response\":1,\"stimulus_0\":\"polishing jewelry using\",\"stimulus_1\":\"cooling a room using\",\"condition_0\":\"impossible\",\"condition_1\":\"inconceivable\",\"continuation_0\":\"a chainsaw\",\"continuation_1\":\"a taste\",\"id_0\":48,\"id_1\":17,\"context_0\":\"They do not have a cloth, so they are\",\"context_1\":\"They do not have a fan, so they are\",\"task_type\":\"attention_check\",\"choices\":[\"Don't Click This Button!\",\"Click This Button!\"],\"trial_type\":\"html-button-response\",\"trial_index\":25,\"time_elapsed\":187299,\"internal_node_id\":\"0.0-1.0-1.19-0.19\",\"subject_id\":\"65aa80f84d7d702f526464ce\",\"study_id\":\"67e2c7f5c9ee767149702482\",\"session_id\":\"67e2d031bd99db012bec3ea3\",\"rng_seed\":\"0.5467484461481897\"},{\"rt\":10615,\"response\":{\"language\":\"English\",\"gender\":\"Female\",\"feedback\":\"\"},\"trial_type\":\"survey-text\",\"trial_index\":26,\"time_elapsed\":197920,\"internal_node_id\":\"0.0-2.0\",\"subject_id\":\"65aa80f84d7d702f526464ce\",\"study_id\":\"67e2c7f5c9ee767149702482\",\"session_id\":\"67e2d031bd99db012bec3ea3\",\"rng_seed\":\"0.5467484461481897\",\"task_type\":\"survey\"},{\"success\":true,\"completion_time\":\"2025-03-25T15:53:37.628Z\",\"exp_type\":\"gesture-beat-expt-pilot\"}]",
    "dir_path": "data/experiment_2_pilot"
}