{
    "prolific_data": {
        "subject_id": "67ad04c4a0bbf36d88abf535",
        "study_id": "67e2c7f5c9ee767149702482",
        "session_id": "67e2d67dd2cb3080f20986c2",
        "rng_seed": "0.12764429210362138"
    },
    "data": "[{\"rt\":26783,\"stimulus\":\"\\n  <div class=\\\"jspsych-content\\\" align=left style=\\\"width:100%;text-align: left;\\\">\\n  <h2>Hello, and welcome to our study!</h2>\\n      In this study, we will ask you to 25 questions.\\n      <p>\\n      In 20 of the questions, we will need your help deciding which statement is more <strong>impossible</strong>.\\n      </p>\\n      <strong>Impossible</strong> means it cannot happen in our world given the laws of nature, but may happen in a fictional world (e.g., \\\"I painted the house with my mind.\\\"). \\n      <p>\\n      The remaining questions will check to make sure that you are paying attention to the study.\\n      <p>\\n    <h3>IMPORTANT:</h3>\\n    <ul>\\n      <li>Respond as quickly as you can.</li>\\n      <li>Answer the questions based on what is possible given the physical laws of the real world.</li>\\n      <li>There are no right or wrong answers. We are simply interested in your intuitions.</li>\\n      </ul>\\n    Once you are done reading this page, please press SPACEBAR to continue.\\n    </p>\\n  </div>\\n  \",\"response\":\" \",\"trial_type\":\"html-keyboard-response\",\"trial_index\":0,\"time_elapsed\":26787,\"internal_node_id\":\"0.0-0.0\",\"subject_id\":\"67ad04c4a0bbf36d88abf535\",\"study_id\":\"67e2c7f5c9ee767149702482\",\"session_id\":\"67e2d67dd2cb3080f20986c2\",\"rng_seed\":\"0.12764429210362138\"},{\"rt\":23149,\"stimulus\":\"<div style=\\\"font-size:20px;\\\"><p>Which scenario is more impossible?</p>\\n  Reminder: <strong>Impossible</strong> means it cannot happen in our world given the laws of nature, but may happen in a fictional world (e.g., \\\"I painted the house with my mind.\\\"). </div>\",\"response\":1,\"stimulus_0\":\"writing an equation on\",\"stimulus_1\":\"shattering a window using\",\"condition_0\":\"inconceivable\",\"condition_1\":\"impossible\",\"continuation_0\":\"a scream\",\"continuation_1\":\"confetti\",\"id_0\":69,\"id_1\":53,\"context_0\":\"They do not have a chalkboard, so they are\",\"context_1\":\"They do not have a stone, so they are\",\"task_type\":\"critical\",\"concept\":\"impossible\",\"trial_type\":\"html-button-response\",\"trial_index\":1,\"time_elapsed\":49938,\"internal_node_id\":\"0.0-1.0-0.0\",\"subject_id\":\"67ad04c4a0bbf36d88abf535\",\"study_id\":\"67e2c7f5c9ee767149702482\",\"session_id\":\"67e2d67dd2cb3080f20986c2\",\"rng_seed\":\"0.12764429210362138\",\"response_label\":1,\"provided_context\":true},{\"rt\":27392,\"stimulus\":\"<div style=\\\"font-size:20px;\\\"><p>Which scenario is more impossible?</p>\\n  Reminder: <strong>Impossible</strong> means it cannot happen in our world given the laws of nature, but may happen in a fictional world (e.g., \\\"I painted the house with my mind.\\\"). </div>\",\"response\":1,\"stimulus_0\":\"cutting cardboard using\",\"stimulus_1\":\"painting a wall using\",\"condition_0\":\"inconceivable\",\"condition_1\":\"inconceivable\",\"continuation_0\":\"a snore\",\"continuation_1\":\"a whisper\",\"id_0\":22,\"id_1\":45,\"context_0\":\"They do not have scissors, so they are\",\"context_1\":\"They do not have a brush, so they are\",\"task_type\":\"critical\",\"concept\":\"impossible\",\"trial_type\":\"html-button-response\",\"trial_index\":2,\"time_elapsed\":77331,\"internal_node_id\":\"0.0-1.0-0.1\",\"subject_id\":\"67ad04c4a0bbf36d88abf535\",\"study_id\":\"67e2c7f5c9ee767149702482\",\"session_id\":\"67e2d67dd2cb3080f20986c2\",\"rng_seed\":\"0.12764429210362138\",\"response_label\":1,\"provided_context\":true},{\"rt\":20363,\"stimulus\":\"<div style=\\\"font-size:20px;\\\"><p>Which scenario is more impossible?</p>\\n  Reminder: <strong>Impossible</strong> means it cannot happen in our world given the laws of nature, but may happen in a fictional world (e.g., \\\"I painted the house with my mind.\\\"). </div>\",\"response\":0,\"stimulus_0\":\"painting a wall using\",\"stimulus_1\":\"hanging a painting using\",\"condition_0\":\"inconceivable\",\"condition_1\":\"inconceivable\",\"continuation_0\":\"a whisper\",\"continuation_1\":\"a handshake\",\"id_0\":45,\"id_1\":36,\"context_0\":\"They do not have a brush, so they are\",\"context_1\":\"They do not have screws, so they are\",\"task_type\":\"critical\",\"concept\":\"impossible\",\"trial_type\":\"html-button-response\",\"trial_index\":3,\"time_elapsed\":97695,\"internal_node_id\":\"0.0-1.0-0.2\",\"subject_id\":\"67ad04c4a0bbf36d88abf535\",\"study_id\":\"67e2c7f5c9ee767149702482\",\"session_id\":\"67e2d67dd2cb3080f20986c2\",\"rng_seed\":\"0.12764429210362138\",\"response_label\":0,\"provided_context\":true},{\"rt\":10598,\"stimulus\":\"<div style=\\\"font-size:20px;\\\"><p>Which scenario is more impossible?</p>\\n  Reminder: <strong>Impossible</strong> means it cannot happen in our world given the laws of nature, but may happen in a fictional world (e.g., \\\"I painted the house with my mind.\\\"). </div>\",\"response\":0,\"stimulus_0\":\"cutting cardboard using\",\"stimulus_1\":\"shattering a window using\",\"condition_0\":\"inconceivable\",\"condition_1\":\"impossible\",\"continuation_0\":\"a snore\",\"continuation_1\":\"confetti\",\"id_0\":22,\"id_1\":53,\"context_0\":\"They do not have scissors, so they are\",\"context_1\":\"They do not have a stone, so they are\",\"task_type\":\"critical\",\"concept\":\"impossible\",\"trial_type\":\"html-button-response\",\"trial_index\":4,\"time_elapsed\":108294,\"internal_node_id\":\"0.0-1.0-0.3\",\"subject_id\":\"67ad04c4a0bbf36d88abf535\",\"study_id\":\"67e2c7f5c9ee767149702482\",\"session_id\":\"67e2d67dd2cb3080f20986c2\",\"rng_seed\":\"0.12764429210362138\",\"response_label\":0,\"provided_context\":true},{\"rt\":2724,\"stimulus\":\"<div style=\\\"font-size:20px;\\\"><p>Follow the instructions below.</p></div>\",\"response\":1,\"stimulus_0\":\"cutting cardboard using\",\"stimulus_1\":\"shattering a window using\",\"condition_0\":\"inconceivable\",\"condition_1\":\"impossible\",\"continuation_0\":\"a snore\",\"continuation_1\":\"confetti\",\"id_0\":22,\"id_1\":53,\"context_0\":\"They do not have scissors, so they are\",\"context_1\":\"They do not have a stone, so they are\",\"task_type\":\"attention_check\",\"choices\":[\"Don't Click This Button!\",\"Click This Button!\"],\"trial_type\":\"html-button-response\",\"trial_index\":5,\"time_elapsed\":111018,\"internal_node_id\":\"0.0-1.0-1.3-0.3\",\"subject_id\":\"67ad04c4a0bbf36d88abf535\",\"study_id\":\"67e2c7f5c9ee767149702482\",\"session_id\":\"67e2d67dd2cb3080f20986c2\",\"rng_seed\":\"0.12764429210362138\"},{\"rt\":35316,\"stimulus\":\"<div style=\\\"font-size:20px;\\\"><p>Which scenario is more impossible?</p>\\n  Reminder: <strong>Impossible</strong> means it cannot happen in our world given the laws of nature, but may happen in a fictional world (e.g., \\\"I painted the house with my mind.\\\"). </div>\",\"response\":0,\"stimulus_0\":\"digging a hole using\",\"stimulus_1\":\"unlocking a door using\",\"condition_0\":\"impossible\",\"condition_1\":\"impossible\",\"continuation_0\":\"dirt\",\"continuation_1\":\"a marshmallow\",\"id_0\":24,\"id_1\":64,\"context_0\":\"They do not have a shovel, so they are\",\"context_1\":\"They do not have a key, so they are\",\"task_type\":\"critical\",\"concept\":\"impossible\",\"trial_type\":\"html-button-response\",\"trial_index\":6,\"time_elapsed\":146335,\"internal_node_id\":\"0.0-1.0-0.4\",\"subject_id\":\"67ad04c4a0bbf36d88abf535\",\"study_id\":\"67e2c7f5c9ee767149702482\",\"session_id\":\"67e2d67dd2cb3080f20986c2\",\"rng_seed\":\"0.12764429210362138\",\"response_label\":0,\"provided_context\":true},{\"rt\":10666,\"stimulus\":\"<div style=\\\"font-size:20px;\\\"><p>Which scenario is more impossible?</p>\\n  Reminder: <strong>Impossible</strong> means it cannot happen in our world given the laws of nature, but may happen in a fictional world (e.g., \\\"I painted the house with my mind.\\\"). </div>\",\"response\":1,\"stimulus_0\":\"taking a vacation to\",\"stimulus_1\":\"drinking a cup full of\",\"condition_0\":\"impossible\",\"condition_1\":\"inconceivable\",\"continuation_0\":\"the sun\",\"continuation_1\":\"minutes\",\"id_0\":61,\"id_1\":28,\"context_0\":\"They are not near the beach, so they are\",\"context_1\":\"They do not have water, so they are\",\"task_type\":\"critical\",\"concept\":\"impossible\",\"trial_type\":\"html-button-response\",\"trial_index\":7,\"time_elapsed\":157001,\"internal_node_id\":\"0.0-1.0-0.5\",\"subject_id\":\"67ad04c4a0bbf36d88abf535\",\"study_id\":\"67e2c7f5c9ee767149702482\",\"session_id\":\"67e2d67dd2cb3080f20986c2\",\"rng_seed\":\"0.12764429210362138\",\"response_label\":1,\"provided_context\":true},{\"rt\":6672,\"stimulus\":\"<div style=\\\"font-size:20px;\\\"><p>Which scenario is more impossible?</p>\\n  Reminder: <strong>Impossible</strong> means it cannot happen in our world given the laws of nature, but may happen in a fictional world (e.g., \\\"I painted the house with my mind.\\\"). </div>\",\"response\":0,\"stimulus_0\":\"drinking a cup full of\",\"stimulus_1\":\"shattering a window using\",\"condition_0\":\"inconceivable\",\"condition_1\":\"impossible\",\"continuation_0\":\"minutes\",\"continuation_1\":\"confetti\",\"id_0\":28,\"id_1\":53,\"context_0\":\"They do not have water, so they are\",\"context_1\":\"They do not have a stone, so they are\",\"task_type\":\"critical\",\"concept\":\"impossible\",\"trial_type\":\"html-button-response\",\"trial_index\":8,\"time_elapsed\":163673,\"internal_node_id\":\"0.0-1.0-0.6\",\"subject_id\":\"67ad04c4a0bbf36d88abf535\",\"study_id\":\"67e2c7f5c9ee767149702482\",\"session_id\":\"67e2d67dd2cb3080f20986c2\",\"rng_seed\":\"0.12764429210362138\",\"response_label\":0,\"provided_context\":true},{\"rt\":16739,\"stimulus\":\"<div style=\\\"font-size:20px;\\\"><p>Which scenario is more impossible?</p>\\n  Reminder: <strong>Impossible</strong> means it cannot happen in our world given the laws of nature, but may happen in a fictional world (e.g., \\\"I painted the house with my mind.\\\"). </div>\",\"response\":1,\"stimulus_0\":\"building a bridge out of\",\"stimulus_1\":\"filling a bucket with\",\"condition_0\":\"improbable\",\"condition_1\":\"impossible\",\"continuation_0\":\"plastic\",\"continuation_1\":\"buildings\",\"id_0\":4,\"id_1\":33,\"context_0\":\"They do not have any steel, so they are\",\"context_1\":\"They are not near sand, so they are\",\"task_type\":\"critical\",\"concept\":\"impossible\",\"trial_type\":\"html-button-response\",\"trial_index\":9,\"time_elapsed\":180413,\"internal_node_id\":\"0.0-1.0-0.7\",\"subject_id\":\"67ad04c4a0bbf36d88abf535\",\"study_id\":\"67e2c7f5c9ee767149702482\",\"session_id\":\"67e2d67dd2cb3080f20986c2\",\"rng_seed\":\"0.12764429210362138\",\"response_label\":1,\"provided_context\":true},{\"rt\":2001,\"stimulus\":\"<div style=\\\"font-size:20px;\\\"><p>Follow the instructions below.</p></div>\",\"response\":1,\"stimulus_0\":\"building a bridge out of\",\"stimulus_1\":\"filling a bucket with\",\"condition_0\":\"improbable\",\"condition_1\":\"impossible\",\"continuation_0\":\"plastic\",\"continuation_1\":\"buildings\",\"id_0\":4,\"id_1\":33,\"context_0\":\"They do not have any steel, so they are\",\"context_1\":\"They are not near sand, so they are\",\"task_type\":\"attention_check\",\"choices\":[\"Don't Click This Button!\",\"Click This Button!\"],\"trial_type\":\"html-button-response\",\"trial_index\":10,\"time_elapsed\":182415,\"internal_node_id\":\"0.0-1.0-1.7-0.7\",\"subject_id\":\"67ad04c4a0bbf36d88abf535\",\"study_id\":\"67e2c7f5c9ee767149702482\",\"session_id\":\"67e2d67dd2cb3080f20986c2\",\"rng_seed\":\"0.12764429210362138\"},{\"rt\":10566,\"stimulus\":\"<div style=\\\"font-size:20px;\\\"><p>Which scenario is more impossible?</p>\\n  Reminder: <strong>Impossible</strong> means it cannot happen in our world given the laws of nature, but may happen in a fictional world (e.g., \\\"I painted the house with my mind.\\\"). </div>\",\"response\":1,\"stimulus_0\":\"eating soup using\",\"stimulus_1\":\"shattering a window using\",\"condition_0\":\"improbable\",\"condition_1\":\"impossible\",\"continuation_0\":\"a bucket\",\"continuation_1\":\"confetti\",\"id_0\":31,\"id_1\":53,\"context_0\":\"They do not have a spoon, so they are\",\"context_1\":\"They do not have a stone, so they are\",\"task_type\":\"critical\",\"concept\":\"impossible\",\"trial_type\":\"html-button-response\",\"trial_index\":11,\"time_elapsed\":192981,\"internal_node_id\":\"0.0-1.0-0.8\",\"subject_id\":\"67ad04c4a0bbf36d88abf535\",\"study_id\":\"67e2c7f5c9ee767149702482\",\"session_id\":\"67e2d67dd2cb3080f20986c2\",\"rng_seed\":\"0.12764429210362138\",\"response_label\":1,\"provided_context\":true},{\"rt\":23786,\"stimulus\":\"<div style=\\\"font-size:20px;\\\"><p>Which scenario is more impossible?</p>\\n  Reminder: <strong>Impossible</strong> means it cannot happen in our world given the laws of nature, but may happen in a fictional world (e.g., \\\"I painted the house with my mind.\\\"). </div>\",\"response\":1,\"stimulus_0\":\"packing a suit inside\",\"stimulus_1\":\"sewing a shirt using\",\"condition_0\":\"improbable\",\"condition_1\":\"improbable\",\"continuation_0\":\"a pocket\",\"continuation_1\":\"a toothpick\",\"id_0\":44,\"id_1\":52,\"context_0\":\"They do not have a suitcase, so they are\",\"context_1\":\"They do not have a needle, so they are\",\"task_type\":\"critical\",\"concept\":\"impossible\",\"trial_type\":\"html-button-response\",\"trial_index\":12,\"time_elapsed\":216768,\"internal_node_id\":\"0.0-1.0-0.9\",\"subject_id\":\"67ad04c4a0bbf36d88abf535\",\"study_id\":\"67e2c7f5c9ee767149702482\",\"session_id\":\"67e2d67dd2cb3080f20986c2\",\"rng_seed\":\"0.12764429210362138\",\"response_label\":1,\"provided_context\":true},{\"rt\":6546,\"stimulus\":\"<div style=\\\"font-size:20px;\\\"><p>Which scenario is more impossible?</p>\\n  Reminder: <strong>Impossible</strong> means it cannot happen in our world given the laws of nature, but may happen in a fictional world (e.g., \\\"I painted the house with my mind.\\\"). </div>\",\"response\":0,\"stimulus_0\":\"baking a cake inside\",\"stimulus_1\":\"squishing a blueberry using\",\"condition_0\":\"inconceivable\",\"condition_1\":\"improbable\",\"continuation_0\":\"a sigh\",\"continuation_1\":\"[POSS] nose\",\"id_0\":0,\"id_1\":58,\"context_0\":\"They do not have an oven, so they are\",\"context_1\":\"They do not have fingers, so they are\",\"task_type\":\"critical\",\"concept\":\"impossible\",\"trial_type\":\"html-button-response\",\"trial_index\":13,\"time_elapsed\":223315,\"internal_node_id\":\"0.0-1.0-0.10\",\"subject_id\":\"67ad04c4a0bbf36d88abf535\",\"study_id\":\"67e2c7f5c9ee767149702482\",\"session_id\":\"67e2d67dd2cb3080f20986c2\",\"rng_seed\":\"0.12764429210362138\",\"response_label\":0,\"provided_context\":true},{\"rt\":6442,\"stimulus\":\"<div style=\\\"font-size:20px;\\\"><p>Which scenario is more impossible?</p>\\n  Reminder: <strong>Impossible</strong> means it cannot happen in our world given the laws of nature, but may happen in a fictional world (e.g., \\\"I painted the house with my mind.\\\"). </div>\",\"response\":0,\"stimulus_0\":\"packing a suit inside\",\"stimulus_1\":\"drying laundry using\",\"condition_0\":\"improbable\",\"condition_1\":\"improbable\",\"continuation_0\":\"a pocket\",\"continuation_1\":\"a fan\",\"id_0\":44,\"id_1\":30,\"context_0\":\"They do not have a suitcase, so they are\",\"context_1\":\"They do not have a clothesline, so they are\",\"task_type\":\"critical\",\"concept\":\"impossible\",\"trial_type\":\"html-button-response\",\"trial_index\":14,\"time_elapsed\":229757,\"internal_node_id\":\"0.0-1.0-0.11\",\"subject_id\":\"67ad04c4a0bbf36d88abf535\",\"study_id\":\"67e2c7f5c9ee767149702482\",\"session_id\":\"67e2d67dd2cb3080f20986c2\",\"rng_seed\":\"0.12764429210362138\",\"response_label\":0,\"provided_context\":true},{\"rt\":1240,\"stimulus\":\"<div style=\\\"font-size:20px;\\\"><p>Follow the instructions below.</p></div>\",\"response\":1,\"stimulus_0\":\"packing a suit inside\",\"stimulus_1\":\"drying laundry using\",\"condition_0\":\"improbable\",\"condition_1\":\"improbable\",\"continuation_0\":\"a pocket\",\"continuation_1\":\"a fan\",\"id_0\":44,\"id_1\":30,\"context_0\":\"They do not have a suitcase, so they are\",\"context_1\":\"They do not have a clothesline, so they are\",\"task_type\":\"attention_check\",\"choices\":[\"Don't Click This Button!\",\"Click This Button!\"],\"trial_type\":\"html-button-response\",\"trial_index\":15,\"time_elapsed\":230998,\"internal_node_id\":\"0.0-1.0-1.11-0.11\",\"subject_id\":\"67ad04c4a0bbf36d88abf535\",\"study_id\":\"67e2c7f5c9ee767149702482\",\"session_id\":\"67e2d67dd2cb3080f20986c2\",\"rng_seed\":\"0.12764429210362138\"},{\"rt\":8582,\"stimulus\":\"<div style=\\\"font-size:20px;\\\"><p>Which scenario is more impossible?</p>\\n  Reminder: <strong>Impossible</strong> means it cannot happen in our world given the laws of nature, but may happen in a fictional world (e.g., \\\"I painted the house with my mind.\\\"). </div>\",\"response\":0,\"stimulus_0\":\"cooling a room using\",\"stimulus_1\":\"filling a bucket with\",\"condition_0\":\"inconceivable\",\"condition_1\":\"impossible\",\"continuation_0\":\"a taste\",\"continuation_1\":\"buildings\",\"id_0\":17,\"id_1\":33,\"context_0\":\"They do not have a fan, so they are\",\"context_1\":\"They are not near sand, so they are\",\"task_type\":\"critical\",\"concept\":\"impossible\",\"trial_type\":\"html-button-response\",\"trial_index\":16,\"time_elapsed\":239580,\"internal_node_id\":\"0.0-1.0-0.12\",\"subject_id\":\"67ad04c4a0bbf36d88abf535\",\"study_id\":\"67e2c7f5c9ee767149702482\",\"session_id\":\"67e2d67dd2cb3080f20986c2\",\"rng_seed\":\"0.12764429210362138\",\"response_label\":0,\"provided_context\":true},{\"rt\":8558,\"stimulus\":\"<div style=\\\"font-size:20px;\\\"><p>Which scenario is more impossible?</p>\\n  Reminder: <strong>Impossible</strong> means it cannot happen in our world given the laws of nature, but may happen in a fictional world (e.g., \\\"I painted the house with my mind.\\\"). </div>\",\"response\":0,\"stimulus_0\":\"crafting a bowl out of\",\"stimulus_1\":\"carving a statue using\",\"condition_0\":\"impossible\",\"condition_1\":\"impossible\",\"continuation_0\":\"smoke\",\"continuation_1\":\"a sock\",\"id_0\":19,\"id_1\":7,\"context_0\":\"They do not have clay, so they are\",\"context_1\":\"They do not have a chisel, so they are\",\"task_type\":\"critical\",\"concept\":\"impossible\",\"trial_type\":\"html-button-response\",\"trial_index\":17,\"time_elapsed\":248139,\"internal_node_id\":\"0.0-1.0-0.13\",\"subject_id\":\"67ad04c4a0bbf36d88abf535\",\"study_id\":\"67e2c7f5c9ee767149702482\",\"session_id\":\"67e2d67dd2cb3080f20986c2\",\"rng_seed\":\"0.12764429210362138\",\"response_label\":0,\"provided_context\":true},{\"rt\":6857,\"stimulus\":\"<div style=\\\"font-size:20px;\\\"><p>Which scenario is more impossible?</p>\\n  Reminder: <strong>Impossible</strong> means it cannot happen in our world given the laws of nature, but may happen in a fictional world (e.g., \\\"I painted the house with my mind.\\\"). </div>\",\"response\":0,\"stimulus_0\":\"cutting cardboard using\",\"stimulus_1\":\"digging a hole using\",\"condition_0\":\"inconceivable\",\"condition_1\":\"impossible\",\"continuation_0\":\"a snore\",\"continuation_1\":\"dirt\",\"id_0\":22,\"id_1\":24,\"context_0\":\"They do not have scissors, so they are\",\"context_1\":\"They do not have a shovel, so they are\",\"task_type\":\"critical\",\"concept\":\"impossible\",\"trial_type\":\"html-button-response\",\"trial_index\":18,\"time_elapsed\":254997,\"internal_node_id\":\"0.0-1.0-0.14\",\"subject_id\":\"67ad04c4a0bbf36d88abf535\",\"study_id\":\"67e2c7f5c9ee767149702482\",\"session_id\":\"67e2d67dd2cb3080f20986c2\",\"rng_seed\":\"0.12764429210362138\",\"response_label\":0,\"provided_context\":true},{\"rt\":8280,\"stimulus\":\"<div style=\\\"font-size:20px;\\\"><p>Which scenario is more impossible?</p>\\n  Reminder: <strong>Impossible</strong> means it cannot happen in our world given the laws of nature, but may happen in a fictional world (e.g., \\\"I painted the house with my mind.\\\"). </div>\",\"response\":0,\"stimulus_0\":\"plucking a hair using\",\"stimulus_1\":\"crafting a bowl out of\",\"condition_0\":\"inconceivable\",\"condition_1\":\"impossible\",\"continuation_0\":\"sympathy\",\"continuation_1\":\"smoke\",\"id_0\":47,\"id_1\":19,\"context_0\":\"They do not have tweezers, so they are\",\"context_1\":\"They do not have clay, so they are\",\"task_type\":\"critical\",\"concept\":\"impossible\",\"trial_type\":\"html-button-response\",\"trial_index\":19,\"time_elapsed\":263278,\"internal_node_id\":\"0.0-1.0-0.15\",\"subject_id\":\"67ad04c4a0bbf36d88abf535\",\"study_id\":\"67e2c7f5c9ee767149702482\",\"session_id\":\"67e2d67dd2cb3080f20986c2\",\"rng_seed\":\"0.12764429210362138\",\"response_label\":0,\"provided_context\":true},{\"rt\":2561,\"stimulus\":\"<div style=\\\"font-size:20px;\\\"><p>Follow the instructions below.</p></div>\",\"response\":0,\"stimulus_0\":\"plucking a hair using\",\"stimulus_1\":\"crafting a bowl out of\",\"condition_0\":\"inconceivable\",\"condition_1\":\"impossible\",\"continuation_0\":\"sympathy\",\"continuation_1\":\"smoke\",\"id_0\":47,\"id_1\":19,\"context_0\":\"They do not have tweezers, so they are\",\"context_1\":\"They do not have clay, so they are\",\"task_type\":\"attention_check\",\"choices\":[\"Click This Button!\",\"Don't Click This Button!\"],\"trial_type\":\"html-button-response\",\"trial_index\":20,\"time_elapsed\":265839,\"internal_node_id\":\"0.0-1.0-1.15-0.15\",\"subject_id\":\"67ad04c4a0bbf36d88abf535\",\"study_id\":\"67e2c7f5c9ee767149702482\",\"session_id\":\"67e2d67dd2cb3080f20986c2\",\"rng_seed\":\"0.12764429210362138\"},{\"rt\":7308,\"stimulus\":\"<div style=\\\"font-size:20px;\\\"><p>Which scenario is more impossible?</p>\\n  Reminder: <strong>Impossible</strong> means it cannot happen in our world given the laws of nature, but may happen in a fictional world (e.g., \\\"I painted the house with my mind.\\\"). </div>\",\"response\":1,\"stimulus_0\":\"carving a statue using\",\"stimulus_1\":\"crafting a bowl out of\",\"condition_0\":\"impossible\",\"condition_1\":\"impossible\",\"continuation_0\":\"a sock\",\"continuation_1\":\"smoke\",\"id_0\":7,\"id_1\":19,\"context_0\":\"They do not have a chisel, so they are\",\"context_1\":\"They do not have clay, so they are\",\"task_type\":\"critical\",\"concept\":\"impossible\",\"trial_type\":\"html-button-response\",\"trial_index\":21,\"time_elapsed\":273147,\"internal_node_id\":\"0.0-1.0-0.16\",\"subject_id\":\"67ad04c4a0bbf36d88abf535\",\"study_id\":\"67e2c7f5c9ee767149702482\",\"session_id\":\"67e2d67dd2cb3080f20986c2\",\"rng_seed\":\"0.12764429210362138\",\"response_label\":1,\"provided_context\":true},{\"rt\":14618,\"stimulus\":\"<div style=\\\"font-size:20px;\\\"><p>Which scenario is more impossible?</p>\\n  Reminder: <strong>Impossible</strong> means it cannot happen in our world given the laws of nature, but may happen in a fictional world (e.g., \\\"I painted the house with my mind.\\\"). </div>\",\"response\":1,\"stimulus_0\":\"squishing a blueberry using\",\"stimulus_1\":\"polishing jewelry using\",\"condition_0\":\"improbable\",\"condition_1\":\"impossible\",\"continuation_0\":\"[POSS] nose\",\"continuation_1\":\"a chainsaw\",\"id_0\":58,\"id_1\":48,\"context_0\":\"They do not have fingers, so they are\",\"context_1\":\"They do not have a cloth, so they are\",\"task_type\":\"critical\",\"concept\":\"impossible\",\"trial_type\":\"html-button-response\",\"trial_index\":22,\"time_elapsed\":287765,\"internal_node_id\":\"0.0-1.0-0.17\",\"subject_id\":\"67ad04c4a0bbf36d88abf535\",\"study_id\":\"67e2c7f5c9ee767149702482\",\"session_id\":\"67e2d67dd2cb3080f20986c2\",\"rng_seed\":\"0.12764429210362138\",\"response_label\":1,\"provided_context\":true},{\"rt\":4478,\"stimulus\":\"<div style=\\\"font-size:20px;\\\"><p>Which scenario is more impossible?</p>\\n  Reminder: <strong>Impossible</strong> means it cannot happen in our world given the laws of nature, but may happen in a fictional world (e.g., \\\"I painted the house with my mind.\\\"). </div>\",\"response\":0,\"stimulus_0\":\"painting a wall using\",\"stimulus_1\":\"filling a bucket with\",\"condition_0\":\"inconceivable\",\"condition_1\":\"impossible\",\"continuation_0\":\"a whisper\",\"continuation_1\":\"buildings\",\"id_0\":45,\"id_1\":33,\"context_0\":\"They do not have a brush, so they are\",\"context_1\":\"They are not near sand, so they are\",\"task_type\":\"critical\",\"concept\":\"impossible\",\"trial_type\":\"html-button-response\",\"trial_index\":23,\"time_elapsed\":292244,\"internal_node_id\":\"0.0-1.0-0.18\",\"subject_id\":\"67ad04c4a0bbf36d88abf535\",\"study_id\":\"67e2c7f5c9ee767149702482\",\"session_id\":\"67e2d67dd2cb3080f20986c2\",\"rng_seed\":\"0.12764429210362138\",\"response_label\":0,\"provided_context\":true},{\"rt\":6572,\"stimulus\":\"<div style=\\\"font-size:20px;\\\"><p>Which scenario is more impossible?</p>\\n  Reminder: <strong>Impossible</strong> means it cannot happen in our world given the laws of nature, but may happen in a fictional world (e.g., \\\"I painted the house with my mind.\\\"). </div>\",\"response\":0,\"stimulus_0\":\"baking a cake inside\",\"stimulus_1\":\"building a bridge out of\",\"condition_0\":\"inconceivable\",\"condition_1\":\"improbable\",\"continuation_0\":\"a sigh\",\"continuation_1\":\"plastic\",\"id_0\":0,\"id_1\":4,\"context_0\":\"They do not have an oven, so they are\",\"context_1\":\"They do not have any steel, so they are\",\"task_type\":\"critical\",\"concept\":\"impossible\",\"trial_type\":\"html-button-response\",\"trial_index\":24,\"time_elapsed\":298816,\"internal_node_id\":\"0.0-1.0-0.19\",\"subject_id\":\"67ad04c4a0bbf36d88abf535\",\"study_id\":\"67e2c7f5c9ee767149702482\",\"session_id\":\"67e2d67dd2cb3080f20986c2\",\"rng_seed\":\"0.12764429210362138\",\"response_label\":0,\"provided_context\":true},{\"rt\":2349,\"stimulus\":\"<div style=\\\"font-size:20px;\\\"><p>Follow the instructions below.</p></div>\",\"response\":0,\"stimulus_0\":\"baking a cake inside\",\"stimulus_1\":\"building a bridge out of\",\"condition_0\":\"inconceivable\",\"condition_1\":\"improbable\",\"continuation_0\":\"a sigh\",\"continuation_1\":\"plastic\",\"id_0\":0,\"id_1\":4,\"context_0\":\"They do not have an oven, so they are\",\"context_1\":\"They do not have any steel, so they are\",\"task_type\":\"attention_check\",\"choices\":[\"Click This Button!\",\"Don't Click This Button!\"],\"trial_type\":\"html-button-response\",\"trial_index\":25,\"time_elapsed\":301166,\"internal_node_id\":\"0.0-1.0-1.19-0.19\",\"subject_id\":\"67ad04c4a0bbf36d88abf535\",\"study_id\":\"67e2c7f5c9ee767149702482\",\"session_id\":\"67e2d67dd2cb3080f20986c2\",\"rng_seed\":\"0.12764429210362138\"},{\"rt\":22763,\"response\":{\"language\":\"Penn Dutch\",\"gender\":\"Female\",\"feedback\":\"Live Amish Lifestyle\"},\"trial_type\":\"survey-text\",\"trial_index\":26,\"time_elapsed\":323932,\"internal_node_id\":\"0.0-2.0\",\"subject_id\":\"67ad04c4a0bbf36d88abf535\",\"study_id\":\"67e2c7f5c9ee767149702482\",\"session_id\":\"67e2d67dd2cb3080f20986c2\",\"rng_seed\":\"0.12764429210362138\",\"task_type\":\"survey\"},{\"success\":true,\"completion_time\":\"2025-03-25T16:20:44.510Z\",\"exp_type\":\"gesture-beat-expt-pilot\"}]",
    "dir_path": "data/experiment_2_pilot"
}