{
    "prolific_data": {
        "subject_id": "671983e8022d66fd0242265b",
        "study_id": "67e2c7f5c9ee767149702482",
        "session_id": "67e2ddcae4583f6156460bda",
        "rng_seed": "0.11590292695872784"
    },
    "data": "[{\"rt\":11629,\"stimulus\":\"\\n  <div class=\\\"jspsych-content\\\" align=left style=\\\"width:100%;text-align: left;\\\">\\n  <h2>Hello, and welcome to our study!</h2>\\n      In this study, we will ask you to 25 questions.\\n      <p>\\n      In 20 of the questions, we will need your help deciding which statement is more <strong>improbable</strong>.\\n      </p>\\n      <strong>Improbable</strong> means it is possible, but unlikely (e.g., \\\"I painted the house with my hair.\\\").\\n      <p>\\n      The remaining questions will check to make sure that you are paying attention to the study.\\n      <p>\\n    <h3>IMPORTANT:</h3>\\n    <ul>\\n      <li>Respond as quickly as you can.</li>\\n      <li>Answer the questions based on what is possible given the physical laws of the real world.</li>\\n      <li>There are no right or wrong answers. We are simply interested in your intuitions.</li>\\n      </ul>\\n    Once you are done reading this page, please press SPACEBAR to continue.\\n    </p>\\n  </div>\\n  \",\"response\":\" \",\"trial_type\":\"html-keyboard-response\",\"trial_index\":0,\"time_elapsed\":11635,\"internal_node_id\":\"0.0-0.0\",\"subject_id\":\"671983e8022d66fd0242265b\",\"study_id\":\"67e2c7f5c9ee767149702482\",\"session_id\":\"67e2ddcae4583f6156460bda\",\"rng_seed\":\"0.11590292695872784\"},{\"rt\":4891,\"stimulus\":\"<div style=\\\"font-size:20px;\\\"><p>Which scenario is more improbable?</p>\\n  Reminder: <strong>Improbable</strong> means it is possible, but unlikely (e.g., \\\"I painted the house with my hair.\\\").</div>\",\"response\":0,\"stimulus_0\":\"drinking a cup full of\",\"stimulus_1\":\"denting a car with\",\"condition_0\":\"inconceivable\",\"condition_1\":\"improbable\",\"continuation_0\":\"minutes\",\"continuation_1\":\"a dumbbell\",\"id_0\":28,\"id_1\":23,\"context_0\":\"They do not have water, so they are\",\"context_1\":\"They do not have a baseball bat, so they are\",\"task_type\":\"critical\",\"concept\":\"improbable\",\"trial_type\":\"html-button-response\",\"trial_index\":1,\"time_elapsed\":16527,\"internal_node_id\":\"0.0-1.0-0.0\",\"subject_id\":\"671983e8022d66fd0242265b\",\"study_id\":\"67e2c7f5c9ee767149702482\",\"session_id\":\"67e2ddcae4583f6156460bda\",\"rng_seed\":\"0.11590292695872784\",\"response_label\":0,\"provided_context\":true},{\"rt\":6089,\"stimulus\":\"<div style=\\\"font-size:20px;\\\"><p>Which scenario is more improbable?</p>\\n  Reminder: <strong>Improbable</strong> means it is possible, but unlikely (e.g., \\\"I painted the house with my hair.\\\").</div>\",\"response\":0,\"stimulus_0\":\"carving a statue using\",\"stimulus_1\":\"packing a suit inside\",\"condition_0\":\"impossible\",\"condition_1\":\"improbable\",\"continuation_0\":\"a sock\",\"continuation_1\":\"a pocket\",\"id_0\":7,\"id_1\":44,\"context_0\":\"They do not have a chisel, so they are\",\"context_1\":\"They do not have a suitcase, so they are\",\"task_type\":\"critical\",\"concept\":\"improbable\",\"trial_type\":\"html-button-response\",\"trial_index\":2,\"time_elapsed\":22619,\"internal_node_id\":\"0.0-1.0-0.1\",\"subject_id\":\"671983e8022d66fd0242265b\",\"study_id\":\"67e2c7f5c9ee767149702482\",\"session_id\":\"67e2ddcae4583f6156460bda\",\"rng_seed\":\"0.11590292695872784\",\"response_label\":0,\"provided_context\":true},{\"rt\":3995,\"stimulus\":\"<div style=\\\"font-size:20px;\\\"><p>Which scenario is more improbable?</p>\\n  Reminder: <strong>Improbable</strong> means it is possible, but unlikely (e.g., \\\"I painted the house with my hair.\\\").</div>\",\"response\":0,\"stimulus_0\":\"shattering a window using\",\"stimulus_1\":\"drying laundry using\",\"condition_0\":\"impossible\",\"condition_1\":\"improbable\",\"continuation_0\":\"confetti\",\"continuation_1\":\"a fan\",\"id_0\":53,\"id_1\":30,\"context_0\":\"They do not have a stone, so they are\",\"context_1\":\"They do not have a clothesline, so they are\",\"task_type\":\"critical\",\"concept\":\"improbable\",\"trial_type\":\"html-button-response\",\"trial_index\":3,\"time_elapsed\":26615,\"internal_node_id\":\"0.0-1.0-0.2\",\"subject_id\":\"671983e8022d66fd0242265b\",\"study_id\":\"67e2c7f5c9ee767149702482\",\"session_id\":\"67e2ddcae4583f6156460bda\",\"rng_seed\":\"0.11590292695872784\",\"response_label\":0,\"provided_context\":true},{\"rt\":6473,\"stimulus\":\"<div style=\\\"font-size:20px;\\\"><p>Which scenario is more improbable?</p>\\n  Reminder: <strong>Improbable</strong> means it is possible, but unlikely (e.g., \\\"I painted the house with my hair.\\\").</div>\",\"response\":0,\"stimulus_0\":\"plucking a hair using\",\"stimulus_1\":\"shattering a window using\",\"condition_0\":\"inconceivable\",\"condition_1\":\"impossible\",\"continuation_0\":\"sympathy\",\"continuation_1\":\"confetti\",\"id_0\":47,\"id_1\":53,\"context_0\":\"They do not have tweezers, so they are\",\"context_1\":\"They do not have a stone, so they are\",\"task_type\":\"critical\",\"concept\":\"improbable\",\"trial_type\":\"html-button-response\",\"trial_index\":4,\"time_elapsed\":33090,\"internal_node_id\":\"0.0-1.0-0.3\",\"subject_id\":\"671983e8022d66fd0242265b\",\"study_id\":\"67e2c7f5c9ee767149702482\",\"session_id\":\"67e2ddcae4583f6156460bda\",\"rng_seed\":\"0.11590292695872784\",\"response_label\":0,\"provided_context\":true},{\"rt\":2766,\"stimulus\":\"<div style=\\\"font-size:20px;\\\"><p>Follow the instructions below.</p></div>\",\"response\":1,\"stimulus_0\":\"plucking a hair using\",\"stimulus_1\":\"shattering a window using\",\"condition_0\":\"inconceivable\",\"condition_1\":\"impossible\",\"continuation_0\":\"sympathy\",\"continuation_1\":\"confetti\",\"id_0\":47,\"id_1\":53,\"context_0\":\"They do not have tweezers, so they are\",\"context_1\":\"They do not have a stone, so they are\",\"task_type\":\"attention_check\",\"choices\":[\"Don't Click This Button!\",\"Click This Button!\"],\"trial_type\":\"html-button-response\",\"trial_index\":5,\"time_elapsed\":35858,\"internal_node_id\":\"0.0-1.0-1.3-0.3\",\"subject_id\":\"671983e8022d66fd0242265b\",\"study_id\":\"67e2c7f5c9ee767149702482\",\"session_id\":\"67e2ddcae4583f6156460bda\",\"rng_seed\":\"0.11590292695872784\"},{\"rt\":12226,\"stimulus\":\"<div style=\\\"font-size:20px;\\\"><p>Which scenario is more improbable?</p>\\n  Reminder: <strong>Improbable</strong> means it is possible, but unlikely (e.g., \\\"I painted the house with my hair.\\\").</div>\",\"response\":1,\"stimulus_0\":\"writing an equation on\",\"stimulus_1\":\"drinking a cup full of\",\"condition_0\":\"inconceivable\",\"condition_1\":\"inconceivable\",\"continuation_0\":\"a scream\",\"continuation_1\":\"minutes\",\"id_0\":69,\"id_1\":28,\"context_0\":\"They do not have a chalkboard, so they are\",\"context_1\":\"They do not have water, so they are\",\"task_type\":\"critical\",\"concept\":\"improbable\",\"trial_type\":\"html-button-response\",\"trial_index\":6,\"time_elapsed\":48086,\"internal_node_id\":\"0.0-1.0-0.4\",\"subject_id\":\"671983e8022d66fd0242265b\",\"study_id\":\"67e2c7f5c9ee767149702482\",\"session_id\":\"67e2ddcae4583f6156460bda\",\"rng_seed\":\"0.11590292695872784\",\"response_label\":1,\"provided_context\":true},{\"rt\":8134,\"stimulus\":\"<div style=\\\"font-size:20px;\\\"><p>Which scenario is more improbable?</p>\\n  Reminder: <strong>Improbable</strong> means it is possible, but unlikely (e.g., \\\"I painted the house with my hair.\\\").</div>\",\"response\":1,\"stimulus_0\":\"polishing jewelry using\",\"stimulus_1\":\"digging a hole using\",\"condition_0\":\"impossible\",\"condition_1\":\"impossible\",\"continuation_0\":\"a chainsaw\",\"continuation_1\":\"dirt\",\"id_0\":48,\"id_1\":24,\"context_0\":\"They do not have a cloth, so they are\",\"context_1\":\"They do not have a shovel, so they are\",\"task_type\":\"critical\",\"concept\":\"improbable\",\"trial_type\":\"html-button-response\",\"trial_index\":7,\"time_elapsed\":56222,\"internal_node_id\":\"0.0-1.0-0.5\",\"subject_id\":\"671983e8022d66fd0242265b\",\"study_id\":\"67e2c7f5c9ee767149702482\",\"session_id\":\"67e2ddcae4583f6156460bda\",\"rng_seed\":\"0.11590292695872784\",\"response_label\":1,\"provided_context\":true},{\"rt\":7309,\"stimulus\":\"<div style=\\\"font-size:20px;\\\"><p>Which scenario is more improbable?</p>\\n  Reminder: <strong>Improbable</strong> means it is possible, but unlikely (e.g., \\\"I painted the house with my hair.\\\").</div>\",\"response\":0,\"stimulus_0\":\"lighting a candle using\",\"stimulus_1\":\"building a bridge out of\",\"condition_0\":\"impossible\",\"condition_1\":\"improbable\",\"continuation_0\":\"yogurt\",\"continuation_1\":\"plastic\",\"id_0\":39,\"id_1\":4,\"context_0\":\"They do not have a match, so they are\",\"context_1\":\"They do not have any steel, so they are\",\"task_type\":\"critical\",\"concept\":\"improbable\",\"trial_type\":\"html-button-response\",\"trial_index\":8,\"time_elapsed\":63532,\"internal_node_id\":\"0.0-1.0-0.6\",\"subject_id\":\"671983e8022d66fd0242265b\",\"study_id\":\"67e2c7f5c9ee767149702482\",\"session_id\":\"67e2ddcae4583f6156460bda\",\"rng_seed\":\"0.11590292695872784\",\"response_label\":0,\"provided_context\":true},{\"rt\":3620,\"stimulus\":\"<div style=\\\"font-size:20px;\\\"><p>Which scenario is more improbable?</p>\\n  Reminder: <strong>Improbable</strong> means it is possible, but unlikely (e.g., \\\"I painted the house with my hair.\\\").</div>\",\"response\":1,\"stimulus_0\":\"squishing a blueberry using\",\"stimulus_1\":\"sewing a shirt using\",\"condition_0\":\"improbable\",\"condition_1\":\"improbable\",\"continuation_0\":\"[POSS] nose\",\"continuation_1\":\"a toothpick\",\"id_0\":58,\"id_1\":52,\"context_0\":\"They do not have fingers, so they are\",\"context_1\":\"They do not have a needle, so they are\",\"task_type\":\"critical\",\"concept\":\"improbable\",\"trial_type\":\"html-button-response\",\"trial_index\":9,\"time_elapsed\":67154,\"internal_node_id\":\"0.0-1.0-0.7\",\"subject_id\":\"671983e8022d66fd0242265b\",\"study_id\":\"67e2c7f5c9ee767149702482\",\"session_id\":\"67e2ddcae4583f6156460bda\",\"rng_seed\":\"0.11590292695872784\",\"response_label\":1,\"provided_context\":true},{\"rt\":2548,\"stimulus\":\"<div style=\\\"font-size:20px;\\\"><p>Follow the instructions below.</p></div>\",\"response\":0,\"stimulus_0\":\"squishing a blueberry using\",\"stimulus_1\":\"sewing a shirt using\",\"condition_0\":\"improbable\",\"condition_1\":\"improbable\",\"continuation_0\":\"[POSS] nose\",\"continuation_1\":\"a toothpick\",\"id_0\":58,\"id_1\":52,\"context_0\":\"They do not have fingers, so they are\",\"context_1\":\"They do not have a needle, so they are\",\"task_type\":\"attention_check\",\"choices\":[\"Click This Button!\",\"Don't Click This Button!\"],\"trial_type\":\"html-button-response\",\"trial_index\":10,\"time_elapsed\":69703,\"internal_node_id\":\"0.0-1.0-1.7-0.7\",\"subject_id\":\"671983e8022d66fd0242265b\",\"study_id\":\"67e2c7f5c9ee767149702482\",\"session_id\":\"67e2ddcae4583f6156460bda\",\"rng_seed\":\"0.11590292695872784\"},{\"rt\":5248,\"stimulus\":\"<div style=\\\"font-size:20px;\\\"><p>Which scenario is more improbable?</p>\\n  Reminder: <strong>Improbable</strong> means it is possible, but unlikely (e.g., \\\"I painted the house with my hair.\\\").</div>\",\"response\":0,\"stimulus_0\":\"digging a hole using\",\"stimulus_1\":\"carrying groceries inside\",\"condition_0\":\"impossible\",\"condition_1\":\"improbable\",\"continuation_0\":\"dirt\",\"continuation_1\":\"a backpack\",\"id_0\":24,\"id_1\":6,\"context_0\":\"They do not have a shovel, so they are\",\"context_1\":\"They do not have a tote bag, so they are\",\"task_type\":\"critical\",\"concept\":\"improbable\",\"trial_type\":\"html-button-response\",\"trial_index\":11,\"time_elapsed\":74953,\"internal_node_id\":\"0.0-1.0-0.8\",\"subject_id\":\"671983e8022d66fd0242265b\",\"study_id\":\"67e2c7f5c9ee767149702482\",\"session_id\":\"67e2ddcae4583f6156460bda\",\"rng_seed\":\"0.11590292695872784\",\"response_label\":0,\"provided_context\":true},{\"rt\":5454,\"stimulus\":\"<div style=\\\"font-size:20px;\\\"><p>Which scenario is more improbable?</p>\\n  Reminder: <strong>Improbable</strong> means it is possible, but unlikely (e.g., \\\"I painted the house with my hair.\\\").</div>\",\"response\":0,\"stimulus_0\":\"digging a hole using\",\"stimulus_1\":\"packing a suit inside\",\"condition_0\":\"impossible\",\"condition_1\":\"improbable\",\"continuation_0\":\"dirt\",\"continuation_1\":\"a pocket\",\"id_0\":24,\"id_1\":44,\"context_0\":\"They do not have a shovel, so they are\",\"context_1\":\"They do not have a suitcase, so they are\",\"task_type\":\"critical\",\"concept\":\"improbable\",\"trial_type\":\"html-button-response\",\"trial_index\":12,\"time_elapsed\":80409,\"internal_node_id\":\"0.0-1.0-0.9\",\"subject_id\":\"671983e8022d66fd0242265b\",\"study_id\":\"67e2c7f5c9ee767149702482\",\"session_id\":\"67e2ddcae4583f6156460bda\",\"rng_seed\":\"0.11590292695872784\",\"response_label\":0,\"provided_context\":true},{\"rt\":5545,\"stimulus\":\"<div style=\\\"font-size:20px;\\\"><p>Which scenario is more improbable?</p>\\n  Reminder: <strong>Improbable</strong> means it is possible, but unlikely (e.g., \\\"I painted the house with my hair.\\\").</div>\",\"response\":0,\"stimulus_0\":\"drying laundry using\",\"stimulus_1\":\"denting a car with\",\"condition_0\":\"improbable\",\"condition_1\":\"improbable\",\"continuation_0\":\"a fan\",\"continuation_1\":\"a dumbbell\",\"id_0\":30,\"id_1\":23,\"context_0\":\"They do not have a clothesline, so they are\",\"context_1\":\"They do not have a baseball bat, so they are\",\"task_type\":\"critical\",\"concept\":\"improbable\",\"trial_type\":\"html-button-response\",\"trial_index\":13,\"time_elapsed\":85955,\"internal_node_id\":\"0.0-1.0-0.10\",\"subject_id\":\"671983e8022d66fd0242265b\",\"study_id\":\"67e2c7f5c9ee767149702482\",\"session_id\":\"67e2ddcae4583f6156460bda\",\"rng_seed\":\"0.11590292695872784\",\"response_label\":0,\"provided_context\":true},{\"rt\":3257,\"stimulus\":\"<div style=\\\"font-size:20px;\\\"><p>Which scenario is more improbable?</p>\\n  Reminder: <strong>Improbable</strong> means it is possible, but unlikely (e.g., \\\"I painted the house with my hair.\\\").</div>\",\"response\":1,\"stimulus_0\":\"sewing a shirt using\",\"stimulus_1\":\"shaving [POSS] beard using\",\"condition_0\":\"improbable\",\"condition_1\":\"inconceivable\",\"continuation_0\":\"a toothpick\",\"continuation_1\":\"a belief\",\"id_0\":52,\"id_1\":54,\"context_0\":\"They do not have a needle, so they are\",\"context_1\":\"They do not have a razor, so they are\",\"task_type\":\"critical\",\"concept\":\"improbable\",\"trial_type\":\"html-button-response\",\"trial_index\":14,\"time_elapsed\":89215,\"internal_node_id\":\"0.0-1.0-0.11\",\"subject_id\":\"671983e8022d66fd0242265b\",\"study_id\":\"67e2c7f5c9ee767149702482\",\"session_id\":\"67e2ddcae4583f6156460bda\",\"rng_seed\":\"0.11590292695872784\",\"response_label\":1,\"provided_context\":true},{\"rt\":1314,\"stimulus\":\"<div style=\\\"font-size:20px;\\\"><p>Follow the instructions below.</p></div>\",\"response\":1,\"stimulus_0\":\"sewing a shirt using\",\"stimulus_1\":\"shaving [POSS] beard using\",\"condition_0\":\"improbable\",\"condition_1\":\"inconceivable\",\"continuation_0\":\"a toothpick\",\"continuation_1\":\"a belief\",\"id_0\":52,\"id_1\":54,\"context_0\":\"They do not have a needle, so they are\",\"context_1\":\"They do not have a razor, so they are\",\"task_type\":\"attention_check\",\"choices\":[\"Don't Click This Button!\",\"Click This Button!\"],\"trial_type\":\"html-button-response\",\"trial_index\":15,\"time_elapsed\":90531,\"internal_node_id\":\"0.0-1.0-1.11-0.11\",\"subject_id\":\"671983e8022d66fd0242265b\",\"study_id\":\"67e2c7f5c9ee767149702482\",\"session_id\":\"67e2ddcae4583f6156460bda\",\"rng_seed\":\"0.11590292695872784\"},{\"rt\":4384,\"stimulus\":\"<div style=\\\"font-size:20px;\\\"><p>Which scenario is more improbable?</p>\\n  Reminder: <strong>Improbable</strong> means it is possible, but unlikely (e.g., \\\"I painted the house with my hair.\\\").</div>\",\"response\":1,\"stimulus_0\":\"digging a hole using\",\"stimulus_1\":\"drinking a cup full of\",\"condition_0\":\"impossible\",\"condition_1\":\"inconceivable\",\"continuation_0\":\"dirt\",\"continuation_1\":\"minutes\",\"id_0\":24,\"id_1\":28,\"context_0\":\"They do not have a shovel, so they are\",\"context_1\":\"They do not have water, so they are\",\"task_type\":\"critical\",\"concept\":\"improbable\",\"trial_type\":\"html-button-response\",\"trial_index\":16,\"time_elapsed\":94917,\"internal_node_id\":\"0.0-1.0-0.12\",\"subject_id\":\"671983e8022d66fd0242265b\",\"study_id\":\"67e2c7f5c9ee767149702482\",\"session_id\":\"67e2ddcae4583f6156460bda\",\"rng_seed\":\"0.11590292695872784\",\"response_label\":1,\"provided_context\":true},{\"rt\":4189,\"stimulus\":\"<div style=\\\"font-size:20px;\\\"><p>Which scenario is more improbable?</p>\\n  Reminder: <strong>Improbable</strong> means it is possible, but unlikely (e.g., \\\"I painted the house with my hair.\\\").</div>\",\"response\":0,\"stimulus_0\":\"unlocking a door using\",\"stimulus_1\":\"carrying groceries inside\",\"condition_0\":\"impossible\",\"condition_1\":\"improbable\",\"continuation_0\":\"a marshmallow\",\"continuation_1\":\"a backpack\",\"id_0\":64,\"id_1\":6,\"context_0\":\"They do not have a key, so they are\",\"context_1\":\"They do not have a tote bag, so they are\",\"task_type\":\"critical\",\"concept\":\"improbable\",\"trial_type\":\"html-button-response\",\"trial_index\":17,\"time_elapsed\":99108,\"internal_node_id\":\"0.0-1.0-0.13\",\"subject_id\":\"671983e8022d66fd0242265b\",\"study_id\":\"67e2c7f5c9ee767149702482\",\"session_id\":\"67e2ddcae4583f6156460bda\",\"rng_seed\":\"0.11590292695872784\",\"response_label\":0,\"provided_context\":true},{\"rt\":4211,\"stimulus\":\"<div style=\\\"font-size:20px;\\\"><p>Which scenario is more improbable?</p>\\n  Reminder: <strong>Improbable</strong> means it is possible, but unlikely (e.g., \\\"I painted the house with my hair.\\\").</div>\",\"response\":1,\"stimulus_0\":\"crushing a soda can using\",\"stimulus_1\":\"shaving [POSS] beard using\",\"condition_0\":\"improbable\",\"condition_1\":\"inconceivable\",\"continuation_0\":\"a chair\",\"continuation_1\":\"a belief\",\"id_0\":20,\"id_1\":54,\"context_0\":\"They do not have a shoe, so they are\",\"context_1\":\"They do not have a razor, so they are\",\"task_type\":\"critical\",\"concept\":\"improbable\",\"trial_type\":\"html-button-response\",\"trial_index\":18,\"time_elapsed\":103320,\"internal_node_id\":\"0.0-1.0-0.14\",\"subject_id\":\"671983e8022d66fd0242265b\",\"study_id\":\"67e2c7f5c9ee767149702482\",\"session_id\":\"67e2ddcae4583f6156460bda\",\"rng_seed\":\"0.11590292695872784\",\"response_label\":1,\"provided_context\":true},{\"rt\":3507,\"stimulus\":\"<div style=\\\"font-size:20px;\\\"><p>Which scenario is more improbable?</p>\\n  Reminder: <strong>Improbable</strong> means it is possible, but unlikely (e.g., \\\"I painted the house with my hair.\\\").</div>\",\"response\":0,\"stimulus_0\":\"shaving [POSS] beard using\",\"stimulus_1\":\"lighting a candle using\",\"condition_0\":\"inconceivable\",\"condition_1\":\"impossible\",\"continuation_0\":\"a belief\",\"continuation_1\":\"yogurt\",\"id_0\":54,\"id_1\":39,\"context_0\":\"They do not have a razor, so they are\",\"context_1\":\"They do not have a match, so they are\",\"task_type\":\"critical\",\"concept\":\"improbable\",\"trial_type\":\"html-button-response\",\"trial_index\":19,\"time_elapsed\":106829,\"internal_node_id\":\"0.0-1.0-0.15\",\"subject_id\":\"671983e8022d66fd0242265b\",\"study_id\":\"67e2c7f5c9ee767149702482\",\"session_id\":\"67e2ddcae4583f6156460bda\",\"rng_seed\":\"0.11590292695872784\",\"response_label\":0,\"provided_context\":true},{\"rt\":1040,\"stimulus\":\"<div style=\\\"font-size:20px;\\\"><p>Follow the instructions below.</p></div>\",\"response\":1,\"stimulus_0\":\"shaving [POSS] beard using\",\"stimulus_1\":\"lighting a candle using\",\"condition_0\":\"inconceivable\",\"condition_1\":\"impossible\",\"continuation_0\":\"a belief\",\"continuation_1\":\"yogurt\",\"id_0\":54,\"id_1\":39,\"context_0\":\"They do not have a razor, so they are\",\"context_1\":\"They do not have a match, so they are\",\"task_type\":\"attention_check\",\"choices\":[\"Don't Click This Button!\",\"Click This Button!\"],\"trial_type\":\"html-button-response\",\"trial_index\":20,\"time_elapsed\":107869,\"internal_node_id\":\"0.0-1.0-1.15-0.15\",\"subject_id\":\"671983e8022d66fd0242265b\",\"study_id\":\"67e2c7f5c9ee767149702482\",\"session_id\":\"67e2ddcae4583f6156460bda\",\"rng_seed\":\"0.11590292695872784\"},{\"rt\":323,\"stimulus\":\"<div style=\\\"font-size:20px;\\\"><p>Which scenario is more improbable?</p>\\n  Reminder: <strong>Improbable</strong> means it is possible, but unlikely (e.g., \\\"I painted the house with my hair.\\\").</div>\",\"response\":1,\"stimulus_0\":\"digging a hole using\",\"stimulus_1\":\"sewing a shirt using\",\"condition_0\":\"impossible\",\"condition_1\":\"improbable\",\"continuation_0\":\"dirt\",\"continuation_1\":\"a toothpick\",\"id_0\":24,\"id_1\":52,\"context_0\":\"They do not have a shovel, so they are\",\"context_1\":\"They do not have a needle, so they are\",\"task_type\":\"critical\",\"concept\":\"improbable\",\"trial_type\":\"html-button-response\",\"trial_index\":21,\"time_elapsed\":108194,\"internal_node_id\":\"0.0-1.0-0.16\",\"subject_id\":\"671983e8022d66fd0242265b\",\"study_id\":\"67e2c7f5c9ee767149702482\",\"session_id\":\"67e2ddcae4583f6156460bda\",\"rng_seed\":\"0.11590292695872784\",\"response_label\":1,\"provided_context\":true},{\"rt\":8073,\"stimulus\":\"<div style=\\\"font-size:20px;\\\"><p>Which scenario is more improbable?</p>\\n  Reminder: <strong>Improbable</strong> means it is possible, but unlikely (e.g., \\\"I painted the house with my hair.\\\").</div>\",\"response\":1,\"stimulus_0\":\"cleaning a spill using\",\"stimulus_1\":\"taking a vacation to\",\"condition_0\":\"inconceivable\",\"condition_1\":\"impossible\",\"continuation_0\":\"a country\",\"continuation_1\":\"the sun\",\"id_0\":11,\"id_1\":61,\"context_0\":\"They do not have a sponge, so they are\",\"context_1\":\"They are not near the beach, so they are\",\"task_type\":\"critical\",\"concept\":\"improbable\",\"trial_type\":\"html-button-response\",\"trial_index\":22,\"time_elapsed\":116268,\"internal_node_id\":\"0.0-1.0-0.17\",\"subject_id\":\"671983e8022d66fd0242265b\",\"study_id\":\"67e2c7f5c9ee767149702482\",\"session_id\":\"67e2ddcae4583f6156460bda\",\"rng_seed\":\"0.11590292695872784\",\"response_label\":1,\"provided_context\":true},{\"rt\":4333,\"stimulus\":\"<div style=\\\"font-size:20px;\\\"><p>Which scenario is more improbable?</p>\\n  Reminder: <strong>Improbable</strong> means it is possible, but unlikely (e.g., \\\"I painted the house with my hair.\\\").</div>\",\"response\":1,\"stimulus_0\":\"cleaning a spill using\",\"stimulus_1\":\"shaving [POSS] beard using\",\"condition_0\":\"inconceivable\",\"condition_1\":\"inconceivable\",\"continuation_0\":\"a country\",\"continuation_1\":\"a belief\",\"id_0\":11,\"id_1\":54,\"context_0\":\"They do not have a sponge, so they are\",\"context_1\":\"They do not have a razor, so they are\",\"task_type\":\"critical\",\"concept\":\"improbable\",\"trial_type\":\"html-button-response\",\"trial_index\":23,\"time_elapsed\":120603,\"internal_node_id\":\"0.0-1.0-0.18\",\"subject_id\":\"671983e8022d66fd0242265b\",\"study_id\":\"67e2c7f5c9ee767149702482\",\"session_id\":\"67e2ddcae4583f6156460bda\",\"rng_seed\":\"0.11590292695872784\",\"response_label\":1,\"provided_context\":true},{\"rt\":2606,\"stimulus\":\"<div style=\\\"font-size:20px;\\\"><p>Which scenario is more improbable?</p>\\n  Reminder: <strong>Improbable</strong> means it is possible, but unlikely (e.g., \\\"I painted the house with my hair.\\\").</div>\",\"response\":1,\"stimulus_0\":\"squishing a blueberry using\",\"stimulus_1\":\"shaving [POSS] beard using\",\"condition_0\":\"improbable\",\"condition_1\":\"inconceivable\",\"continuation_0\":\"[POSS] nose\",\"continuation_1\":\"a belief\",\"id_0\":58,\"id_1\":54,\"context_0\":\"They do not have fingers, so they are\",\"context_1\":\"They do not have a razor, so they are\",\"task_type\":\"critical\",\"concept\":\"improbable\",\"trial_type\":\"html-button-response\",\"trial_index\":24,\"time_elapsed\":123211,\"internal_node_id\":\"0.0-1.0-0.19\",\"subject_id\":\"671983e8022d66fd0242265b\",\"study_id\":\"67e2c7f5c9ee767149702482\",\"session_id\":\"67e2ddcae4583f6156460bda\",\"rng_seed\":\"0.11590292695872784\",\"response_label\":1,\"provided_context\":true},{\"rt\":1156,\"stimulus\":\"<div style=\\\"font-size:20px;\\\"><p>Follow the instructions below.</p></div>\",\"response\":1,\"stimulus_0\":\"squishing a blueberry using\",\"stimulus_1\":\"shaving [POSS] beard using\",\"condition_0\":\"improbable\",\"condition_1\":\"inconceivable\",\"continuation_0\":\"[POSS] nose\",\"continuation_1\":\"a belief\",\"id_0\":58,\"id_1\":54,\"context_0\":\"They do not have fingers, so they are\",\"context_1\":\"They do not have a razor, so they are\",\"task_type\":\"attention_check\",\"choices\":[\"Don't Click This Button!\",\"Click This Button!\"],\"trial_type\":\"html-button-response\",\"trial_index\":25,\"time_elapsed\":124369,\"internal_node_id\":\"0.0-1.0-1.19-0.19\",\"subject_id\":\"671983e8022d66fd0242265b\",\"study_id\":\"67e2c7f5c9ee767149702482\",\"session_id\":\"67e2ddcae4583f6156460bda\",\"rng_seed\":\"0.11590292695872784\"},{\"rt\":7673,\"response\":{\"language\":\"English\",\"gender\":\"female\",\"feedback\":\"\"},\"trial_type\":\"survey-text\",\"trial_index\":26,\"time_elapsed\":132090,\"internal_node_id\":\"0.0-2.0\",\"subject_id\":\"671983e8022d66fd0242265b\",\"study_id\":\"67e2c7f5c9ee767149702482\",\"session_id\":\"67e2ddcae4583f6156460bda\",\"rng_seed\":\"0.11590292695872784\",\"task_type\":\"survey\"},{\"success\":true,\"completion_time\":\"2025-03-25T16:57:56.600Z\",\"exp_type\":\"gesture-beat-expt-pilot\"}]",
    "dir_path": "data/experiment_2_pilot"
}