{
    "prolific_data": {
        "subject_id": "607f63ce9ffa404fca0400a9",
        "study_id": "67e2c7f5c9ee767149702482",
        "session_id": "67e2ddc94409a35766dcfefb",
        "rng_seed": "0.17540191769471525"
    },
    "data": "[{\"rt\":30085,\"stimulus\":\"\\n  <div class=\\\"jspsych-content\\\" align=left style=\\\"width:100%;text-align: left;\\\">\\n  <h2>Hello, and welcome to our study!</h2>\\n      In this study, we will ask you to 25 questions.\\n      <p>\\n      In 20 of the questions, we will need your help deciding which statement is more <strong>nonsensical</strong>.\\n      </p>\\n      <strong>Nonsensical</strong> means it does not make sense due to some basic conceptual error (\\\"I painted the house with my number.\\\"). \\n      <p>\\n      The remaining questions will check to make sure that you are paying attention to the study.\\n      <p>\\n    <h3>IMPORTANT:</h3>\\n    <ul>\\n      <li>Respond as quickly as you can.</li>\\n      <li>Answer the questions based on what is possible given the physical laws of the real world.</li>\\n      <li>There are no right or wrong answers. We are simply interested in your intuitions.</li>\\n      </ul>\\n    Once you are done reading this page, please press SPACEBAR to continue.\\n    </p>\\n  </div>\\n  \",\"response\":\" \",\"trial_type\":\"html-keyboard-response\",\"trial_index\":0,\"time_elapsed\":30089,\"internal_node_id\":\"0.0-0.0\",\"subject_id\":\"607f63ce9ffa404fca0400a9\",\"study_id\":\"67e2c7f5c9ee767149702482\",\"session_id\":\"67e2ddc94409a35766dcfefb\",\"rng_seed\":\"0.17540191769471525\"},{\"rt\":22019,\"stimulus\":\"<div style=\\\"font-size:20px;\\\"><p>Which scenario is more nonsensical?</p>\\n  Reminder: <strong>Nonsensical</strong> means it does not make sense due to some basic conceptual error (\\\"I painted the house with my number.\\\"). </div>\",\"response\":1,\"stimulus_0\":\"crushing a soda can using\",\"stimulus_1\":\"eating soup using\",\"condition_0\":\"improbable\",\"condition_1\":\"improbable\",\"continuation_0\":\"a chair\",\"continuation_1\":\"a bucket\",\"id_0\":20,\"id_1\":31,\"context_0\":\"They do not have a shoe, so they are\",\"context_1\":\"They do not have a spoon, so they are\",\"task_type\":\"critical\",\"concept\":\"inconceivable\",\"trial_type\":\"html-button-response\",\"trial_index\":1,\"time_elapsed\":52109,\"internal_node_id\":\"0.0-1.0-0.0\",\"subject_id\":\"607f63ce9ffa404fca0400a9\",\"study_id\":\"67e2c7f5c9ee767149702482\",\"session_id\":\"67e2ddc94409a35766dcfefb\",\"rng_seed\":\"0.17540191769471525\",\"response_label\":1,\"provided_context\":true},{\"rt\":15126,\"stimulus\":\"<div style=\\\"font-size:20px;\\\"><p>Which scenario is more nonsensical?</p>\\n  Reminder: <strong>Nonsensical</strong> means it does not make sense due to some basic conceptual error (\\\"I painted the house with my number.\\\"). </div>\",\"response\":1,\"stimulus_0\":\"squishing a blueberry using\",\"stimulus_1\":\"carving a statue using\",\"condition_0\":\"improbable\",\"condition_1\":\"impossible\",\"continuation_0\":\"[POSS] nose\",\"continuation_1\":\"a sock\",\"id_0\":58,\"id_1\":7,\"context_0\":\"They do not have fingers, so they are\",\"context_1\":\"They do not have a chisel, so they are\",\"task_type\":\"critical\",\"concept\":\"inconceivable\",\"trial_type\":\"html-button-response\",\"trial_index\":2,\"time_elapsed\":67236,\"internal_node_id\":\"0.0-1.0-0.1\",\"subject_id\":\"607f63ce9ffa404fca0400a9\",\"study_id\":\"67e2c7f5c9ee767149702482\",\"session_id\":\"67e2ddc94409a35766dcfefb\",\"rng_seed\":\"0.17540191769471525\",\"response_label\":1,\"provided_context\":true},{\"rt\":18080,\"stimulus\":\"<div style=\\\"font-size:20px;\\\"><p>Which scenario is more nonsensical?</p>\\n  Reminder: <strong>Nonsensical</strong> means it does not make sense due to some basic conceptual error (\\\"I painted the house with my number.\\\"). </div>\",\"response\":0,\"stimulus_0\":\"sewing a shirt using\",\"stimulus_1\":\"carrying groceries inside\",\"condition_0\":\"improbable\",\"condition_1\":\"improbable\",\"continuation_0\":\"a toothpick\",\"continuation_1\":\"a backpack\",\"id_0\":52,\"id_1\":6,\"context_0\":\"They do not have a needle, so they are\",\"context_1\":\"They do not have a tote bag, so they are\",\"task_type\":\"critical\",\"concept\":\"inconceivable\",\"trial_type\":\"html-button-response\",\"trial_index\":3,\"time_elapsed\":85317,\"internal_node_id\":\"0.0-1.0-0.2\",\"subject_id\":\"607f63ce9ffa404fca0400a9\",\"study_id\":\"67e2c7f5c9ee767149702482\",\"session_id\":\"67e2ddc94409a35766dcfefb\",\"rng_seed\":\"0.17540191769471525\",\"response_label\":0,\"provided_context\":true},{\"rt\":11103,\"stimulus\":\"<div style=\\\"font-size:20px;\\\"><p>Which scenario is more nonsensical?</p>\\n  Reminder: <strong>Nonsensical</strong> means it does not make sense due to some basic conceptual error (\\\"I painted the house with my number.\\\"). </div>\",\"response\":0,\"stimulus_0\":\"drinking a cup full of\",\"stimulus_1\":\"carving a statue using\",\"condition_0\":\"inconceivable\",\"condition_1\":\"impossible\",\"continuation_0\":\"minutes\",\"continuation_1\":\"a sock\",\"id_0\":28,\"id_1\":7,\"context_0\":\"They do not have water, so they are\",\"context_1\":\"They do not have a chisel, so they are\",\"task_type\":\"critical\",\"concept\":\"inconceivable\",\"trial_type\":\"html-button-response\",\"trial_index\":4,\"time_elapsed\":96420,\"internal_node_id\":\"0.0-1.0-0.3\",\"subject_id\":\"607f63ce9ffa404fca0400a9\",\"study_id\":\"67e2c7f5c9ee767149702482\",\"session_id\":\"67e2ddc94409a35766dcfefb\",\"rng_seed\":\"0.17540191769471525\",\"response_label\":0,\"provided_context\":true},{\"rt\":4223,\"stimulus\":\"<div style=\\\"font-size:20px;\\\"><p>Follow the instructions below.</p></div>\",\"response\":1,\"stimulus_0\":\"drinking a cup full of\",\"stimulus_1\":\"carving a statue using\",\"condition_0\":\"inconceivable\",\"condition_1\":\"impossible\",\"continuation_0\":\"minutes\",\"continuation_1\":\"a sock\",\"id_0\":28,\"id_1\":7,\"context_0\":\"They do not have water, so they are\",\"context_1\":\"They do not have a chisel, so they are\",\"task_type\":\"attention_check\",\"choices\":[\"Don't Click This Button!\",\"Click This Button!\"],\"trial_type\":\"html-button-response\",\"trial_index\":5,\"time_elapsed\":100644,\"internal_node_id\":\"0.0-1.0-1.3-0.3\",\"subject_id\":\"607f63ce9ffa404fca0400a9\",\"study_id\":\"67e2c7f5c9ee767149702482\",\"session_id\":\"67e2ddc94409a35766dcfefb\",\"rng_seed\":\"0.17540191769471525\"},{\"rt\":26455,\"stimulus\":\"<div style=\\\"font-size:20px;\\\"><p>Which scenario is more nonsensical?</p>\\n  Reminder: <strong>Nonsensical</strong> means it does not make sense due to some basic conceptual error (\\\"I painted the house with my number.\\\"). </div>\",\"response\":0,\"stimulus_0\":\"writing an equation on\",\"stimulus_1\":\"baking a cake inside\",\"condition_0\":\"inconceivable\",\"condition_1\":\"inconceivable\",\"continuation_0\":\"a scream\",\"continuation_1\":\"a sigh\",\"id_0\":69,\"id_1\":0,\"context_0\":\"They do not have a chalkboard, so they are\",\"context_1\":\"They do not have an oven, so they are\",\"task_type\":\"critical\",\"concept\":\"inconceivable\",\"trial_type\":\"html-button-response\",\"trial_index\":6,\"time_elapsed\":127100,\"internal_node_id\":\"0.0-1.0-0.4\",\"subject_id\":\"607f63ce9ffa404fca0400a9\",\"study_id\":\"67e2c7f5c9ee767149702482\",\"session_id\":\"67e2ddc94409a35766dcfefb\",\"rng_seed\":\"0.17540191769471525\",\"response_label\":0,\"provided_context\":true},{\"rt\":18776,\"stimulus\":\"<div style=\\\"font-size:20px;\\\"><p>Which scenario is more nonsensical?</p>\\n  Reminder: <strong>Nonsensical</strong> means it does not make sense due to some basic conceptual error (\\\"I painted the house with my number.\\\"). </div>\",\"response\":1,\"stimulus_0\":\"plucking a hair using\",\"stimulus_1\":\"baking a cake inside\",\"condition_0\":\"inconceivable\",\"condition_1\":\"inconceivable\",\"continuation_0\":\"sympathy\",\"continuation_1\":\"a sigh\",\"id_0\":47,\"id_1\":0,\"context_0\":\"They do not have tweezers, so they are\",\"context_1\":\"They do not have an oven, so they are\",\"task_type\":\"critical\",\"concept\":\"inconceivable\",\"trial_type\":\"html-button-response\",\"trial_index\":7,\"time_elapsed\":145877,\"internal_node_id\":\"0.0-1.0-0.5\",\"subject_id\":\"607f63ce9ffa404fca0400a9\",\"study_id\":\"67e2c7f5c9ee767149702482\",\"session_id\":\"67e2ddc94409a35766dcfefb\",\"rng_seed\":\"0.17540191769471525\",\"response_label\":1,\"provided_context\":true},{\"rt\":11655,\"stimulus\":\"<div style=\\\"font-size:20px;\\\"><p>Which scenario is more nonsensical?</p>\\n  Reminder: <strong>Nonsensical</strong> means it does not make sense due to some basic conceptual error (\\\"I painted the house with my number.\\\"). </div>\",\"response\":0,\"stimulus_0\":\"plucking a hair using\",\"stimulus_1\":\"crushing a soda can using\",\"condition_0\":\"inconceivable\",\"condition_1\":\"improbable\",\"continuation_0\":\"sympathy\",\"continuation_1\":\"a chair\",\"id_0\":47,\"id_1\":20,\"context_0\":\"They do not have tweezers, so they are\",\"context_1\":\"They do not have a shoe, so they are\",\"task_type\":\"critical\",\"concept\":\"inconceivable\",\"trial_type\":\"html-button-response\",\"trial_index\":8,\"time_elapsed\":157532,\"internal_node_id\":\"0.0-1.0-0.6\",\"subject_id\":\"607f63ce9ffa404fca0400a9\",\"study_id\":\"67e2c7f5c9ee767149702482\",\"session_id\":\"67e2ddc94409a35766dcfefb\",\"rng_seed\":\"0.17540191769471525\",\"response_label\":0,\"provided_context\":true},{\"rt\":10112,\"stimulus\":\"<div style=\\\"font-size:20px;\\\"><p>Which scenario is more nonsensical?</p>\\n  Reminder: <strong>Nonsensical</strong> means it does not make sense due to some basic conceptual error (\\\"I painted the house with my number.\\\"). </div>\",\"response\":1,\"stimulus_0\":\"drying laundry using\",\"stimulus_1\":\"baking a cake inside\",\"condition_0\":\"improbable\",\"condition_1\":\"inconceivable\",\"continuation_0\":\"a fan\",\"continuation_1\":\"a sigh\",\"id_0\":30,\"id_1\":0,\"context_0\":\"They do not have a clothesline, so they are\",\"context_1\":\"They do not have an oven, so they are\",\"task_type\":\"critical\",\"concept\":\"inconceivable\",\"trial_type\":\"html-button-response\",\"trial_index\":9,\"time_elapsed\":167644,\"internal_node_id\":\"0.0-1.0-0.7\",\"subject_id\":\"607f63ce9ffa404fca0400a9\",\"study_id\":\"67e2c7f5c9ee767149702482\",\"session_id\":\"67e2ddc94409a35766dcfefb\",\"rng_seed\":\"0.17540191769471525\",\"response_label\":1,\"provided_context\":true},{\"rt\":2088,\"stimulus\":\"<div style=\\\"font-size:20px;\\\"><p>Follow the instructions below.</p></div>\",\"response\":1,\"stimulus_0\":\"drying laundry using\",\"stimulus_1\":\"baking a cake inside\",\"condition_0\":\"improbable\",\"condition_1\":\"inconceivable\",\"continuation_0\":\"a fan\",\"continuation_1\":\"a sigh\",\"id_0\":30,\"id_1\":0,\"context_0\":\"They do not have a clothesline, so they are\",\"context_1\":\"They do not have an oven, so they are\",\"task_type\":\"attention_check\",\"choices\":[\"Don't Click This Button!\",\"Click This Button!\"],\"trial_type\":\"html-button-response\",\"trial_index\":10,\"time_elapsed\":169733,\"internal_node_id\":\"0.0-1.0-1.7-0.7\",\"subject_id\":\"607f63ce9ffa404fca0400a9\",\"study_id\":\"67e2c7f5c9ee767149702482\",\"session_id\":\"67e2ddc94409a35766dcfefb\",\"rng_seed\":\"0.17540191769471525\"},{\"rt\":13951,\"stimulus\":\"<div style=\\\"font-size:20px;\\\"><p>Which scenario is more nonsensical?</p>\\n  Reminder: <strong>Nonsensical</strong> means it does not make sense due to some basic conceptual error (\\\"I painted the house with my number.\\\"). </div>\",\"response\":0,\"stimulus_0\":\"taking a vacation to\",\"stimulus_1\":\"shattering a window using\",\"condition_0\":\"impossible\",\"condition_1\":\"impossible\",\"continuation_0\":\"the sun\",\"continuation_1\":\"confetti\",\"id_0\":61,\"id_1\":53,\"context_0\":\"They are not near the beach, so they are\",\"context_1\":\"They do not have a stone, so they are\",\"task_type\":\"critical\",\"concept\":\"inconceivable\",\"trial_type\":\"html-button-response\",\"trial_index\":11,\"time_elapsed\":183684,\"internal_node_id\":\"0.0-1.0-0.8\",\"subject_id\":\"607f63ce9ffa404fca0400a9\",\"study_id\":\"67e2c7f5c9ee767149702482\",\"session_id\":\"67e2ddc94409a35766dcfefb\",\"rng_seed\":\"0.17540191769471525\",\"response_label\":0,\"provided_context\":true},{\"rt\":11927,\"stimulus\":\"<div style=\\\"font-size:20px;\\\"><p>Which scenario is more nonsensical?</p>\\n  Reminder: <strong>Nonsensical</strong> means it does not make sense due to some basic conceptual error (\\\"I painted the house with my number.\\\"). </div>\",\"response\":1,\"stimulus_0\":\"polishing jewelry using\",\"stimulus_1\":\"cleaning a spill using\",\"condition_0\":\"impossible\",\"condition_1\":\"inconceivable\",\"continuation_0\":\"a chainsaw\",\"continuation_1\":\"a country\",\"id_0\":48,\"id_1\":11,\"context_0\":\"They do not have a cloth, so they are\",\"context_1\":\"They do not have a sponge, so they are\",\"task_type\":\"critical\",\"concept\":\"inconceivable\",\"trial_type\":\"html-button-response\",\"trial_index\":12,\"time_elapsed\":195612,\"internal_node_id\":\"0.0-1.0-0.9\",\"subject_id\":\"607f63ce9ffa404fca0400a9\",\"study_id\":\"67e2c7f5c9ee767149702482\",\"session_id\":\"67e2ddc94409a35766dcfefb\",\"rng_seed\":\"0.17540191769471525\",\"response_label\":1,\"provided_context\":true},{\"rt\":6639,\"stimulus\":\"<div style=\\\"font-size:20px;\\\"><p>Which scenario is more nonsensical?</p>\\n  Reminder: <strong>Nonsensical</strong> means it does not make sense due to some basic conceptual error (\\\"I painted the house with my number.\\\"). </div>\",\"response\":1,\"stimulus_0\":\"crushing a soda can using\",\"stimulus_1\":\"lighting a candle using\",\"condition_0\":\"improbable\",\"condition_1\":\"impossible\",\"continuation_0\":\"a chair\",\"continuation_1\":\"yogurt\",\"id_0\":20,\"id_1\":39,\"context_0\":\"They do not have a shoe, so they are\",\"context_1\":\"They do not have a match, so they are\",\"task_type\":\"critical\",\"concept\":\"inconceivable\",\"trial_type\":\"html-button-response\",\"trial_index\":13,\"time_elapsed\":202252,\"internal_node_id\":\"0.0-1.0-0.10\",\"subject_id\":\"607f63ce9ffa404fca0400a9\",\"study_id\":\"67e2c7f5c9ee767149702482\",\"session_id\":\"67e2ddc94409a35766dcfefb\",\"rng_seed\":\"0.17540191769471525\",\"response_label\":1,\"provided_context\":true},{\"rt\":4097,\"stimulus\":\"<div style=\\\"font-size:20px;\\\"><p>Which scenario is more nonsensical?</p>\\n  Reminder: <strong>Nonsensical</strong> means it does not make sense due to some basic conceptual error (\\\"I painted the house with my number.\\\"). </div>\",\"response\":1,\"stimulus_0\":\"shattering a window using\",\"stimulus_1\":\"drinking a cup full of\",\"condition_0\":\"impossible\",\"condition_1\":\"inconceivable\",\"continuation_0\":\"confetti\",\"continuation_1\":\"minutes\",\"id_0\":53,\"id_1\":28,\"context_0\":\"They do not have a stone, so they are\",\"context_1\":\"They do not have water, so they are\",\"task_type\":\"critical\",\"concept\":\"inconceivable\",\"trial_type\":\"html-button-response\",\"trial_index\":14,\"time_elapsed\":206350,\"internal_node_id\":\"0.0-1.0-0.11\",\"subject_id\":\"607f63ce9ffa404fca0400a9\",\"study_id\":\"67e2c7f5c9ee767149702482\",\"session_id\":\"67e2ddc94409a35766dcfefb\",\"rng_seed\":\"0.17540191769471525\",\"response_label\":1,\"provided_context\":true},{\"rt\":1813,\"stimulus\":\"<div style=\\\"font-size:20px;\\\"><p>Follow the instructions below.</p></div>\",\"response\":1,\"stimulus_0\":\"shattering a window using\",\"stimulus_1\":\"drinking a cup full of\",\"condition_0\":\"impossible\",\"condition_1\":\"inconceivable\",\"continuation_0\":\"confetti\",\"continuation_1\":\"minutes\",\"id_0\":53,\"id_1\":28,\"context_0\":\"They do not have a stone, so they are\",\"context_1\":\"They do not have water, so they are\",\"task_type\":\"attention_check\",\"choices\":[\"Don't Click This Button!\",\"Click This Button!\"],\"trial_type\":\"html-button-response\",\"trial_index\":15,\"time_elapsed\":208164,\"internal_node_id\":\"0.0-1.0-1.11-0.11\",\"subject_id\":\"607f63ce9ffa404fca0400a9\",\"study_id\":\"67e2c7f5c9ee767149702482\",\"session_id\":\"67e2ddc94409a35766dcfefb\",\"rng_seed\":\"0.17540191769471525\"},{\"rt\":9488,\"stimulus\":\"<div style=\\\"font-size:20px;\\\"><p>Which scenario is more nonsensical?</p>\\n  Reminder: <strong>Nonsensical</strong> means it does not make sense due to some basic conceptual error (\\\"I painted the house with my number.\\\"). </div>\",\"response\":0,\"stimulus_0\":\"painting a wall using\",\"stimulus_1\":\"filling a bucket with\",\"condition_0\":\"inconceivable\",\"condition_1\":\"impossible\",\"continuation_0\":\"a whisper\",\"continuation_1\":\"buildings\",\"id_0\":45,\"id_1\":33,\"context_0\":\"They do not have a brush, so they are\",\"context_1\":\"They are not near sand, so they are\",\"task_type\":\"critical\",\"concept\":\"inconceivable\",\"trial_type\":\"html-button-response\",\"trial_index\":16,\"time_elapsed\":217652,\"internal_node_id\":\"0.0-1.0-0.12\",\"subject_id\":\"607f63ce9ffa404fca0400a9\",\"study_id\":\"67e2c7f5c9ee767149702482\",\"session_id\":\"67e2ddc94409a35766dcfefb\",\"rng_seed\":\"0.17540191769471525\",\"response_label\":0,\"provided_context\":true},{\"rt\":6127,\"stimulus\":\"<div style=\\\"font-size:20px;\\\"><p>Which scenario is more nonsensical?</p>\\n  Reminder: <strong>Nonsensical</strong> means it does not make sense due to some basic conceptual error (\\\"I painted the house with my number.\\\"). </div>\",\"response\":0,\"stimulus_0\":\"writing an equation on\",\"stimulus_1\":\"catching a fish in\",\"condition_0\":\"inconceivable\",\"condition_1\":\"improbable\",\"continuation_0\":\"a scream\",\"continuation_1\":\"a puddle\",\"id_0\":69,\"id_1\":8,\"context_0\":\"They do not have a chalkboard, so they are\",\"context_1\":\"They are not near a lake, so they are\",\"task_type\":\"critical\",\"concept\":\"inconceivable\",\"trial_type\":\"html-button-response\",\"trial_index\":17,\"time_elapsed\":223780,\"internal_node_id\":\"0.0-1.0-0.13\",\"subject_id\":\"607f63ce9ffa404fca0400a9\",\"study_id\":\"67e2c7f5c9ee767149702482\",\"session_id\":\"67e2ddc94409a35766dcfefb\",\"rng_seed\":\"0.17540191769471525\",\"response_label\":0,\"provided_context\":true},{\"rt\":26271,\"stimulus\":\"<div style=\\\"font-size:20px;\\\"><p>Which scenario is more nonsensical?</p>\\n  Reminder: <strong>Nonsensical</strong> means it does not make sense due to some basic conceptual error (\\\"I painted the house with my number.\\\"). </div>\",\"response\":0,\"stimulus_0\":\"cutting cardboard using\",\"stimulus_1\":\"taking a vacation to\",\"condition_0\":\"inconceivable\",\"condition_1\":\"impossible\",\"continuation_0\":\"a snore\",\"continuation_1\":\"the sun\",\"id_0\":22,\"id_1\":61,\"context_0\":\"They do not have scissors, so they are\",\"context_1\":\"They are not near the beach, so they are\",\"task_type\":\"critical\",\"concept\":\"inconceivable\",\"trial_type\":\"html-button-response\",\"trial_index\":18,\"time_elapsed\":250052,\"internal_node_id\":\"0.0-1.0-0.14\",\"subject_id\":\"607f63ce9ffa404fca0400a9\",\"study_id\":\"67e2c7f5c9ee767149702482\",\"session_id\":\"67e2ddc94409a35766dcfefb\",\"rng_seed\":\"0.17540191769471525\",\"response_label\":0,\"provided_context\":true},{\"rt\":5615,\"stimulus\":\"<div style=\\\"font-size:20px;\\\"><p>Which scenario is more nonsensical?</p>\\n  Reminder: <strong>Nonsensical</strong> means it does not make sense due to some basic conceptual error (\\\"I painted the house with my number.\\\"). </div>\",\"response\":1,\"stimulus_0\":\"lighting a candle using\",\"stimulus_1\":\"baking a cake inside\",\"condition_0\":\"impossible\",\"condition_1\":\"inconceivable\",\"continuation_0\":\"yogurt\",\"continuation_1\":\"a sigh\",\"id_0\":39,\"id_1\":0,\"context_0\":\"They do not have a match, so they are\",\"context_1\":\"They do not have an oven, so they are\",\"task_type\":\"critical\",\"concept\":\"inconceivable\",\"trial_type\":\"html-button-response\",\"trial_index\":19,\"time_elapsed\":255668,\"internal_node_id\":\"0.0-1.0-0.15\",\"subject_id\":\"607f63ce9ffa404fca0400a9\",\"study_id\":\"67e2c7f5c9ee767149702482\",\"session_id\":\"67e2ddc94409a35766dcfefb\",\"rng_seed\":\"0.17540191769471525\",\"response_label\":1,\"provided_context\":true},{\"rt\":2343,\"stimulus\":\"<div style=\\\"font-size:20px;\\\"><p>Follow the instructions below.</p></div>\",\"response\":1,\"stimulus_0\":\"lighting a candle using\",\"stimulus_1\":\"baking a cake inside\",\"condition_0\":\"impossible\",\"condition_1\":\"inconceivable\",\"continuation_0\":\"yogurt\",\"continuation_1\":\"a sigh\",\"id_0\":39,\"id_1\":0,\"context_0\":\"They do not have a match, so they are\",\"context_1\":\"They do not have an oven, so they are\",\"task_type\":\"attention_check\",\"choices\":[\"Don't Click This Button!\",\"Click This Button!\"],\"trial_type\":\"html-button-response\",\"trial_index\":20,\"time_elapsed\":258012,\"internal_node_id\":\"0.0-1.0-1.15-0.15\",\"subject_id\":\"607f63ce9ffa404fca0400a9\",\"study_id\":\"67e2c7f5c9ee767149702482\",\"session_id\":\"67e2ddc94409a35766dcfefb\",\"rng_seed\":\"0.17540191769471525\"},{\"rt\":11544,\"stimulus\":\"<div style=\\\"font-size:20px;\\\"><p>Which scenario is more nonsensical?</p>\\n  Reminder: <strong>Nonsensical</strong> means it does not make sense due to some basic conceptual error (\\\"I painted the house with my number.\\\"). </div>\",\"response\":0,\"stimulus_0\":\"cutting cardboard using\",\"stimulus_1\":\"lighting a candle using\",\"condition_0\":\"inconceivable\",\"condition_1\":\"impossible\",\"continuation_0\":\"a snore\",\"continuation_1\":\"yogurt\",\"id_0\":22,\"id_1\":39,\"context_0\":\"They do not have scissors, so they are\",\"context_1\":\"They do not have a match, so they are\",\"task_type\":\"critical\",\"concept\":\"inconceivable\",\"trial_type\":\"html-button-response\",\"trial_index\":21,\"time_elapsed\":269556,\"internal_node_id\":\"0.0-1.0-0.16\",\"subject_id\":\"607f63ce9ffa404fca0400a9\",\"study_id\":\"67e2c7f5c9ee767149702482\",\"session_id\":\"67e2ddc94409a35766dcfefb\",\"rng_seed\":\"0.17540191769471525\",\"response_label\":0,\"provided_context\":true},{\"rt\":4639,\"stimulus\":\"<div style=\\\"font-size:20px;\\\"><p>Which scenario is more nonsensical?</p>\\n  Reminder: <strong>Nonsensical</strong> means it does not make sense due to some basic conceptual error (\\\"I painted the house with my number.\\\"). </div>\",\"response\":0,\"stimulus_0\":\"filling a bucket with\",\"stimulus_1\":\"squishing a blueberry using\",\"condition_0\":\"impossible\",\"condition_1\":\"improbable\",\"continuation_0\":\"buildings\",\"continuation_1\":\"[POSS] nose\",\"id_0\":33,\"id_1\":58,\"context_0\":\"They are not near sand, so they are\",\"context_1\":\"They do not have fingers, so they are\",\"task_type\":\"critical\",\"concept\":\"inconceivable\",\"trial_type\":\"html-button-response\",\"trial_index\":22,\"time_elapsed\":274196,\"internal_node_id\":\"0.0-1.0-0.17\",\"subject_id\":\"607f63ce9ffa404fca0400a9\",\"study_id\":\"67e2c7f5c9ee767149702482\",\"session_id\":\"67e2ddc94409a35766dcfefb\",\"rng_seed\":\"0.17540191769471525\",\"response_label\":0,\"provided_context\":true},{\"rt\":4312,\"stimulus\":\"<div style=\\\"font-size:20px;\\\"><p>Which scenario is more nonsensical?</p>\\n  Reminder: <strong>Nonsensical</strong> means it does not make sense due to some basic conceptual error (\\\"I painted the house with my number.\\\"). </div>\",\"response\":1,\"stimulus_0\":\"catching a fish in\",\"stimulus_1\":\"cooking dinner out of\",\"condition_0\":\"improbable\",\"condition_1\":\"impossible\",\"continuation_0\":\"a puddle\",\"continuation_1\":\"the moon\",\"id_0\":8,\"id_1\":16,\"context_0\":\"They are not near a lake, so they are\",\"context_1\":\"They do not have pasta, so they are\",\"task_type\":\"critical\",\"concept\":\"inconceivable\",\"trial_type\":\"html-button-response\",\"trial_index\":23,\"time_elapsed\":278508,\"internal_node_id\":\"0.0-1.0-0.18\",\"subject_id\":\"607f63ce9ffa404fca0400a9\",\"study_id\":\"67e2c7f5c9ee767149702482\",\"session_id\":\"67e2ddc94409a35766dcfefb\",\"rng_seed\":\"0.17540191769471525\",\"response_label\":1,\"provided_context\":true},{\"rt\":4504,\"stimulus\":\"<div style=\\\"font-size:20px;\\\"><p>Which scenario is more nonsensical?</p>\\n  Reminder: <strong>Nonsensical</strong> means it does not make sense due to some basic conceptual error (\\\"I painted the house with my number.\\\"). </div>\",\"response\":0,\"stimulus_0\":\"polishing jewelry using\",\"stimulus_1\":\"carrying groceries inside\",\"condition_0\":\"impossible\",\"condition_1\":\"improbable\",\"continuation_0\":\"a chainsaw\",\"continuation_1\":\"a backpack\",\"id_0\":48,\"id_1\":6,\"context_0\":\"They do not have a cloth, so they are\",\"context_1\":\"They do not have a tote bag, so they are\",\"task_type\":\"critical\",\"concept\":\"inconceivable\",\"trial_type\":\"html-button-response\",\"trial_index\":24,\"time_elapsed\":283012,\"internal_node_id\":\"0.0-1.0-0.19\",\"subject_id\":\"607f63ce9ffa404fca0400a9\",\"study_id\":\"67e2c7f5c9ee767149702482\",\"session_id\":\"67e2ddc94409a35766dcfefb\",\"rng_seed\":\"0.17540191769471525\",\"response_label\":0,\"provided_context\":true},{\"rt\":3951,\"stimulus\":\"<div style=\\\"font-size:20px;\\\"><p>Follow the instructions below.</p></div>\",\"response\":0,\"stimulus_0\":\"polishing jewelry using\",\"stimulus_1\":\"carrying groceries inside\",\"condition_0\":\"impossible\",\"condition_1\":\"improbable\",\"continuation_0\":\"a chainsaw\",\"continuation_1\":\"a backpack\",\"id_0\":48,\"id_1\":6,\"context_0\":\"They do not have a cloth, so they are\",\"context_1\":\"They do not have a tote bag, so they are\",\"task_type\":\"attention_check\",\"choices\":[\"Click This Button!\",\"Don't Click This Button!\"],\"trial_type\":\"html-button-response\",\"trial_index\":25,\"time_elapsed\":286964,\"internal_node_id\":\"0.0-1.0-1.19-0.19\",\"subject_id\":\"607f63ce9ffa404fca0400a9\",\"study_id\":\"67e2c7f5c9ee767149702482\",\"session_id\":\"67e2ddc94409a35766dcfefb\",\"rng_seed\":\"0.17540191769471525\"},{\"rt\":30573,\"response\":{\"language\":\"English\",\"gender\":\"Male\",\"feedback\":\"\"},\"trial_type\":\"survey-text\",\"trial_index\":26,\"time_elapsed\":317557,\"internal_node_id\":\"0.0-2.0\",\"subject_id\":\"607f63ce9ffa404fca0400a9\",\"study_id\":\"67e2c7f5c9ee767149702482\",\"session_id\":\"67e2ddc94409a35766dcfefb\",\"rng_seed\":\"0.17540191769471525\",\"task_type\":\"survey\"},{\"success\":true,\"completion_time\":\"2025-03-25T16:54:02.541Z\",\"exp_type\":\"gesture-beat-expt-pilot\"}]",
    "dir_path": "data/experiment_2_pilot"
}