{
    "prolific_data": {
        "subject_id": "665c6efa916ba5d4eb3b3bea",
        "study_id": "67e2c7f5c9ee767149702482",
        "session_id": "67e2d37bad9b85d1eb0b13dd",
        "rng_seed": "0.04901123136069141"
    },
    "data": "[{\"rt\":11689,\"stimulus\":\"\\n  <div class=\\\"jspsych-content\\\" align=left style=\\\"width:100%;text-align: left;\\\">\\n  <h2>Hello, and welcome to our study!</h2>\\n      In this study, we will ask you to 25 questions.\\n      <p>\\n      In 20 of the questions, we will need your help deciding which statement is more <strong>improbable</strong>.\\n      </p>\\n      <strong>Improbable</strong> means it is possible, but unlikely (e.g., \\\"I painted the house with my hair.\\\").\\n      <p>\\n      The remaining questions will check to make sure that you are paying attention to the study.\\n      <p>\\n    <h3>IMPORTANT:</h3>\\n    <ul>\\n      <li>Respond as quickly as you can.</li>\\n      <li>Answer the questions based on what is possible given the physical laws of the real world.</li>\\n      <li>There are no right or wrong answers. We are simply interested in your intuitions.</li>\\n      </ul>\\n    Once you are done reading this page, please press SPACEBAR to continue.\\n    </p>\\n  </div>\\n  \",\"response\":\" \",\"trial_type\":\"html-keyboard-response\",\"trial_index\":0,\"time_elapsed\":11698,\"internal_node_id\":\"0.0-0.0\",\"subject_id\":\"665c6efa916ba5d4eb3b3bea\",\"study_id\":\"67e2c7f5c9ee767149702482\",\"session_id\":\"67e2d37bad9b85d1eb0b13dd\",\"rng_seed\":\"0.04901123136069141\"},{\"rt\":11036,\"stimulus\":\"<div style=\\\"font-size:20px;\\\"><p>Which scenario is more improbable?</p>\\n  Reminder: <strong>Improbable</strong> means it is possible, but unlikely (e.g., \\\"I painted the house with my hair.\\\").</div>\",\"response\":0,\"stimulus_0\":\"filling a bucket with\",\"stimulus_1\":\"drying laundry using\",\"condition_0\":\"impossible\",\"condition_1\":\"improbable\",\"continuation_0\":\"buildings\",\"continuation_1\":\"a fan\",\"id_0\":33,\"id_1\":30,\"context_0\":\"They are not near sand, so they are\",\"context_1\":\"They do not have a clothesline, so they are\",\"task_type\":\"critical\",\"concept\":\"improbable\",\"trial_type\":\"html-button-response\",\"trial_index\":1,\"time_elapsed\":22737,\"internal_node_id\":\"0.0-1.0-0.0\",\"subject_id\":\"665c6efa916ba5d4eb3b3bea\",\"study_id\":\"67e2c7f5c9ee767149702482\",\"session_id\":\"67e2d37bad9b85d1eb0b13dd\",\"rng_seed\":\"0.04901123136069141\",\"response_label\":0,\"provided_context\":true},{\"rt\":2497,\"stimulus\":\"<div style=\\\"font-size:20px;\\\"><p>Which scenario is more improbable?</p>\\n  Reminder: <strong>Improbable</strong> means it is possible, but unlikely (e.g., \\\"I painted the house with my hair.\\\").</div>\",\"response\":0,\"stimulus_0\":\"unlocking a door using\",\"stimulus_1\":\"building a bridge out of\",\"condition_0\":\"impossible\",\"condition_1\":\"improbable\",\"continuation_0\":\"a marshmallow\",\"continuation_1\":\"plastic\",\"id_0\":64,\"id_1\":4,\"context_0\":\"They do not have a key, so they are\",\"context_1\":\"They do not have any steel, so they are\",\"task_type\":\"critical\",\"concept\":\"improbable\",\"trial_type\":\"html-button-response\",\"trial_index\":2,\"time_elapsed\":25236,\"internal_node_id\":\"0.0-1.0-0.1\",\"subject_id\":\"665c6efa916ba5d4eb3b3bea\",\"study_id\":\"67e2c7f5c9ee767149702482\",\"session_id\":\"67e2d37bad9b85d1eb0b13dd\",\"rng_seed\":\"0.04901123136069141\",\"response_label\":0,\"provided_context\":true},{\"rt\":10139,\"stimulus\":\"<div style=\\\"font-size:20px;\\\"><p>Which scenario is more improbable?</p>\\n  Reminder: <strong>Improbable</strong> means it is possible, but unlikely (e.g., \\\"I painted the house with my hair.\\\").</div>\",\"response\":1,\"stimulus_0\":\"cooking dinner out of\",\"stimulus_1\":\"writing an equation on\",\"condition_0\":\"impossible\",\"condition_1\":\"inconceivable\",\"continuation_0\":\"the moon\",\"continuation_1\":\"a scream\",\"id_0\":16,\"id_1\":69,\"context_0\":\"They do not have pasta, so they are\",\"context_1\":\"They do not have a chalkboard, so they are\",\"task_type\":\"critical\",\"concept\":\"improbable\",\"trial_type\":\"html-button-response\",\"trial_index\":3,\"time_elapsed\":35377,\"internal_node_id\":\"0.0-1.0-0.2\",\"subject_id\":\"665c6efa916ba5d4eb3b3bea\",\"study_id\":\"67e2c7f5c9ee767149702482\",\"session_id\":\"67e2d37bad9b85d1eb0b13dd\",\"rng_seed\":\"0.04901123136069141\",\"response_label\":1,\"provided_context\":true},{\"rt\":14041,\"stimulus\":\"<div style=\\\"font-size:20px;\\\"><p>Which scenario is more improbable?</p>\\n  Reminder: <strong>Improbable</strong> means it is possible, but unlikely (e.g., \\\"I painted the house with my hair.\\\").</div>\",\"response\":1,\"stimulus_0\":\"shaving [POSS] beard using\",\"stimulus_1\":\"cutting cardboard using\",\"condition_0\":\"inconceivable\",\"condition_1\":\"inconceivable\",\"continuation_0\":\"a belief\",\"continuation_1\":\"a snore\",\"id_0\":54,\"id_1\":22,\"context_0\":\"They do not have a razor, so they are\",\"context_1\":\"They do not have scissors, so they are\",\"task_type\":\"critical\",\"concept\":\"improbable\",\"trial_type\":\"html-button-response\",\"trial_index\":4,\"time_elapsed\":49422,\"internal_node_id\":\"0.0-1.0-0.3\",\"subject_id\":\"665c6efa916ba5d4eb3b3bea\",\"study_id\":\"67e2c7f5c9ee767149702482\",\"session_id\":\"67e2d37bad9b85d1eb0b13dd\",\"rng_seed\":\"0.04901123136069141\",\"response_label\":1,\"provided_context\":true},{\"rt\":2419,\"stimulus\":\"<div style=\\\"font-size:20px;\\\"><p>Follow the instructions below.</p></div>\",\"response\":1,\"stimulus_0\":\"shaving [POSS] beard using\",\"stimulus_1\":\"cutting cardboard using\",\"condition_0\":\"inconceivable\",\"condition_1\":\"inconceivable\",\"continuation_0\":\"a belief\",\"continuation_1\":\"a snore\",\"id_0\":54,\"id_1\":22,\"context_0\":\"They do not have a razor, so they are\",\"context_1\":\"They do not have scissors, so they are\",\"task_type\":\"attention_check\",\"choices\":[\"Don't Click This Button!\",\"Click This Button!\"],\"trial_type\":\"html-button-response\",\"trial_index\":5,\"time_elapsed\":51843,\"internal_node_id\":\"0.0-1.0-1.3-0.3\",\"subject_id\":\"665c6efa916ba5d4eb3b3bea\",\"study_id\":\"67e2c7f5c9ee767149702482\",\"session_id\":\"67e2d37bad9b85d1eb0b13dd\",\"rng_seed\":\"0.04901123136069141\"},{\"rt\":6522,\"stimulus\":\"<div style=\\\"font-size:20px;\\\"><p>Which scenario is more improbable?</p>\\n  Reminder: <strong>Improbable</strong> means it is possible, but unlikely (e.g., \\\"I painted the house with my hair.\\\").</div>\",\"response\":1,\"stimulus_0\":\"shaving [POSS] beard using\",\"stimulus_1\":\"baking a cake inside\",\"condition_0\":\"inconceivable\",\"condition_1\":\"inconceivable\",\"continuation_0\":\"a belief\",\"continuation_1\":\"a sigh\",\"id_0\":54,\"id_1\":0,\"context_0\":\"They do not have a razor, so they are\",\"context_1\":\"They do not have an oven, so they are\",\"task_type\":\"critical\",\"concept\":\"improbable\",\"trial_type\":\"html-button-response\",\"trial_index\":6,\"time_elapsed\":58370,\"internal_node_id\":\"0.0-1.0-0.4\",\"subject_id\":\"665c6efa916ba5d4eb3b3bea\",\"study_id\":\"67e2c7f5c9ee767149702482\",\"session_id\":\"67e2d37bad9b85d1eb0b13dd\",\"rng_seed\":\"0.04901123136069141\",\"response_label\":1,\"provided_context\":true},{\"rt\":7193,\"stimulus\":\"<div style=\\\"font-size:20px;\\\"><p>Which scenario is more improbable?</p>\\n  Reminder: <strong>Improbable</strong> means it is possible, but unlikely (e.g., \\\"I painted the house with my hair.\\\").</div>\",\"response\":1,\"stimulus_0\":\"filling a bucket with\",\"stimulus_1\":\"hanging a painting using\",\"condition_0\":\"impossible\",\"condition_1\":\"inconceivable\",\"continuation_0\":\"buildings\",\"continuation_1\":\"a handshake\",\"id_0\":33,\"id_1\":36,\"context_0\":\"They are not near sand, so they are\",\"context_1\":\"They do not have screws, so they are\",\"task_type\":\"critical\",\"concept\":\"improbable\",\"trial_type\":\"html-button-response\",\"trial_index\":7,\"time_elapsed\":65565,\"internal_node_id\":\"0.0-1.0-0.5\",\"subject_id\":\"665c6efa916ba5d4eb3b3bea\",\"study_id\":\"67e2c7f5c9ee767149702482\",\"session_id\":\"67e2d37bad9b85d1eb0b13dd\",\"rng_seed\":\"0.04901123136069141\",\"response_label\":1,\"provided_context\":true},{\"rt\":6206,\"stimulus\":\"<div style=\\\"font-size:20px;\\\"><p>Which scenario is more improbable?</p>\\n  Reminder: <strong>Improbable</strong> means it is possible, but unlikely (e.g., \\\"I painted the house with my hair.\\\").</div>\",\"response\":1,\"stimulus_0\":\"cleaning a spill using\",\"stimulus_1\":\"baking a cake inside\",\"condition_0\":\"inconceivable\",\"condition_1\":\"inconceivable\",\"continuation_0\":\"a country\",\"continuation_1\":\"a sigh\",\"id_0\":11,\"id_1\":0,\"context_0\":\"They do not have a sponge, so they are\",\"context_1\":\"They do not have an oven, so they are\",\"task_type\":\"critical\",\"concept\":\"improbable\",\"trial_type\":\"html-button-response\",\"trial_index\":8,\"time_elapsed\":71773,\"internal_node_id\":\"0.0-1.0-0.6\",\"subject_id\":\"665c6efa916ba5d4eb3b3bea\",\"study_id\":\"67e2c7f5c9ee767149702482\",\"session_id\":\"67e2d37bad9b85d1eb0b13dd\",\"rng_seed\":\"0.04901123136069141\",\"response_label\":1,\"provided_context\":true},{\"rt\":4397,\"stimulus\":\"<div style=\\\"font-size:20px;\\\"><p>Which scenario is more improbable?</p>\\n  Reminder: <strong>Improbable</strong> means it is possible, but unlikely (e.g., \\\"I painted the house with my hair.\\\").</div>\",\"response\":1,\"stimulus_0\":\"filling a bucket with\",\"stimulus_1\":\"hanging a painting using\",\"condition_0\":\"impossible\",\"condition_1\":\"inconceivable\",\"continuation_0\":\"buildings\",\"continuation_1\":\"a handshake\",\"id_0\":33,\"id_1\":36,\"context_0\":\"They are not near sand, so they are\",\"context_1\":\"They do not have screws, so they are\",\"task_type\":\"critical\",\"concept\":\"improbable\",\"trial_type\":\"html-button-response\",\"trial_index\":9,\"time_elapsed\":76173,\"internal_node_id\":\"0.0-1.0-0.7\",\"subject_id\":\"665c6efa916ba5d4eb3b3bea\",\"study_id\":\"67e2c7f5c9ee767149702482\",\"session_id\":\"67e2d37bad9b85d1eb0b13dd\",\"rng_seed\":\"0.04901123136069141\",\"response_label\":1,\"provided_context\":true},{\"rt\":1964,\"stimulus\":\"<div style=\\\"font-size:20px;\\\"><p>Follow the instructions below.</p></div>\",\"response\":0,\"stimulus_0\":\"filling a bucket with\",\"stimulus_1\":\"hanging a painting using\",\"condition_0\":\"impossible\",\"condition_1\":\"inconceivable\",\"continuation_0\":\"buildings\",\"continuation_1\":\"a handshake\",\"id_0\":33,\"id_1\":36,\"context_0\":\"They are not near sand, so they are\",\"context_1\":\"They do not have screws, so they are\",\"task_type\":\"attention_check\",\"choices\":[\"Click This Button!\",\"Don't Click This Button!\"],\"trial_type\":\"html-button-response\",\"trial_index\":10,\"time_elapsed\":78139,\"internal_node_id\":\"0.0-1.0-1.7-0.7\",\"subject_id\":\"665c6efa916ba5d4eb3b3bea\",\"study_id\":\"67e2c7f5c9ee767149702482\",\"session_id\":\"67e2d37bad9b85d1eb0b13dd\",\"rng_seed\":\"0.04901123136069141\"},{\"rt\":12685,\"stimulus\":\"<div style=\\\"font-size:20px;\\\"><p>Which scenario is more improbable?</p>\\n  Reminder: <strong>Improbable</strong> means it is possible, but unlikely (e.g., \\\"I painted the house with my hair.\\\").</div>\",\"response\":0,\"stimulus_0\":\"baking a cake inside\",\"stimulus_1\":\"crafting a bowl out of\",\"condition_0\":\"inconceivable\",\"condition_1\":\"impossible\",\"continuation_0\":\"a sigh\",\"continuation_1\":\"smoke\",\"id_0\":0,\"id_1\":19,\"context_0\":\"They do not have an oven, so they are\",\"context_1\":\"They do not have clay, so they are\",\"task_type\":\"critical\",\"concept\":\"improbable\",\"trial_type\":\"html-button-response\",\"trial_index\":11,\"time_elapsed\":90827,\"internal_node_id\":\"0.0-1.0-0.8\",\"subject_id\":\"665c6efa916ba5d4eb3b3bea\",\"study_id\":\"67e2c7f5c9ee767149702482\",\"session_id\":\"67e2d37bad9b85d1eb0b13dd\",\"rng_seed\":\"0.04901123136069141\",\"response_label\":0,\"provided_context\":true},{\"rt\":4228,\"stimulus\":\"<div style=\\\"font-size:20px;\\\"><p>Which scenario is more improbable?</p>\\n  Reminder: <strong>Improbable</strong> means it is possible, but unlikely (e.g., \\\"I painted the house with my hair.\\\").</div>\",\"response\":1,\"stimulus_0\":\"drying laundry using\",\"stimulus_1\":\"cooling a room using\",\"condition_0\":\"improbable\",\"condition_1\":\"inconceivable\",\"continuation_0\":\"a fan\",\"continuation_1\":\"a taste\",\"id_0\":30,\"id_1\":17,\"context_0\":\"They do not have a clothesline, so they are\",\"context_1\":\"They do not have a fan, so they are\",\"task_type\":\"critical\",\"concept\":\"improbable\",\"trial_type\":\"html-button-response\",\"trial_index\":12,\"time_elapsed\":95058,\"internal_node_id\":\"0.0-1.0-0.9\",\"subject_id\":\"665c6efa916ba5d4eb3b3bea\",\"study_id\":\"67e2c7f5c9ee767149702482\",\"session_id\":\"67e2d37bad9b85d1eb0b13dd\",\"rng_seed\":\"0.04901123136069141\",\"response_label\":1,\"provided_context\":true},{\"rt\":3978,\"stimulus\":\"<div style=\\\"font-size:20px;\\\"><p>Which scenario is more improbable?</p>\\n  Reminder: <strong>Improbable</strong> means it is possible, but unlikely (e.g., \\\"I painted the house with my hair.\\\").</div>\",\"response\":0,\"stimulus_0\":\"filling a bucket with\",\"stimulus_1\":\"drying laundry using\",\"condition_0\":\"impossible\",\"condition_1\":\"improbable\",\"continuation_0\":\"buildings\",\"continuation_1\":\"a fan\",\"id_0\":33,\"id_1\":30,\"context_0\":\"They are not near sand, so they are\",\"context_1\":\"They do not have a clothesline, so they are\",\"task_type\":\"critical\",\"concept\":\"improbable\",\"trial_type\":\"html-button-response\",\"trial_index\":13,\"time_elapsed\":99039,\"internal_node_id\":\"0.0-1.0-0.10\",\"subject_id\":\"665c6efa916ba5d4eb3b3bea\",\"study_id\":\"67e2c7f5c9ee767149702482\",\"session_id\":\"67e2d37bad9b85d1eb0b13dd\",\"rng_seed\":\"0.04901123136069141\",\"response_label\":0,\"provided_context\":true},{\"rt\":4056,\"stimulus\":\"<div style=\\\"font-size:20px;\\\"><p>Which scenario is more improbable?</p>\\n  Reminder: <strong>Improbable</strong> means it is possible, but unlikely (e.g., \\\"I painted the house with my hair.\\\").</div>\",\"response\":0,\"stimulus_0\":\"writing an equation on\",\"stimulus_1\":\"cooking dinner out of\",\"condition_0\":\"inconceivable\",\"condition_1\":\"impossible\",\"continuation_0\":\"a scream\",\"continuation_1\":\"the moon\",\"id_0\":69,\"id_1\":16,\"context_0\":\"They do not have a chalkboard, so they are\",\"context_1\":\"They do not have pasta, so they are\",\"task_type\":\"critical\",\"concept\":\"improbable\",\"trial_type\":\"html-button-response\",\"trial_index\":14,\"time_elapsed\":103098,\"internal_node_id\":\"0.0-1.0-0.11\",\"subject_id\":\"665c6efa916ba5d4eb3b3bea\",\"study_id\":\"67e2c7f5c9ee767149702482\",\"session_id\":\"67e2d37bad9b85d1eb0b13dd\",\"rng_seed\":\"0.04901123136069141\",\"response_label\":0,\"provided_context\":true},{\"rt\":1831,\"stimulus\":\"<div style=\\\"font-size:20px;\\\"><p>Follow the instructions below.</p></div>\",\"response\":1,\"stimulus_0\":\"writing an equation on\",\"stimulus_1\":\"cooking dinner out of\",\"condition_0\":\"inconceivable\",\"condition_1\":\"impossible\",\"continuation_0\":\"a scream\",\"continuation_1\":\"the moon\",\"id_0\":69,\"id_1\":16,\"context_0\":\"They do not have a chalkboard, so they are\",\"context_1\":\"They do not have pasta, so they are\",\"task_type\":\"attention_check\",\"choices\":[\"Don't Click This Button!\",\"Click This Button!\"],\"trial_type\":\"html-button-response\",\"trial_index\":15,\"time_elapsed\":104932,\"internal_node_id\":\"0.0-1.0-1.11-0.11\",\"subject_id\":\"665c6efa916ba5d4eb3b3bea\",\"study_id\":\"67e2c7f5c9ee767149702482\",\"session_id\":\"67e2d37bad9b85d1eb0b13dd\",\"rng_seed\":\"0.04901123136069141\"},{\"rt\":6053,\"stimulus\":\"<div style=\\\"font-size:20px;\\\"><p>Which scenario is more improbable?</p>\\n  Reminder: <strong>Improbable</strong> means it is possible, but unlikely (e.g., \\\"I painted the house with my hair.\\\").</div>\",\"response\":1,\"stimulus_0\":\"cleaning a spill using\",\"stimulus_1\":\"digging a hole using\",\"condition_0\":\"inconceivable\",\"condition_1\":\"impossible\",\"continuation_0\":\"a country\",\"continuation_1\":\"dirt\",\"id_0\":11,\"id_1\":24,\"context_0\":\"They do not have a sponge, so they are\",\"context_1\":\"They do not have a shovel, so they are\",\"task_type\":\"critical\",\"concept\":\"improbable\",\"trial_type\":\"html-button-response\",\"trial_index\":16,\"time_elapsed\":110988,\"internal_node_id\":\"0.0-1.0-0.12\",\"subject_id\":\"665c6efa916ba5d4eb3b3bea\",\"study_id\":\"67e2c7f5c9ee767149702482\",\"session_id\":\"67e2d37bad9b85d1eb0b13dd\",\"rng_seed\":\"0.04901123136069141\",\"response_label\":1,\"provided_context\":true},{\"rt\":4297,\"stimulus\":\"<div style=\\\"font-size:20px;\\\"><p>Which scenario is more improbable?</p>\\n  Reminder: <strong>Improbable</strong> means it is possible, but unlikely (e.g., \\\"I painted the house with my hair.\\\").</div>\",\"response\":0,\"stimulus_0\":\"taking a vacation to\",\"stimulus_1\":\"cleaning a spill using\",\"condition_0\":\"impossible\",\"condition_1\":\"inconceivable\",\"continuation_0\":\"the sun\",\"continuation_1\":\"a country\",\"id_0\":61,\"id_1\":11,\"context_0\":\"They are not near the beach, so they are\",\"context_1\":\"They do not have a sponge, so they are\",\"task_type\":\"critical\",\"concept\":\"improbable\",\"trial_type\":\"html-button-response\",\"trial_index\":17,\"time_elapsed\":115287,\"internal_node_id\":\"0.0-1.0-0.13\",\"subject_id\":\"665c6efa916ba5d4eb3b3bea\",\"study_id\":\"67e2c7f5c9ee767149702482\",\"session_id\":\"67e2d37bad9b85d1eb0b13dd\",\"rng_seed\":\"0.04901123136069141\",\"response_label\":0,\"provided_context\":true},{\"rt\":8266,\"stimulus\":\"<div style=\\\"font-size:20px;\\\"><p>Which scenario is more improbable?</p>\\n  Reminder: <strong>Improbable</strong> means it is possible, but unlikely (e.g., \\\"I painted the house with my hair.\\\").</div>\",\"response\":1,\"stimulus_0\":\"eating soup using\",\"stimulus_1\":\"taking a vacation to\",\"condition_0\":\"improbable\",\"condition_1\":\"impossible\",\"continuation_0\":\"a bucket\",\"continuation_1\":\"the sun\",\"id_0\":31,\"id_1\":61,\"context_0\":\"They do not have a spoon, so they are\",\"context_1\":\"They are not near the beach, so they are\",\"task_type\":\"critical\",\"concept\":\"improbable\",\"trial_type\":\"html-button-response\",\"trial_index\":18,\"time_elapsed\":123557,\"internal_node_id\":\"0.0-1.0-0.14\",\"subject_id\":\"665c6efa916ba5d4eb3b3bea\",\"study_id\":\"67e2c7f5c9ee767149702482\",\"session_id\":\"67e2d37bad9b85d1eb0b13dd\",\"rng_seed\":\"0.04901123136069141\",\"response_label\":1,\"provided_context\":true},{\"rt\":5702,\"stimulus\":\"<div style=\\\"font-size:20px;\\\"><p>Which scenario is more improbable?</p>\\n  Reminder: <strong>Improbable</strong> means it is possible, but unlikely (e.g., \\\"I painted the house with my hair.\\\").</div>\",\"response\":0,\"stimulus_0\":\"cleaning a spill using\",\"stimulus_1\":\"building a bridge out of\",\"condition_0\":\"inconceivable\",\"condition_1\":\"improbable\",\"continuation_0\":\"a country\",\"continuation_1\":\"plastic\",\"id_0\":11,\"id_1\":4,\"context_0\":\"They do not have a sponge, so they are\",\"context_1\":\"They do not have any steel, so they are\",\"task_type\":\"critical\",\"concept\":\"improbable\",\"trial_type\":\"html-button-response\",\"trial_index\":19,\"time_elapsed\":129261,\"internal_node_id\":\"0.0-1.0-0.15\",\"subject_id\":\"665c6efa916ba5d4eb3b3bea\",\"study_id\":\"67e2c7f5c9ee767149702482\",\"session_id\":\"67e2d37bad9b85d1eb0b13dd\",\"rng_seed\":\"0.04901123136069141\",\"response_label\":0,\"provided_context\":true},{\"rt\":1820,\"stimulus\":\"<div style=\\\"font-size:20px;\\\"><p>Follow the instructions below.</p></div>\",\"response\":0,\"stimulus_0\":\"cleaning a spill using\",\"stimulus_1\":\"building a bridge out of\",\"condition_0\":\"inconceivable\",\"condition_1\":\"improbable\",\"continuation_0\":\"a country\",\"continuation_1\":\"plastic\",\"id_0\":11,\"id_1\":4,\"context_0\":\"They do not have a sponge, so they are\",\"context_1\":\"They do not have any steel, so they are\",\"task_type\":\"attention_check\",\"choices\":[\"Click This Button!\",\"Don't Click This Button!\"],\"trial_type\":\"html-button-response\",\"trial_index\":20,\"time_elapsed\":131084,\"internal_node_id\":\"0.0-1.0-1.15-0.15\",\"subject_id\":\"665c6efa916ba5d4eb3b3bea\",\"study_id\":\"67e2c7f5c9ee767149702482\",\"session_id\":\"67e2d37bad9b85d1eb0b13dd\",\"rng_seed\":\"0.04901123136069141\"},{\"rt\":11327,\"stimulus\":\"<div style=\\\"font-size:20px;\\\"><p>Which scenario is more improbable?</p>\\n  Reminder: <strong>Improbable</strong> means it is possible, but unlikely (e.g., \\\"I painted the house with my hair.\\\").</div>\",\"response\":1,\"stimulus_0\":\"lighting a candle using\",\"stimulus_1\":\"taking a vacation to\",\"condition_0\":\"impossible\",\"condition_1\":\"impossible\",\"continuation_0\":\"yogurt\",\"continuation_1\":\"the sun\",\"id_0\":39,\"id_1\":61,\"context_0\":\"They do not have a match, so they are\",\"context_1\":\"They are not near the beach, so they are\",\"task_type\":\"critical\",\"concept\":\"improbable\",\"trial_type\":\"html-button-response\",\"trial_index\":21,\"time_elapsed\":142415,\"internal_node_id\":\"0.0-1.0-0.16\",\"subject_id\":\"665c6efa916ba5d4eb3b3bea\",\"study_id\":\"67e2c7f5c9ee767149702482\",\"session_id\":\"67e2d37bad9b85d1eb0b13dd\",\"rng_seed\":\"0.04901123136069141\",\"response_label\":1,\"provided_context\":true},{\"rt\":3734,\"stimulus\":\"<div style=\\\"font-size:20px;\\\"><p>Which scenario is more improbable?</p>\\n  Reminder: <strong>Improbable</strong> means it is possible, but unlikely (e.g., \\\"I painted the house with my hair.\\\").</div>\",\"response\":1,\"stimulus_0\":\"cooking dinner out of\",\"stimulus_1\":\"cooling a room using\",\"condition_0\":\"impossible\",\"condition_1\":\"inconceivable\",\"continuation_0\":\"the moon\",\"continuation_1\":\"a taste\",\"id_0\":16,\"id_1\":17,\"context_0\":\"They do not have pasta, so they are\",\"context_1\":\"They do not have a fan, so they are\",\"task_type\":\"critical\",\"concept\":\"improbable\",\"trial_type\":\"html-button-response\",\"trial_index\":22,\"time_elapsed\":146152,\"internal_node_id\":\"0.0-1.0-0.17\",\"subject_id\":\"665c6efa916ba5d4eb3b3bea\",\"study_id\":\"67e2c7f5c9ee767149702482\",\"session_id\":\"67e2d37bad9b85d1eb0b13dd\",\"rng_seed\":\"0.04901123136069141\",\"response_label\":1,\"provided_context\":true},{\"rt\":4239,\"stimulus\":\"<div style=\\\"font-size:20px;\\\"><p>Which scenario is more improbable?</p>\\n  Reminder: <strong>Improbable</strong> means it is possible, but unlikely (e.g., \\\"I painted the house with my hair.\\\").</div>\",\"response\":0,\"stimulus_0\":\"hanging a painting using\",\"stimulus_1\":\"polishing jewelry using\",\"condition_0\":\"inconceivable\",\"condition_1\":\"impossible\",\"continuation_0\":\"a handshake\",\"continuation_1\":\"a chainsaw\",\"id_0\":36,\"id_1\":48,\"context_0\":\"They do not have screws, so they are\",\"context_1\":\"They do not have a cloth, so they are\",\"task_type\":\"critical\",\"concept\":\"improbable\",\"trial_type\":\"html-button-response\",\"trial_index\":23,\"time_elapsed\":150393,\"internal_node_id\":\"0.0-1.0-0.18\",\"subject_id\":\"665c6efa916ba5d4eb3b3bea\",\"study_id\":\"67e2c7f5c9ee767149702482\",\"session_id\":\"67e2d37bad9b85d1eb0b13dd\",\"rng_seed\":\"0.04901123136069141\",\"response_label\":0,\"provided_context\":true},{\"rt\":4048,\"stimulus\":\"<div style=\\\"font-size:20px;\\\"><p>Which scenario is more improbable?</p>\\n  Reminder: <strong>Improbable</strong> means it is possible, but unlikely (e.g., \\\"I painted the house with my hair.\\\").</div>\",\"response\":0,\"stimulus_0\":\"digging a hole using\",\"stimulus_1\":\"squishing a blueberry using\",\"condition_0\":\"impossible\",\"condition_1\":\"improbable\",\"continuation_0\":\"dirt\",\"continuation_1\":\"[POSS] nose\",\"id_0\":24,\"id_1\":58,\"context_0\":\"They do not have a shovel, so they are\",\"context_1\":\"They do not have fingers, so they are\",\"task_type\":\"critical\",\"concept\":\"improbable\",\"trial_type\":\"html-button-response\",\"trial_index\":24,\"time_elapsed\":154444,\"internal_node_id\":\"0.0-1.0-0.19\",\"subject_id\":\"665c6efa916ba5d4eb3b3bea\",\"study_id\":\"67e2c7f5c9ee767149702482\",\"session_id\":\"67e2d37bad9b85d1eb0b13dd\",\"rng_seed\":\"0.04901123136069141\",\"response_label\":0,\"provided_context\":true},{\"rt\":1418,\"stimulus\":\"<div style=\\\"font-size:20px;\\\"><p>Follow the instructions below.</p></div>\",\"response\":0,\"stimulus_0\":\"digging a hole using\",\"stimulus_1\":\"squishing a blueberry using\",\"condition_0\":\"impossible\",\"condition_1\":\"improbable\",\"continuation_0\":\"dirt\",\"continuation_1\":\"[POSS] nose\",\"id_0\":24,\"id_1\":58,\"context_0\":\"They do not have a shovel, so they are\",\"context_1\":\"They do not have fingers, so they are\",\"task_type\":\"attention_check\",\"choices\":[\"Click This Button!\",\"Don't Click This Button!\"],\"trial_type\":\"html-button-response\",\"trial_index\":25,\"time_elapsed\":155864,\"internal_node_id\":\"0.0-1.0-1.19-0.19\",\"subject_id\":\"665c6efa916ba5d4eb3b3bea\",\"study_id\":\"67e2c7f5c9ee767149702482\",\"session_id\":\"67e2d37bad9b85d1eb0b13dd\",\"rng_seed\":\"0.04901123136069141\"},{\"rt\":13220,\"response\":{\"language\":\"English\",\"gender\":\"female\",\"feedback\":\"\"},\"trial_type\":\"survey-text\",\"trial_index\":26,\"time_elapsed\":169109,\"internal_node_id\":\"0.0-2.0\",\"subject_id\":\"665c6efa916ba5d4eb3b3bea\",\"study_id\":\"67e2c7f5c9ee767149702482\",\"session_id\":\"67e2d37bad9b85d1eb0b13dd\",\"rng_seed\":\"0.04901123136069141\",\"task_type\":\"survey\"},{\"success\":true,\"completion_time\":\"2025-03-25T16:05:20.065Z\",\"exp_type\":\"gesture-beat-expt-pilot\"}]",
    "dir_path": "data/experiment_2_pilot"
}