{
    "prolific_data": {
        "subject_id": "673d0406203f5d0b21ac3738",
        "study_id": "67e2c7f5c9ee767149702482",
        "session_id": "67e2d5c8f4bbbfa4d0e41eef",
        "rng_seed": "0.6064579858194799"
    },
    "data": "[{\"rt\":32669,\"stimulus\":\"\\n  <div class=\\\"jspsych-content\\\" align=left style=\\\"width:100%;text-align: left;\\\">\\n  <h2>Hello, and welcome to our study!</h2>\\n      In this study, we will ask you to 25 questions.\\n      <p>\\n      In 20 of the questions, we will need your help deciding which statement is more <strong>impossible</strong>.\\n      </p>\\n      <strong>Impossible</strong> means it cannot happen in our world given the laws of nature, but may happen in a fictional world (e.g., \\\"I painted the house with my mind.\\\"). \\n      <p>\\n      The remaining questions will check to make sure that you are paying attention to the study.\\n      <p>\\n    <h3>IMPORTANT:</h3>\\n    <ul>\\n      <li>Respond as quickly as you can.</li>\\n      <li>Answer the questions based on what is possible given the physical laws of the real world.</li>\\n      <li>There are no right or wrong answers. We are simply interested in your intuitions.</li>\\n      </ul>\\n    Once you are done reading this page, please press SPACEBAR to continue.\\n    </p>\\n  </div>\\n  \",\"response\":\" \",\"trial_type\":\"html-keyboard-response\",\"trial_index\":0,\"time_elapsed\":32673,\"internal_node_id\":\"0.0-0.0\",\"subject_id\":\"673d0406203f5d0b21ac3738\",\"study_id\":\"67e2c7f5c9ee767149702482\",\"session_id\":\"67e2d5c8f4bbbfa4d0e41eef\",\"rng_seed\":\"0.6064579858194799\"},{\"rt\":13048,\"stimulus\":\"<div style=\\\"font-size:20px;\\\"><p>Which scenario is more impossible?</p>\\n  Reminder: <strong>Impossible</strong> means it cannot happen in our world given the laws of nature, but may happen in a fictional world (e.g., \\\"I painted the house with my mind.\\\"). </div>\",\"response\":1,\"stimulus_0\":\"carrying groceries inside\",\"stimulus_1\":\"carving a statue using\",\"condition_0\":\"improbable\",\"condition_1\":\"impossible\",\"continuation_0\":\"a backpack\",\"continuation_1\":\"a sock\",\"id_0\":6,\"id_1\":7,\"context_0\":\"They do not have a tote bag, so they are\",\"context_1\":\"They do not have a chisel, so they are\",\"task_type\":\"critical\",\"concept\":\"impossible\",\"trial_type\":\"html-button-response\",\"trial_index\":1,\"time_elapsed\":45723,\"internal_node_id\":\"0.0-1.0-0.0\",\"subject_id\":\"673d0406203f5d0b21ac3738\",\"study_id\":\"67e2c7f5c9ee767149702482\",\"session_id\":\"67e2d5c8f4bbbfa4d0e41eef\",\"rng_seed\":\"0.6064579858194799\",\"response_label\":1,\"provided_context\":true},{\"rt\":3494,\"stimulus\":\"<div style=\\\"font-size:20px;\\\"><p>Which scenario is more impossible?</p>\\n  Reminder: <strong>Impossible</strong> means it cannot happen in our world given the laws of nature, but may happen in a fictional world (e.g., \\\"I painted the house with my mind.\\\"). </div>\",\"response\":1,\"stimulus_0\":\"unlocking a door using\",\"stimulus_1\":\"lighting a candle using\",\"condition_0\":\"impossible\",\"condition_1\":\"impossible\",\"continuation_0\":\"a marshmallow\",\"continuation_1\":\"yogurt\",\"id_0\":64,\"id_1\":39,\"context_0\":\"They do not have a key, so they are\",\"context_1\":\"They do not have a match, so they are\",\"task_type\":\"critical\",\"concept\":\"impossible\",\"trial_type\":\"html-button-response\",\"trial_index\":2,\"time_elapsed\":49218,\"internal_node_id\":\"0.0-1.0-0.1\",\"subject_id\":\"673d0406203f5d0b21ac3738\",\"study_id\":\"67e2c7f5c9ee767149702482\",\"session_id\":\"67e2d5c8f4bbbfa4d0e41eef\",\"rng_seed\":\"0.6064579858194799\",\"response_label\":1,\"provided_context\":true},{\"rt\":15809,\"stimulus\":\"<div style=\\\"font-size:20px;\\\"><p>Which scenario is more impossible?</p>\\n  Reminder: <strong>Impossible</strong> means it cannot happen in our world given the laws of nature, but may happen in a fictional world (e.g., \\\"I painted the house with my mind.\\\"). </div>\",\"response\":0,\"stimulus_0\":\"taking a vacation to\",\"stimulus_1\":\"eating soup using\",\"condition_0\":\"impossible\",\"condition_1\":\"improbable\",\"continuation_0\":\"the sun\",\"continuation_1\":\"a bucket\",\"id_0\":61,\"id_1\":31,\"context_0\":\"They are not near the beach, so they are\",\"context_1\":\"They do not have a spoon, so they are\",\"task_type\":\"critical\",\"concept\":\"impossible\",\"trial_type\":\"html-button-response\",\"trial_index\":3,\"time_elapsed\":65029,\"internal_node_id\":\"0.0-1.0-0.2\",\"subject_id\":\"673d0406203f5d0b21ac3738\",\"study_id\":\"67e2c7f5c9ee767149702482\",\"session_id\":\"67e2d5c8f4bbbfa4d0e41eef\",\"rng_seed\":\"0.6064579858194799\",\"response_label\":0,\"provided_context\":true},{\"rt\":7523,\"stimulus\":\"<div style=\\\"font-size:20px;\\\"><p>Which scenario is more impossible?</p>\\n  Reminder: <strong>Impossible</strong> means it cannot happen in our world given the laws of nature, but may happen in a fictional world (e.g., \\\"I painted the house with my mind.\\\"). </div>\",\"response\":1,\"stimulus_0\":\"carrying groceries inside\",\"stimulus_1\":\"lighting a candle using\",\"condition_0\":\"improbable\",\"condition_1\":\"impossible\",\"continuation_0\":\"a backpack\",\"continuation_1\":\"yogurt\",\"id_0\":6,\"id_1\":39,\"context_0\":\"They do not have a tote bag, so they are\",\"context_1\":\"They do not have a match, so they are\",\"task_type\":\"critical\",\"concept\":\"impossible\",\"trial_type\":\"html-button-response\",\"trial_index\":4,\"time_elapsed\":72553,\"internal_node_id\":\"0.0-1.0-0.3\",\"subject_id\":\"673d0406203f5d0b21ac3738\",\"study_id\":\"67e2c7f5c9ee767149702482\",\"session_id\":\"67e2d5c8f4bbbfa4d0e41eef\",\"rng_seed\":\"0.6064579858194799\",\"response_label\":1,\"provided_context\":true},{\"rt\":5048,\"stimulus\":\"<div style=\\\"font-size:20px;\\\"><p>Follow the instructions below.</p></div>\",\"response\":0,\"stimulus_0\":\"carrying groceries inside\",\"stimulus_1\":\"lighting a candle using\",\"condition_0\":\"improbable\",\"condition_1\":\"impossible\",\"continuation_0\":\"a backpack\",\"continuation_1\":\"yogurt\",\"id_0\":6,\"id_1\":39,\"context_0\":\"They do not have a tote bag, so they are\",\"context_1\":\"They do not have a match, so they are\",\"task_type\":\"attention_check\",\"choices\":[\"Click This Button!\",\"Don't Click This Button!\"],\"trial_type\":\"html-button-response\",\"trial_index\":5,\"time_elapsed\":77601,\"internal_node_id\":\"0.0-1.0-1.3-0.3\",\"subject_id\":\"673d0406203f5d0b21ac3738\",\"study_id\":\"67e2c7f5c9ee767149702482\",\"session_id\":\"67e2d5c8f4bbbfa4d0e41eef\",\"rng_seed\":\"0.6064579858194799\"},{\"rt\":10900,\"stimulus\":\"<div style=\\\"font-size:20px;\\\"><p>Which scenario is more impossible?</p>\\n  Reminder: <strong>Impossible</strong> means it cannot happen in our world given the laws of nature, but may happen in a fictional world (e.g., \\\"I painted the house with my mind.\\\"). </div>\",\"response\":0,\"stimulus_0\":\"baking a cake inside\",\"stimulus_1\":\"unlocking a door using\",\"condition_0\":\"inconceivable\",\"condition_1\":\"impossible\",\"continuation_0\":\"a sigh\",\"continuation_1\":\"a marshmallow\",\"id_0\":0,\"id_1\":64,\"context_0\":\"They do not have an oven, so they are\",\"context_1\":\"They do not have a key, so they are\",\"task_type\":\"critical\",\"concept\":\"impossible\",\"trial_type\":\"html-button-response\",\"trial_index\":6,\"time_elapsed\":88503,\"internal_node_id\":\"0.0-1.0-0.4\",\"subject_id\":\"673d0406203f5d0b21ac3738\",\"study_id\":\"67e2c7f5c9ee767149702482\",\"session_id\":\"67e2d5c8f4bbbfa4d0e41eef\",\"rng_seed\":\"0.6064579858194799\",\"response_label\":0,\"provided_context\":true},{\"rt\":12244,\"stimulus\":\"<div style=\\\"font-size:20px;\\\"><p>Which scenario is more impossible?</p>\\n  Reminder: <strong>Impossible</strong> means it cannot happen in our world given the laws of nature, but may happen in a fictional world (e.g., \\\"I painted the house with my mind.\\\"). </div>\",\"response\":0,\"stimulus_0\":\"squishing a blueberry using\",\"stimulus_1\":\"eating soup using\",\"condition_0\":\"improbable\",\"condition_1\":\"improbable\",\"continuation_0\":\"[POSS] nose\",\"continuation_1\":\"a bucket\",\"id_0\":58,\"id_1\":31,\"context_0\":\"They do not have fingers, so they are\",\"context_1\":\"They do not have a spoon, so they are\",\"task_type\":\"critical\",\"concept\":\"impossible\",\"trial_type\":\"html-button-response\",\"trial_index\":7,\"time_elapsed\":100747,\"internal_node_id\":\"0.0-1.0-0.5\",\"subject_id\":\"673d0406203f5d0b21ac3738\",\"study_id\":\"67e2c7f5c9ee767149702482\",\"session_id\":\"67e2d5c8f4bbbfa4d0e41eef\",\"rng_seed\":\"0.6064579858194799\",\"response_label\":0,\"provided_context\":true},{\"rt\":5176,\"stimulus\":\"<div style=\\\"font-size:20px;\\\"><p>Which scenario is more impossible?</p>\\n  Reminder: <strong>Impossible</strong> means it cannot happen in our world given the laws of nature, but may happen in a fictional world (e.g., \\\"I painted the house with my mind.\\\"). </div>\",\"response\":0,\"stimulus_0\":\"carving a statue using\",\"stimulus_1\":\"sewing a shirt using\",\"condition_0\":\"impossible\",\"condition_1\":\"improbable\",\"continuation_0\":\"a sock\",\"continuation_1\":\"a toothpick\",\"id_0\":7,\"id_1\":52,\"context_0\":\"They do not have a chisel, so they are\",\"context_1\":\"They do not have a needle, so they are\",\"task_type\":\"critical\",\"concept\":\"impossible\",\"trial_type\":\"html-button-response\",\"trial_index\":8,\"time_elapsed\":105924,\"internal_node_id\":\"0.0-1.0-0.6\",\"subject_id\":\"673d0406203f5d0b21ac3738\",\"study_id\":\"67e2c7f5c9ee767149702482\",\"session_id\":\"67e2d5c8f4bbbfa4d0e41eef\",\"rng_seed\":\"0.6064579858194799\",\"response_label\":0,\"provided_context\":true},{\"rt\":5973,\"stimulus\":\"<div style=\\\"font-size:20px;\\\"><p>Which scenario is more impossible?</p>\\n  Reminder: <strong>Impossible</strong> means it cannot happen in our world given the laws of nature, but may happen in a fictional world (e.g., \\\"I painted the house with my mind.\\\"). </div>\",\"response\":1,\"stimulus_0\":\"carrying groceries inside\",\"stimulus_1\":\"hanging a painting using\",\"condition_0\":\"improbable\",\"condition_1\":\"inconceivable\",\"continuation_0\":\"a backpack\",\"continuation_1\":\"a handshake\",\"id_0\":6,\"id_1\":36,\"context_0\":\"They do not have a tote bag, so they are\",\"context_1\":\"They do not have screws, so they are\",\"task_type\":\"critical\",\"concept\":\"impossible\",\"trial_type\":\"html-button-response\",\"trial_index\":9,\"time_elapsed\":111898,\"internal_node_id\":\"0.0-1.0-0.7\",\"subject_id\":\"673d0406203f5d0b21ac3738\",\"study_id\":\"67e2c7f5c9ee767149702482\",\"session_id\":\"67e2d5c8f4bbbfa4d0e41eef\",\"rng_seed\":\"0.6064579858194799\",\"response_label\":1,\"provided_context\":true},{\"rt\":2258,\"stimulus\":\"<div style=\\\"font-size:20px;\\\"><p>Follow the instructions below.</p></div>\",\"response\":1,\"stimulus_0\":\"carrying groceries inside\",\"stimulus_1\":\"hanging a painting using\",\"condition_0\":\"improbable\",\"condition_1\":\"inconceivable\",\"continuation_0\":\"a backpack\",\"continuation_1\":\"a handshake\",\"id_0\":6,\"id_1\":36,\"context_0\":\"They do not have a tote bag, so they are\",\"context_1\":\"They do not have screws, so they are\",\"task_type\":\"attention_check\",\"choices\":[\"Don't Click This Button!\",\"Click This Button!\"],\"trial_type\":\"html-button-response\",\"trial_index\":10,\"time_elapsed\":114156,\"internal_node_id\":\"0.0-1.0-1.7-0.7\",\"subject_id\":\"673d0406203f5d0b21ac3738\",\"study_id\":\"67e2c7f5c9ee767149702482\",\"session_id\":\"67e2d5c8f4bbbfa4d0e41eef\",\"rng_seed\":\"0.6064579858194799\"},{\"rt\":8166,\"stimulus\":\"<div style=\\\"font-size:20px;\\\"><p>Which scenario is more impossible?</p>\\n  Reminder: <strong>Impossible</strong> means it cannot happen in our world given the laws of nature, but may happen in a fictional world (e.g., \\\"I painted the house with my mind.\\\"). </div>\",\"response\":0,\"stimulus_0\":\"cleaning a spill using\",\"stimulus_1\":\"denting a car with\",\"condition_0\":\"inconceivable\",\"condition_1\":\"improbable\",\"continuation_0\":\"a country\",\"continuation_1\":\"a dumbbell\",\"id_0\":11,\"id_1\":23,\"context_0\":\"They do not have a sponge, so they are\",\"context_1\":\"They do not have a baseball bat, so they are\",\"task_type\":\"critical\",\"concept\":\"impossible\",\"trial_type\":\"html-button-response\",\"trial_index\":11,\"time_elapsed\":122323,\"internal_node_id\":\"0.0-1.0-0.8\",\"subject_id\":\"673d0406203f5d0b21ac3738\",\"study_id\":\"67e2c7f5c9ee767149702482\",\"session_id\":\"67e2d5c8f4bbbfa4d0e41eef\",\"rng_seed\":\"0.6064579858194799\",\"response_label\":0,\"provided_context\":true},{\"rt\":4430,\"stimulus\":\"<div style=\\\"font-size:20px;\\\"><p>Which scenario is more impossible?</p>\\n  Reminder: <strong>Impossible</strong> means it cannot happen in our world given the laws of nature, but may happen in a fictional world (e.g., \\\"I painted the house with my mind.\\\"). </div>\",\"response\":0,\"stimulus_0\":\"plucking a hair using\",\"stimulus_1\":\"carving a statue using\",\"condition_0\":\"inconceivable\",\"condition_1\":\"impossible\",\"continuation_0\":\"sympathy\",\"continuation_1\":\"a sock\",\"id_0\":47,\"id_1\":7,\"context_0\":\"They do not have tweezers, so they are\",\"context_1\":\"They do not have a chisel, so they are\",\"task_type\":\"critical\",\"concept\":\"impossible\",\"trial_type\":\"html-button-response\",\"trial_index\":12,\"time_elapsed\":126754,\"internal_node_id\":\"0.0-1.0-0.9\",\"subject_id\":\"673d0406203f5d0b21ac3738\",\"study_id\":\"67e2c7f5c9ee767149702482\",\"session_id\":\"67e2d5c8f4bbbfa4d0e41eef\",\"rng_seed\":\"0.6064579858194799\",\"response_label\":0,\"provided_context\":true},{\"rt\":10759,\"stimulus\":\"<div style=\\\"font-size:20px;\\\"><p>Which scenario is more impossible?</p>\\n  Reminder: <strong>Impossible</strong> means it cannot happen in our world given the laws of nature, but may happen in a fictional world (e.g., \\\"I painted the house with my mind.\\\"). </div>\",\"response\":0,\"stimulus_0\":\"writing an equation on\",\"stimulus_1\":\"cleaning a spill using\",\"condition_0\":\"inconceivable\",\"condition_1\":\"inconceivable\",\"continuation_0\":\"a scream\",\"continuation_1\":\"a country\",\"id_0\":69,\"id_1\":11,\"context_0\":\"They do not have a chalkboard, so they are\",\"context_1\":\"They do not have a sponge, so they are\",\"task_type\":\"critical\",\"concept\":\"impossible\",\"trial_type\":\"html-button-response\",\"trial_index\":13,\"time_elapsed\":137514,\"internal_node_id\":\"0.0-1.0-0.10\",\"subject_id\":\"673d0406203f5d0b21ac3738\",\"study_id\":\"67e2c7f5c9ee767149702482\",\"session_id\":\"67e2d5c8f4bbbfa4d0e41eef\",\"rng_seed\":\"0.6064579858194799\",\"response_label\":0,\"provided_context\":true},{\"rt\":8467,\"stimulus\":\"<div style=\\\"font-size:20px;\\\"><p>Which scenario is more impossible?</p>\\n  Reminder: <strong>Impossible</strong> means it cannot happen in our world given the laws of nature, but may happen in a fictional world (e.g., \\\"I painted the house with my mind.\\\"). </div>\",\"response\":1,\"stimulus_0\":\"drying laundry using\",\"stimulus_1\":\"eating soup using\",\"condition_0\":\"improbable\",\"condition_1\":\"improbable\",\"continuation_0\":\"a fan\",\"continuation_1\":\"a bucket\",\"id_0\":30,\"id_1\":31,\"context_0\":\"They do not have a clothesline, so they are\",\"context_1\":\"They do not have a spoon, so they are\",\"task_type\":\"critical\",\"concept\":\"impossible\",\"trial_type\":\"html-button-response\",\"trial_index\":14,\"time_elapsed\":145981,\"internal_node_id\":\"0.0-1.0-0.11\",\"subject_id\":\"673d0406203f5d0b21ac3738\",\"study_id\":\"67e2c7f5c9ee767149702482\",\"session_id\":\"67e2d5c8f4bbbfa4d0e41eef\",\"rng_seed\":\"0.6064579858194799\",\"response_label\":1,\"provided_context\":true},{\"rt\":1517,\"stimulus\":\"<div style=\\\"font-size:20px;\\\"><p>Follow the instructions below.</p></div>\",\"response\":0,\"stimulus_0\":\"drying laundry using\",\"stimulus_1\":\"eating soup using\",\"condition_0\":\"improbable\",\"condition_1\":\"improbable\",\"continuation_0\":\"a fan\",\"continuation_1\":\"a bucket\",\"id_0\":30,\"id_1\":31,\"context_0\":\"They do not have a clothesline, so they are\",\"context_1\":\"They do not have a spoon, so they are\",\"task_type\":\"attention_check\",\"choices\":[\"Click This Button!\",\"Don't Click This Button!\"],\"trial_type\":\"html-button-response\",\"trial_index\":15,\"time_elapsed\":147500,\"internal_node_id\":\"0.0-1.0-1.11-0.11\",\"subject_id\":\"673d0406203f5d0b21ac3738\",\"study_id\":\"67e2c7f5c9ee767149702482\",\"session_id\":\"67e2d5c8f4bbbfa4d0e41eef\",\"rng_seed\":\"0.6064579858194799\"},{\"rt\":16624,\"stimulus\":\"<div style=\\\"font-size:20px;\\\"><p>Which scenario is more impossible?</p>\\n  Reminder: <strong>Impossible</strong> means it cannot happen in our world given the laws of nature, but may happen in a fictional world (e.g., \\\"I painted the house with my mind.\\\"). </div>\",\"response\":0,\"stimulus_0\":\"cutting cardboard using\",\"stimulus_1\":\"carrying groceries inside\",\"condition_0\":\"inconceivable\",\"condition_1\":\"improbable\",\"continuation_0\":\"a snore\",\"continuation_1\":\"a backpack\",\"id_0\":22,\"id_1\":6,\"context_0\":\"They do not have scissors, so they are\",\"context_1\":\"They do not have a tote bag, so they are\",\"task_type\":\"critical\",\"concept\":\"impossible\",\"trial_type\":\"html-button-response\",\"trial_index\":16,\"time_elapsed\":164125,\"internal_node_id\":\"0.0-1.0-0.12\",\"subject_id\":\"673d0406203f5d0b21ac3738\",\"study_id\":\"67e2c7f5c9ee767149702482\",\"session_id\":\"67e2d5c8f4bbbfa4d0e41eef\",\"rng_seed\":\"0.6064579858194799\",\"response_label\":0,\"provided_context\":true},{\"rt\":3072,\"stimulus\":\"<div style=\\\"font-size:20px;\\\"><p>Which scenario is more impossible?</p>\\n  Reminder: <strong>Impossible</strong> means it cannot happen in our world given the laws of nature, but may happen in a fictional world (e.g., \\\"I painted the house with my mind.\\\"). </div>\",\"response\":0,\"stimulus_0\":\"taking a vacation to\",\"stimulus_1\":\"unlocking a door using\",\"condition_0\":\"impossible\",\"condition_1\":\"impossible\",\"continuation_0\":\"the sun\",\"continuation_1\":\"a marshmallow\",\"id_0\":61,\"id_1\":64,\"context_0\":\"They are not near the beach, so they are\",\"context_1\":\"They do not have a key, so they are\",\"task_type\":\"critical\",\"concept\":\"impossible\",\"trial_type\":\"html-button-response\",\"trial_index\":17,\"time_elapsed\":167197,\"internal_node_id\":\"0.0-1.0-0.13\",\"subject_id\":\"673d0406203f5d0b21ac3738\",\"study_id\":\"67e2c7f5c9ee767149702482\",\"session_id\":\"67e2d5c8f4bbbfa4d0e41eef\",\"rng_seed\":\"0.6064579858194799\",\"response_label\":0,\"provided_context\":true},{\"rt\":4213,\"stimulus\":\"<div style=\\\"font-size:20px;\\\"><p>Which scenario is more impossible?</p>\\n  Reminder: <strong>Impossible</strong> means it cannot happen in our world given the laws of nature, but may happen in a fictional world (e.g., \\\"I painted the house with my mind.\\\"). </div>\",\"response\":0,\"stimulus_0\":\"cooking dinner out of\",\"stimulus_1\":\"eating soup using\",\"condition_0\":\"impossible\",\"condition_1\":\"improbable\",\"continuation_0\":\"the moon\",\"continuation_1\":\"a bucket\",\"id_0\":16,\"id_1\":31,\"context_0\":\"They do not have pasta, so they are\",\"context_1\":\"They do not have a spoon, so they are\",\"task_type\":\"critical\",\"concept\":\"impossible\",\"trial_type\":\"html-button-response\",\"trial_index\":18,\"time_elapsed\":171411,\"internal_node_id\":\"0.0-1.0-0.14\",\"subject_id\":\"673d0406203f5d0b21ac3738\",\"study_id\":\"67e2c7f5c9ee767149702482\",\"session_id\":\"67e2d5c8f4bbbfa4d0e41eef\",\"rng_seed\":\"0.6064579858194799\",\"response_label\":0,\"provided_context\":true},{\"rt\":4250,\"stimulus\":\"<div style=\\\"font-size:20px;\\\"><p>Which scenario is more impossible?</p>\\n  Reminder: <strong>Impossible</strong> means it cannot happen in our world given the laws of nature, but may happen in a fictional world (e.g., \\\"I painted the house with my mind.\\\"). </div>\",\"response\":0,\"stimulus_0\":\"building a bridge out of\",\"stimulus_1\":\"eating soup using\",\"condition_0\":\"improbable\",\"condition_1\":\"improbable\",\"continuation_0\":\"plastic\",\"continuation_1\":\"a bucket\",\"id_0\":4,\"id_1\":31,\"context_0\":\"They do not have any steel, so they are\",\"context_1\":\"They do not have a spoon, so they are\",\"task_type\":\"critical\",\"concept\":\"impossible\",\"trial_type\":\"html-button-response\",\"trial_index\":19,\"time_elapsed\":175662,\"internal_node_id\":\"0.0-1.0-0.15\",\"subject_id\":\"673d0406203f5d0b21ac3738\",\"study_id\":\"67e2c7f5c9ee767149702482\",\"session_id\":\"67e2d5c8f4bbbfa4d0e41eef\",\"rng_seed\":\"0.6064579858194799\",\"response_label\":0,\"provided_context\":true},{\"rt\":1736,\"stimulus\":\"<div style=\\\"font-size:20px;\\\"><p>Follow the instructions below.</p></div>\",\"response\":1,\"stimulus_0\":\"building a bridge out of\",\"stimulus_1\":\"eating soup using\",\"condition_0\":\"improbable\",\"condition_1\":\"improbable\",\"continuation_0\":\"plastic\",\"continuation_1\":\"a bucket\",\"id_0\":4,\"id_1\":31,\"context_0\":\"They do not have any steel, so they are\",\"context_1\":\"They do not have a spoon, so they are\",\"task_type\":\"attention_check\",\"choices\":[\"Don't Click This Button!\",\"Click This Button!\"],\"trial_type\":\"html-button-response\",\"trial_index\":20,\"time_elapsed\":177398,\"internal_node_id\":\"0.0-1.0-1.15-0.15\",\"subject_id\":\"673d0406203f5d0b21ac3738\",\"study_id\":\"67e2c7f5c9ee767149702482\",\"session_id\":\"67e2d5c8f4bbbfa4d0e41eef\",\"rng_seed\":\"0.6064579858194799\"},{\"rt\":12205,\"stimulus\":\"<div style=\\\"font-size:20px;\\\"><p>Which scenario is more impossible?</p>\\n  Reminder: <strong>Impossible</strong> means it cannot happen in our world given the laws of nature, but may happen in a fictional world (e.g., \\\"I painted the house with my mind.\\\"). </div>\",\"response\":1,\"stimulus_0\":\"eating soup using\",\"stimulus_1\":\"painting a wall using\",\"condition_0\":\"improbable\",\"condition_1\":\"inconceivable\",\"continuation_0\":\"a bucket\",\"continuation_1\":\"a whisper\",\"id_0\":31,\"id_1\":45,\"context_0\":\"They do not have a spoon, so they are\",\"context_1\":\"They do not have a brush, so they are\",\"task_type\":\"critical\",\"concept\":\"impossible\",\"trial_type\":\"html-button-response\",\"trial_index\":21,\"time_elapsed\":189605,\"internal_node_id\":\"0.0-1.0-0.16\",\"subject_id\":\"673d0406203f5d0b21ac3738\",\"study_id\":\"67e2c7f5c9ee767149702482\",\"session_id\":\"67e2d5c8f4bbbfa4d0e41eef\",\"rng_seed\":\"0.6064579858194799\",\"response_label\":1,\"provided_context\":true},{\"rt\":4764,\"stimulus\":\"<div style=\\\"font-size:20px;\\\"><p>Which scenario is more impossible?</p>\\n  Reminder: <strong>Impossible</strong> means it cannot happen in our world given the laws of nature, but may happen in a fictional world (e.g., \\\"I painted the house with my mind.\\\"). </div>\",\"response\":0,\"stimulus_0\":\"drying laundry using\",\"stimulus_1\":\"denting a car with\",\"condition_0\":\"improbable\",\"condition_1\":\"improbable\",\"continuation_0\":\"a fan\",\"continuation_1\":\"a dumbbell\",\"id_0\":30,\"id_1\":23,\"context_0\":\"They do not have a clothesline, so they are\",\"context_1\":\"They do not have a baseball bat, so they are\",\"task_type\":\"critical\",\"concept\":\"impossible\",\"trial_type\":\"html-button-response\",\"trial_index\":22,\"time_elapsed\":194370,\"internal_node_id\":\"0.0-1.0-0.17\",\"subject_id\":\"673d0406203f5d0b21ac3738\",\"study_id\":\"67e2c7f5c9ee767149702482\",\"session_id\":\"67e2d5c8f4bbbfa4d0e41eef\",\"rng_seed\":\"0.6064579858194799\",\"response_label\":0,\"provided_context\":true},{\"rt\":3391,\"stimulus\":\"<div style=\\\"font-size:20px;\\\"><p>Which scenario is more impossible?</p>\\n  Reminder: <strong>Impossible</strong> means it cannot happen in our world given the laws of nature, but may happen in a fictional world (e.g., \\\"I painted the house with my mind.\\\"). </div>\",\"response\":1,\"stimulus_0\":\"eating soup using\",\"stimulus_1\":\"baking a cake inside\",\"condition_0\":\"improbable\",\"condition_1\":\"inconceivable\",\"continuation_0\":\"a bucket\",\"continuation_1\":\"a sigh\",\"id_0\":31,\"id_1\":0,\"context_0\":\"They do not have a spoon, so they are\",\"context_1\":\"They do not have an oven, so they are\",\"task_type\":\"critical\",\"concept\":\"impossible\",\"trial_type\":\"html-button-response\",\"trial_index\":23,\"time_elapsed\":197762,\"internal_node_id\":\"0.0-1.0-0.18\",\"subject_id\":\"673d0406203f5d0b21ac3738\",\"study_id\":\"67e2c7f5c9ee767149702482\",\"session_id\":\"67e2d5c8f4bbbfa4d0e41eef\",\"rng_seed\":\"0.6064579858194799\",\"response_label\":1,\"provided_context\":true},{\"rt\":17992,\"stimulus\":\"<div style=\\\"font-size:20px;\\\"><p>Which scenario is more impossible?</p>\\n  Reminder: <strong>Impossible</strong> means it cannot happen in our world given the laws of nature, but may happen in a fictional world (e.g., \\\"I painted the house with my mind.\\\"). </div>\",\"response\":0,\"stimulus_0\":\"baking a cake inside\",\"stimulus_1\":\"squishing a blueberry using\",\"condition_0\":\"inconceivable\",\"condition_1\":\"improbable\",\"continuation_0\":\"a sigh\",\"continuation_1\":\"[POSS] nose\",\"id_0\":0,\"id_1\":58,\"context_0\":\"They do not have an oven, so they are\",\"context_1\":\"They do not have fingers, so they are\",\"task_type\":\"critical\",\"concept\":\"impossible\",\"trial_type\":\"html-button-response\",\"trial_index\":24,\"time_elapsed\":215755,\"internal_node_id\":\"0.0-1.0-0.19\",\"subject_id\":\"673d0406203f5d0b21ac3738\",\"study_id\":\"67e2c7f5c9ee767149702482\",\"session_id\":\"67e2d5c8f4bbbfa4d0e41eef\",\"rng_seed\":\"0.6064579858194799\",\"response_label\":0,\"provided_context\":true},{\"rt\":1604,\"stimulus\":\"<div style=\\\"font-size:20px;\\\"><p>Follow the instructions below.</p></div>\",\"response\":0,\"stimulus_0\":\"baking a cake inside\",\"stimulus_1\":\"squishing a blueberry using\",\"condition_0\":\"inconceivable\",\"condition_1\":\"improbable\",\"continuation_0\":\"a sigh\",\"continuation_1\":\"[POSS] nose\",\"id_0\":0,\"id_1\":58,\"context_0\":\"They do not have an oven, so they are\",\"context_1\":\"They do not have fingers, so they are\",\"task_type\":\"attention_check\",\"choices\":[\"Click This Button!\",\"Don't Click This Button!\"],\"trial_type\":\"html-button-response\",\"trial_index\":25,\"time_elapsed\":217359,\"internal_node_id\":\"0.0-1.0-1.19-0.19\",\"subject_id\":\"673d0406203f5d0b21ac3738\",\"study_id\":\"67e2c7f5c9ee767149702482\",\"session_id\":\"67e2d5c8f4bbbfa4d0e41eef\",\"rng_seed\":\"0.6064579858194799\"},{\"rt\":19449,\"response\":{\"language\":\"English\",\"gender\":\"female\",\"feedback\":\"none\"},\"trial_type\":\"survey-text\",\"trial_index\":26,\"time_elapsed\":236814,\"internal_node_id\":\"0.0-2.0\",\"subject_id\":\"673d0406203f5d0b21ac3738\",\"study_id\":\"67e2c7f5c9ee767149702482\",\"session_id\":\"67e2d5c8f4bbbfa4d0e41eef\",\"rng_seed\":\"0.6064579858194799\",\"task_type\":\"survey\"},{\"success\":true,\"completion_time\":\"2025-03-25T16:16:12.436Z\",\"exp_type\":\"gesture-beat-expt-pilot\"}]",
    "dir_path": "data/experiment_2_pilot"
}