{
    "prolific_data": {
        "subject_id": "66b4f89242c0ff3aab8f8774",
        "study_id": "67e2c7f5c9ee767149702482",
        "session_id": "67e2d609cd2344cf648f9687",
        "rng_seed": "0.992191559310927"
    },
    "data": "[{\"rt\":42526,\"stimulus\":\"\\n  <div class=\\\"jspsych-content\\\" align=left style=\\\"width:100%;text-align: left;\\\">\\n  <h2>Hello, and welcome to our study!</h2>\\n      In this study, we will ask you to 25 questions.\\n      <p>\\n      In 20 of the questions, we will need your help deciding which statement is more <strong>impossible</strong>.\\n      </p>\\n      <strong>Impossible</strong> means it cannot happen in our world given the laws of nature, but may happen in a fictional world (e.g., \\\"I painted the house with my mind.\\\"). \\n      <p>\\n      The remaining questions will check to make sure that you are paying attention to the study.\\n      <p>\\n    <h3>IMPORTANT:</h3>\\n    <ul>\\n      <li>Respond as quickly as you can.</li>\\n      <li>Answer the questions based on what is possible given the physical laws of the real world.</li>\\n      <li>There are no right or wrong answers. We are simply interested in your intuitions.</li>\\n      </ul>\\n    Once you are done reading this page, please press SPACEBAR to continue.\\n    </p>\\n  </div>\\n  \",\"response\":\" \",\"trial_type\":\"html-keyboard-response\",\"trial_index\":0,\"time_elapsed\":42529,\"internal_node_id\":\"0.0-0.0\",\"subject_id\":\"66b4f89242c0ff3aab8f8774\",\"study_id\":\"67e2c7f5c9ee767149702482\",\"session_id\":\"67e2d609cd2344cf648f9687\",\"rng_seed\":\"0.992191559310927\"},{\"rt\":21232,\"stimulus\":\"<div style=\\\"font-size:20px;\\\"><p>Which scenario is more impossible?</p>\\n  Reminder: <strong>Impossible</strong> means it cannot happen in our world given the laws of nature, but may happen in a fictional world (e.g., \\\"I painted the house with my mind.\\\"). </div>\",\"response\":0,\"stimulus_0\":\"cooling a room using\",\"stimulus_1\":\"baking a cake inside\",\"condition_0\":\"inconceivable\",\"condition_1\":\"inconceivable\",\"continuation_0\":\"a taste\",\"continuation_1\":\"a sigh\",\"id_0\":17,\"id_1\":0,\"context_0\":\"They do not have a fan, so they are\",\"context_1\":\"They do not have an oven, so they are\",\"task_type\":\"critical\",\"concept\":\"impossible\",\"trial_type\":\"html-button-response\",\"trial_index\":1,\"time_elapsed\":63762,\"internal_node_id\":\"0.0-1.0-0.0\",\"subject_id\":\"66b4f89242c0ff3aab8f8774\",\"study_id\":\"67e2c7f5c9ee767149702482\",\"session_id\":\"67e2d609cd2344cf648f9687\",\"rng_seed\":\"0.992191559310927\",\"response_label\":0,\"provided_context\":true},{\"rt\":12812,\"stimulus\":\"<div style=\\\"font-size:20px;\\\"><p>Which scenario is more impossible?</p>\\n  Reminder: <strong>Impossible</strong> means it cannot happen in our world given the laws of nature, but may happen in a fictional world (e.g., \\\"I painted the house with my mind.\\\"). </div>\",\"response\":0,\"stimulus_0\":\"digging a hole using\",\"stimulus_1\":\"building a bridge out of\",\"condition_0\":\"impossible\",\"condition_1\":\"improbable\",\"continuation_0\":\"dirt\",\"continuation_1\":\"plastic\",\"id_0\":24,\"id_1\":4,\"context_0\":\"They do not have a shovel, so they are\",\"context_1\":\"They do not have any steel, so they are\",\"task_type\":\"critical\",\"concept\":\"impossible\",\"trial_type\":\"html-button-response\",\"trial_index\":2,\"time_elapsed\":76576,\"internal_node_id\":\"0.0-1.0-0.1\",\"subject_id\":\"66b4f89242c0ff3aab8f8774\",\"study_id\":\"67e2c7f5c9ee767149702482\",\"session_id\":\"67e2d609cd2344cf648f9687\",\"rng_seed\":\"0.992191559310927\",\"response_label\":0,\"provided_context\":true},{\"rt\":35182,\"stimulus\":\"<div style=\\\"font-size:20px;\\\"><p>Which scenario is more impossible?</p>\\n  Reminder: <strong>Impossible</strong> means it cannot happen in our world given the laws of nature, but may happen in a fictional world (e.g., \\\"I painted the house with my mind.\\\"). </div>\",\"response\":0,\"stimulus_0\":\"cooling a room using\",\"stimulus_1\":\"squishing a blueberry using\",\"condition_0\":\"inconceivable\",\"condition_1\":\"improbable\",\"continuation_0\":\"a taste\",\"continuation_1\":\"[POSS] nose\",\"id_0\":17,\"id_1\":58,\"context_0\":\"They do not have a fan, so they are\",\"context_1\":\"They do not have fingers, so they are\",\"task_type\":\"critical\",\"concept\":\"impossible\",\"trial_type\":\"html-button-response\",\"trial_index\":3,\"time_elapsed\":111758,\"internal_node_id\":\"0.0-1.0-0.2\",\"subject_id\":\"66b4f89242c0ff3aab8f8774\",\"study_id\":\"67e2c7f5c9ee767149702482\",\"session_id\":\"67e2d609cd2344cf648f9687\",\"rng_seed\":\"0.992191559310927\",\"response_label\":0,\"provided_context\":true},{\"rt\":18098,\"stimulus\":\"<div style=\\\"font-size:20px;\\\"><p>Which scenario is more impossible?</p>\\n  Reminder: <strong>Impossible</strong> means it cannot happen in our world given the laws of nature, but may happen in a fictional world (e.g., \\\"I painted the house with my mind.\\\"). </div>\",\"response\":1,\"stimulus_0\":\"packing a suit inside\",\"stimulus_1\":\"drinking a cup full of\",\"condition_0\":\"improbable\",\"condition_1\":\"inconceivable\",\"continuation_0\":\"a pocket\",\"continuation_1\":\"minutes\",\"id_0\":44,\"id_1\":28,\"context_0\":\"They do not have a suitcase, so they are\",\"context_1\":\"They do not have water, so they are\",\"task_type\":\"critical\",\"concept\":\"impossible\",\"trial_type\":\"html-button-response\",\"trial_index\":4,\"time_elapsed\":129857,\"internal_node_id\":\"0.0-1.0-0.3\",\"subject_id\":\"66b4f89242c0ff3aab8f8774\",\"study_id\":\"67e2c7f5c9ee767149702482\",\"session_id\":\"67e2d609cd2344cf648f9687\",\"rng_seed\":\"0.992191559310927\",\"response_label\":1,\"provided_context\":true},{\"rt\":4473,\"stimulus\":\"<div style=\\\"font-size:20px;\\\"><p>Follow the instructions below.</p></div>\",\"response\":1,\"stimulus_0\":\"packing a suit inside\",\"stimulus_1\":\"drinking a cup full of\",\"condition_0\":\"improbable\",\"condition_1\":\"inconceivable\",\"continuation_0\":\"a pocket\",\"continuation_1\":\"minutes\",\"id_0\":44,\"id_1\":28,\"context_0\":\"They do not have a suitcase, so they are\",\"context_1\":\"They do not have water, so they are\",\"task_type\":\"attention_check\",\"choices\":[\"Don't Click This Button!\",\"Click This Button!\"],\"trial_type\":\"html-button-response\",\"trial_index\":5,\"time_elapsed\":134331,\"internal_node_id\":\"0.0-1.0-1.3-0.3\",\"subject_id\":\"66b4f89242c0ff3aab8f8774\",\"study_id\":\"67e2c7f5c9ee767149702482\",\"session_id\":\"67e2d609cd2344cf648f9687\",\"rng_seed\":\"0.992191559310927\"},{\"rt\":15410,\"stimulus\":\"<div style=\\\"font-size:20px;\\\"><p>Which scenario is more impossible?</p>\\n  Reminder: <strong>Impossible</strong> means it cannot happen in our world given the laws of nature, but may happen in a fictional world (e.g., \\\"I painted the house with my mind.\\\"). </div>\",\"response\":1,\"stimulus_0\":\"polishing jewelry using\",\"stimulus_1\":\"denting a car with\",\"condition_0\":\"impossible\",\"condition_1\":\"improbable\",\"continuation_0\":\"a chainsaw\",\"continuation_1\":\"a dumbbell\",\"id_0\":48,\"id_1\":23,\"context_0\":\"They do not have a cloth, so they are\",\"context_1\":\"They do not have a baseball bat, so they are\",\"task_type\":\"critical\",\"concept\":\"impossible\",\"trial_type\":\"html-button-response\",\"trial_index\":6,\"time_elapsed\":149742,\"internal_node_id\":\"0.0-1.0-0.4\",\"subject_id\":\"66b4f89242c0ff3aab8f8774\",\"study_id\":\"67e2c7f5c9ee767149702482\",\"session_id\":\"67e2d609cd2344cf648f9687\",\"rng_seed\":\"0.992191559310927\",\"response_label\":1,\"provided_context\":true},{\"rt\":20644,\"stimulus\":\"<div style=\\\"font-size:20px;\\\"><p>Which scenario is more impossible?</p>\\n  Reminder: <strong>Impossible</strong> means it cannot happen in our world given the laws of nature, but may happen in a fictional world (e.g., \\\"I painted the house with my mind.\\\"). </div>\",\"response\":0,\"stimulus_0\":\"taking a vacation to\",\"stimulus_1\":\"cooling a room using\",\"condition_0\":\"impossible\",\"condition_1\":\"inconceivable\",\"continuation_0\":\"the sun\",\"continuation_1\":\"a taste\",\"id_0\":61,\"id_1\":17,\"context_0\":\"They are not near the beach, so they are\",\"context_1\":\"They do not have a fan, so they are\",\"task_type\":\"critical\",\"concept\":\"impossible\",\"trial_type\":\"html-button-response\",\"trial_index\":7,\"time_elapsed\":170387,\"internal_node_id\":\"0.0-1.0-0.5\",\"subject_id\":\"66b4f89242c0ff3aab8f8774\",\"study_id\":\"67e2c7f5c9ee767149702482\",\"session_id\":\"67e2d609cd2344cf648f9687\",\"rng_seed\":\"0.992191559310927\",\"response_label\":0,\"provided_context\":true},{\"rt\":6202,\"stimulus\":\"<div style=\\\"font-size:20px;\\\"><p>Which scenario is more impossible?</p>\\n  Reminder: <strong>Impossible</strong> means it cannot happen in our world given the laws of nature, but may happen in a fictional world (e.g., \\\"I painted the house with my mind.\\\"). </div>\",\"response\":1,\"stimulus_0\":\"squishing a blueberry using\",\"stimulus_1\":\"painting a wall using\",\"condition_0\":\"improbable\",\"condition_1\":\"inconceivable\",\"continuation_0\":\"[POSS] nose\",\"continuation_1\":\"a whisper\",\"id_0\":58,\"id_1\":45,\"context_0\":\"They do not have fingers, so they are\",\"context_1\":\"They do not have a brush, so they are\",\"task_type\":\"critical\",\"concept\":\"impossible\",\"trial_type\":\"html-button-response\",\"trial_index\":8,\"time_elapsed\":176590,\"internal_node_id\":\"0.0-1.0-0.6\",\"subject_id\":\"66b4f89242c0ff3aab8f8774\",\"study_id\":\"67e2c7f5c9ee767149702482\",\"session_id\":\"67e2d609cd2344cf648f9687\",\"rng_seed\":\"0.992191559310927\",\"response_label\":1,\"provided_context\":true},{\"rt\":10979,\"stimulus\":\"<div style=\\\"font-size:20px;\\\"><p>Which scenario is more impossible?</p>\\n  Reminder: <strong>Impossible</strong> means it cannot happen in our world given the laws of nature, but may happen in a fictional world (e.g., \\\"I painted the house with my mind.\\\"). </div>\",\"response\":1,\"stimulus_0\":\"crushing a soda can using\",\"stimulus_1\":\"shattering a window using\",\"condition_0\":\"improbable\",\"condition_1\":\"impossible\",\"continuation_0\":\"a chair\",\"continuation_1\":\"confetti\",\"id_0\":20,\"id_1\":53,\"context_0\":\"They do not have a shoe, so they are\",\"context_1\":\"They do not have a stone, so they are\",\"task_type\":\"critical\",\"concept\":\"impossible\",\"trial_type\":\"html-button-response\",\"trial_index\":9,\"time_elapsed\":187570,\"internal_node_id\":\"0.0-1.0-0.7\",\"subject_id\":\"66b4f89242c0ff3aab8f8774\",\"study_id\":\"67e2c7f5c9ee767149702482\",\"session_id\":\"67e2d609cd2344cf648f9687\",\"rng_seed\":\"0.992191559310927\",\"response_label\":1,\"provided_context\":true},{\"rt\":1551,\"stimulus\":\"<div style=\\\"font-size:20px;\\\"><p>Follow the instructions below.</p></div>\",\"response\":1,\"stimulus_0\":\"crushing a soda can using\",\"stimulus_1\":\"shattering a window using\",\"condition_0\":\"improbable\",\"condition_1\":\"impossible\",\"continuation_0\":\"a chair\",\"continuation_1\":\"confetti\",\"id_0\":20,\"id_1\":53,\"context_0\":\"They do not have a shoe, so they are\",\"context_1\":\"They do not have a stone, so they are\",\"task_type\":\"attention_check\",\"choices\":[\"Don't Click This Button!\",\"Click This Button!\"],\"trial_type\":\"html-button-response\",\"trial_index\":10,\"time_elapsed\":189122,\"internal_node_id\":\"0.0-1.0-1.7-0.7\",\"subject_id\":\"66b4f89242c0ff3aab8f8774\",\"study_id\":\"67e2c7f5c9ee767149702482\",\"session_id\":\"67e2d609cd2344cf648f9687\",\"rng_seed\":\"0.992191559310927\"},{\"rt\":7253,\"stimulus\":\"<div style=\\\"font-size:20px;\\\"><p>Which scenario is more impossible?</p>\\n  Reminder: <strong>Impossible</strong> means it cannot happen in our world given the laws of nature, but may happen in a fictional world (e.g., \\\"I painted the house with my mind.\\\"). </div>\",\"response\":1,\"stimulus_0\":\"building a bridge out of\",\"stimulus_1\":\"unlocking a door using\",\"condition_0\":\"improbable\",\"condition_1\":\"impossible\",\"continuation_0\":\"plastic\",\"continuation_1\":\"a marshmallow\",\"id_0\":4,\"id_1\":64,\"context_0\":\"They do not have any steel, so they are\",\"context_1\":\"They do not have a key, so they are\",\"task_type\":\"critical\",\"concept\":\"impossible\",\"trial_type\":\"html-button-response\",\"trial_index\":11,\"time_elapsed\":196375,\"internal_node_id\":\"0.0-1.0-0.8\",\"subject_id\":\"66b4f89242c0ff3aab8f8774\",\"study_id\":\"67e2c7f5c9ee767149702482\",\"session_id\":\"67e2d609cd2344cf648f9687\",\"rng_seed\":\"0.992191559310927\",\"response_label\":1,\"provided_context\":true},{\"rt\":17471,\"stimulus\":\"<div style=\\\"font-size:20px;\\\"><p>Which scenario is more impossible?</p>\\n  Reminder: <strong>Impossible</strong> means it cannot happen in our world given the laws of nature, but may happen in a fictional world (e.g., \\\"I painted the house with my mind.\\\"). </div>\",\"response\":0,\"stimulus_0\":\"lighting a candle using\",\"stimulus_1\":\"hanging a painting using\",\"condition_0\":\"impossible\",\"condition_1\":\"inconceivable\",\"continuation_0\":\"yogurt\",\"continuation_1\":\"a handshake\",\"id_0\":39,\"id_1\":36,\"context_0\":\"They do not have a match, so they are\",\"context_1\":\"They do not have screws, so they are\",\"task_type\":\"critical\",\"concept\":\"impossible\",\"trial_type\":\"html-button-response\",\"trial_index\":12,\"time_elapsed\":213846,\"internal_node_id\":\"0.0-1.0-0.9\",\"subject_id\":\"66b4f89242c0ff3aab8f8774\",\"study_id\":\"67e2c7f5c9ee767149702482\",\"session_id\":\"67e2d609cd2344cf648f9687\",\"rng_seed\":\"0.992191559310927\",\"response_label\":0,\"provided_context\":true},{\"rt\":11218,\"stimulus\":\"<div style=\\\"font-size:20px;\\\"><p>Which scenario is more impossible?</p>\\n  Reminder: <strong>Impossible</strong> means it cannot happen in our world given the laws of nature, but may happen in a fictional world (e.g., \\\"I painted the house with my mind.\\\"). </div>\",\"response\":1,\"stimulus_0\":\"sewing a shirt using\",\"stimulus_1\":\"shattering a window using\",\"condition_0\":\"improbable\",\"condition_1\":\"impossible\",\"continuation_0\":\"a toothpick\",\"continuation_1\":\"confetti\",\"id_0\":52,\"id_1\":53,\"context_0\":\"They do not have a needle, so they are\",\"context_1\":\"They do not have a stone, so they are\",\"task_type\":\"critical\",\"concept\":\"impossible\",\"trial_type\":\"html-button-response\",\"trial_index\":13,\"time_elapsed\":225064,\"internal_node_id\":\"0.0-1.0-0.10\",\"subject_id\":\"66b4f89242c0ff3aab8f8774\",\"study_id\":\"67e2c7f5c9ee767149702482\",\"session_id\":\"67e2d609cd2344cf648f9687\",\"rng_seed\":\"0.992191559310927\",\"response_label\":1,\"provided_context\":true},{\"rt\":9588,\"stimulus\":\"<div style=\\\"font-size:20px;\\\"><p>Which scenario is more impossible?</p>\\n  Reminder: <strong>Impossible</strong> means it cannot happen in our world given the laws of nature, but may happen in a fictional world (e.g., \\\"I painted the house with my mind.\\\"). </div>\",\"response\":0,\"stimulus_0\":\"baking a cake inside\",\"stimulus_1\":\"sewing a shirt using\",\"condition_0\":\"inconceivable\",\"condition_1\":\"improbable\",\"continuation_0\":\"a sigh\",\"continuation_1\":\"a toothpick\",\"id_0\":0,\"id_1\":52,\"context_0\":\"They do not have an oven, so they are\",\"context_1\":\"They do not have a needle, so they are\",\"task_type\":\"critical\",\"concept\":\"impossible\",\"trial_type\":\"html-button-response\",\"trial_index\":14,\"time_elapsed\":234653,\"internal_node_id\":\"0.0-1.0-0.11\",\"subject_id\":\"66b4f89242c0ff3aab8f8774\",\"study_id\":\"67e2c7f5c9ee767149702482\",\"session_id\":\"67e2d609cd2344cf648f9687\",\"rng_seed\":\"0.992191559310927\",\"response_label\":0,\"provided_context\":true},{\"rt\":1266,\"stimulus\":\"<div style=\\\"font-size:20px;\\\"><p>Follow the instructions below.</p></div>\",\"response\":1,\"stimulus_0\":\"baking a cake inside\",\"stimulus_1\":\"sewing a shirt using\",\"condition_0\":\"inconceivable\",\"condition_1\":\"improbable\",\"continuation_0\":\"a sigh\",\"continuation_1\":\"a toothpick\",\"id_0\":0,\"id_1\":52,\"context_0\":\"They do not have an oven, so they are\",\"context_1\":\"They do not have a needle, so they are\",\"task_type\":\"attention_check\",\"choices\":[\"Don't Click This Button!\",\"Click This Button!\"],\"trial_type\":\"html-button-response\",\"trial_index\":15,\"time_elapsed\":235920,\"internal_node_id\":\"0.0-1.0-1.11-0.11\",\"subject_id\":\"66b4f89242c0ff3aab8f8774\",\"study_id\":\"67e2c7f5c9ee767149702482\",\"session_id\":\"67e2d609cd2344cf648f9687\",\"rng_seed\":\"0.992191559310927\"},{\"rt\":8342,\"stimulus\":\"<div style=\\\"font-size:20px;\\\"><p>Which scenario is more impossible?</p>\\n  Reminder: <strong>Impossible</strong> means it cannot happen in our world given the laws of nature, but may happen in a fictional world (e.g., \\\"I painted the house with my mind.\\\"). </div>\",\"response\":0,\"stimulus_0\":\"filling a bucket with\",\"stimulus_1\":\"baking a cake inside\",\"condition_0\":\"impossible\",\"condition_1\":\"inconceivable\",\"continuation_0\":\"buildings\",\"continuation_1\":\"a sigh\",\"id_0\":33,\"id_1\":0,\"context_0\":\"They are not near sand, so they are\",\"context_1\":\"They do not have an oven, so they are\",\"task_type\":\"critical\",\"concept\":\"impossible\",\"trial_type\":\"html-button-response\",\"trial_index\":16,\"time_elapsed\":244262,\"internal_node_id\":\"0.0-1.0-0.12\",\"subject_id\":\"66b4f89242c0ff3aab8f8774\",\"study_id\":\"67e2c7f5c9ee767149702482\",\"session_id\":\"67e2d609cd2344cf648f9687\",\"rng_seed\":\"0.992191559310927\",\"response_label\":0,\"provided_context\":true},{\"rt\":13192,\"stimulus\":\"<div style=\\\"font-size:20px;\\\"><p>Which scenario is more impossible?</p>\\n  Reminder: <strong>Impossible</strong> means it cannot happen in our world given the laws of nature, but may happen in a fictional world (e.g., \\\"I painted the house with my mind.\\\"). </div>\",\"response\":1,\"stimulus_0\":\"plucking a hair using\",\"stimulus_1\":\"painting a wall using\",\"condition_0\":\"inconceivable\",\"condition_1\":\"inconceivable\",\"continuation_0\":\"sympathy\",\"continuation_1\":\"a whisper\",\"id_0\":47,\"id_1\":45,\"context_0\":\"They do not have tweezers, so they are\",\"context_1\":\"They do not have a brush, so they are\",\"task_type\":\"critical\",\"concept\":\"impossible\",\"trial_type\":\"html-button-response\",\"trial_index\":17,\"time_elapsed\":257455,\"internal_node_id\":\"0.0-1.0-0.13\",\"subject_id\":\"66b4f89242c0ff3aab8f8774\",\"study_id\":\"67e2c7f5c9ee767149702482\",\"session_id\":\"67e2d609cd2344cf648f9687\",\"rng_seed\":\"0.992191559310927\",\"response_label\":1,\"provided_context\":true},{\"rt\":5941,\"stimulus\":\"<div style=\\\"font-size:20px;\\\"><p>Which scenario is more impossible?</p>\\n  Reminder: <strong>Impossible</strong> means it cannot happen in our world given the laws of nature, but may happen in a fictional world (e.g., \\\"I painted the house with my mind.\\\"). </div>\",\"response\":1,\"stimulus_0\":\"plucking a hair using\",\"stimulus_1\":\"drinking a cup full of\",\"condition_0\":\"inconceivable\",\"condition_1\":\"inconceivable\",\"continuation_0\":\"sympathy\",\"continuation_1\":\"minutes\",\"id_0\":47,\"id_1\":28,\"context_0\":\"They do not have tweezers, so they are\",\"context_1\":\"They do not have water, so they are\",\"task_type\":\"critical\",\"concept\":\"impossible\",\"trial_type\":\"html-button-response\",\"trial_index\":18,\"time_elapsed\":263397,\"internal_node_id\":\"0.0-1.0-0.14\",\"subject_id\":\"66b4f89242c0ff3aab8f8774\",\"study_id\":\"67e2c7f5c9ee767149702482\",\"session_id\":\"67e2d609cd2344cf648f9687\",\"rng_seed\":\"0.992191559310927\",\"response_label\":1,\"provided_context\":true},{\"rt\":12365,\"stimulus\":\"<div style=\\\"font-size:20px;\\\"><p>Which scenario is more impossible?</p>\\n  Reminder: <strong>Impossible</strong> means it cannot happen in our world given the laws of nature, but may happen in a fictional world (e.g., \\\"I painted the house with my mind.\\\"). </div>\",\"response\":1,\"stimulus_0\":\"squishing a blueberry using\",\"stimulus_1\":\"building a bridge out of\",\"condition_0\":\"improbable\",\"condition_1\":\"improbable\",\"continuation_0\":\"[POSS] nose\",\"continuation_1\":\"plastic\",\"id_0\":58,\"id_1\":4,\"context_0\":\"They do not have fingers, so they are\",\"context_1\":\"They do not have any steel, so they are\",\"task_type\":\"critical\",\"concept\":\"impossible\",\"trial_type\":\"html-button-response\",\"trial_index\":19,\"time_elapsed\":275762,\"internal_node_id\":\"0.0-1.0-0.15\",\"subject_id\":\"66b4f89242c0ff3aab8f8774\",\"study_id\":\"67e2c7f5c9ee767149702482\",\"session_id\":\"67e2d609cd2344cf648f9687\",\"rng_seed\":\"0.992191559310927\",\"response_label\":1,\"provided_context\":true},{\"rt\":1008,\"stimulus\":\"<div style=\\\"font-size:20px;\\\"><p>Follow the instructions below.</p></div>\",\"response\":1,\"stimulus_0\":\"squishing a blueberry using\",\"stimulus_1\":\"building a bridge out of\",\"condition_0\":\"improbable\",\"condition_1\":\"improbable\",\"continuation_0\":\"[POSS] nose\",\"continuation_1\":\"plastic\",\"id_0\":58,\"id_1\":4,\"context_0\":\"They do not have fingers, so they are\",\"context_1\":\"They do not have any steel, so they are\",\"task_type\":\"attention_check\",\"choices\":[\"Don't Click This Button!\",\"Click This Button!\"],\"trial_type\":\"html-button-response\",\"trial_index\":20,\"time_elapsed\":276770,\"internal_node_id\":\"0.0-1.0-1.15-0.15\",\"subject_id\":\"66b4f89242c0ff3aab8f8774\",\"study_id\":\"67e2c7f5c9ee767149702482\",\"session_id\":\"67e2d609cd2344cf648f9687\",\"rng_seed\":\"0.992191559310927\"},{\"rt\":13924,\"stimulus\":\"<div style=\\\"font-size:20px;\\\"><p>Which scenario is more impossible?</p>\\n  Reminder: <strong>Impossible</strong> means it cannot happen in our world given the laws of nature, but may happen in a fictional world (e.g., \\\"I painted the house with my mind.\\\"). </div>\",\"response\":0,\"stimulus_0\":\"writing an equation on\",\"stimulus_1\":\"shaving [POSS] beard using\",\"condition_0\":\"inconceivable\",\"condition_1\":\"inconceivable\",\"continuation_0\":\"a scream\",\"continuation_1\":\"a belief\",\"id_0\":69,\"id_1\":54,\"context_0\":\"They do not have a chalkboard, so they are\",\"context_1\":\"They do not have a razor, so they are\",\"task_type\":\"critical\",\"concept\":\"impossible\",\"trial_type\":\"html-button-response\",\"trial_index\":21,\"time_elapsed\":290695,\"internal_node_id\":\"0.0-1.0-0.16\",\"subject_id\":\"66b4f89242c0ff3aab8f8774\",\"study_id\":\"67e2c7f5c9ee767149702482\",\"session_id\":\"67e2d609cd2344cf648f9687\",\"rng_seed\":\"0.992191559310927\",\"response_label\":0,\"provided_context\":true},{\"rt\":14219,\"stimulus\":\"<div style=\\\"font-size:20px;\\\"><p>Which scenario is more impossible?</p>\\n  Reminder: <strong>Impossible</strong> means it cannot happen in our world given the laws of nature, but may happen in a fictional world (e.g., \\\"I painted the house with my mind.\\\"). </div>\",\"response\":0,\"stimulus_0\":\"cutting cardboard using\",\"stimulus_1\":\"drinking a cup full of\",\"condition_0\":\"inconceivable\",\"condition_1\":\"inconceivable\",\"continuation_0\":\"a snore\",\"continuation_1\":\"minutes\",\"id_0\":22,\"id_1\":28,\"context_0\":\"They do not have scissors, so they are\",\"context_1\":\"They do not have water, so they are\",\"task_type\":\"critical\",\"concept\":\"impossible\",\"trial_type\":\"html-button-response\",\"trial_index\":22,\"time_elapsed\":304914,\"internal_node_id\":\"0.0-1.0-0.17\",\"subject_id\":\"66b4f89242c0ff3aab8f8774\",\"study_id\":\"67e2c7f5c9ee767149702482\",\"session_id\":\"67e2d609cd2344cf648f9687\",\"rng_seed\":\"0.992191559310927\",\"response_label\":0,\"provided_context\":true},{\"rt\":17694,\"stimulus\":\"<div style=\\\"font-size:20px;\\\"><p>Which scenario is more impossible?</p>\\n  Reminder: <strong>Impossible</strong> means it cannot happen in our world given the laws of nature, but may happen in a fictional world (e.g., \\\"I painted the house with my mind.\\\"). </div>\",\"response\":1,\"stimulus_0\":\"drying laundry using\",\"stimulus_1\":\"cleaning a spill using\",\"condition_0\":\"improbable\",\"condition_1\":\"inconceivable\",\"continuation_0\":\"a fan\",\"continuation_1\":\"a country\",\"id_0\":30,\"id_1\":11,\"context_0\":\"They do not have a clothesline, so they are\",\"context_1\":\"They do not have a sponge, so they are\",\"task_type\":\"critical\",\"concept\":\"impossible\",\"trial_type\":\"html-button-response\",\"trial_index\":23,\"time_elapsed\":322609,\"internal_node_id\":\"0.0-1.0-0.18\",\"subject_id\":\"66b4f89242c0ff3aab8f8774\",\"study_id\":\"67e2c7f5c9ee767149702482\",\"session_id\":\"67e2d609cd2344cf648f9687\",\"rng_seed\":\"0.992191559310927\",\"response_label\":1,\"provided_context\":true},{\"rt\":11569,\"stimulus\":\"<div style=\\\"font-size:20px;\\\"><p>Which scenario is more impossible?</p>\\n  Reminder: <strong>Impossible</strong> means it cannot happen in our world given the laws of nature, but may happen in a fictional world (e.g., \\\"I painted the house with my mind.\\\"). </div>\",\"response\":0,\"stimulus_0\":\"catching a fish in\",\"stimulus_1\":\"eating soup using\",\"condition_0\":\"improbable\",\"condition_1\":\"improbable\",\"continuation_0\":\"a puddle\",\"continuation_1\":\"a bucket\",\"id_0\":8,\"id_1\":31,\"context_0\":\"They are not near a lake, so they are\",\"context_1\":\"They do not have a spoon, so they are\",\"task_type\":\"critical\",\"concept\":\"impossible\",\"trial_type\":\"html-button-response\",\"trial_index\":24,\"time_elapsed\":334179,\"internal_node_id\":\"0.0-1.0-0.19\",\"subject_id\":\"66b4f89242c0ff3aab8f8774\",\"study_id\":\"67e2c7f5c9ee767149702482\",\"session_id\":\"67e2d609cd2344cf648f9687\",\"rng_seed\":\"0.992191559310927\",\"response_label\":0,\"provided_context\":true},{\"rt\":1756,\"stimulus\":\"<div style=\\\"font-size:20px;\\\"><p>Follow the instructions below.</p></div>\",\"response\":0,\"stimulus_0\":\"catching a fish in\",\"stimulus_1\":\"eating soup using\",\"condition_0\":\"improbable\",\"condition_1\":\"improbable\",\"continuation_0\":\"a puddle\",\"continuation_1\":\"a bucket\",\"id_0\":8,\"id_1\":31,\"context_0\":\"They are not near a lake, so they are\",\"context_1\":\"They do not have a spoon, so they are\",\"task_type\":\"attention_check\",\"choices\":[\"Click This Button!\",\"Don't Click This Button!\"],\"trial_type\":\"html-button-response\",\"trial_index\":25,\"time_elapsed\":335936,\"internal_node_id\":\"0.0-1.0-1.19-0.19\",\"subject_id\":\"66b4f89242c0ff3aab8f8774\",\"study_id\":\"67e2c7f5c9ee767149702482\",\"session_id\":\"67e2d609cd2344cf648f9687\",\"rng_seed\":\"0.992191559310927\"},{\"rt\":8484,\"response\":{\"language\":\"Spanish\",\"gender\":\"Male\",\"feedback\":\"\"},\"trial_type\":\"survey-text\",\"trial_index\":26,\"time_elapsed\":344424,\"internal_node_id\":\"0.0-2.0\",\"subject_id\":\"66b4f89242c0ff3aab8f8774\",\"study_id\":\"67e2c7f5c9ee767149702482\",\"session_id\":\"67e2d609cd2344cf648f9687\",\"rng_seed\":\"0.992191559310927\",\"task_type\":\"survey\"},{\"success\":true,\"completion_time\":\"2025-03-25T16:19:02.666Z\",\"exp_type\":\"gesture-beat-expt-pilot\"}]",
    "dir_path": "data/experiment_2_pilot"
}