{
    "prolific_data": {
        "subject_id": "66771306c93722ca6d9a3847",
        "study_id": "67e2c7f5c9ee767149702482",
        "session_id": "67e2d54bc5ed9e6e79d35ff1",
        "rng_seed": "0.3983231409886443"
    },
    "data": "[{\"rt\":28357,\"stimulus\":\"\\n  <div class=\\\"jspsych-content\\\" align=left style=\\\"width:100%;text-align: left;\\\">\\n  <h2>Hello, and welcome to our study!</h2>\\n      In this study, we will ask you to 25 questions.\\n      <p>\\n      In 20 of the questions, we will need your help deciding which statement is more <strong>impossible</strong>.\\n      </p>\\n      <strong>Impossible</strong> means it cannot happen in our world given the laws of nature, but may happen in a fictional world (e.g., \\\"I painted the house with my mind.\\\"). \\n      <p>\\n      The remaining questions will check to make sure that you are paying attention to the study.\\n      <p>\\n    <h3>IMPORTANT:</h3>\\n    <ul>\\n      <li>Respond as quickly as you can.</li>\\n      <li>Answer the questions based on what is possible given the physical laws of the real world.</li>\\n      <li>There are no right or wrong answers. We are simply interested in your intuitions.</li>\\n      </ul>\\n    Once you are done reading this page, please press SPACEBAR to continue.\\n    </p>\\n  </div>\\n  \",\"response\":\" \",\"trial_type\":\"html-keyboard-response\",\"trial_index\":0,\"time_elapsed\":28366,\"internal_node_id\":\"0.0-0.0\",\"subject_id\":\"66771306c93722ca6d9a3847\",\"study_id\":\"67e2c7f5c9ee767149702482\",\"session_id\":\"67e2d54bc5ed9e6e79d35ff1\",\"rng_seed\":\"0.3983231409886443\"},{\"rt\":15666,\"stimulus\":\"<div style=\\\"font-size:20px;\\\"><p>Which scenario is more impossible?</p>\\n  Reminder: <strong>Impossible</strong> means it cannot happen in our world given the laws of nature, but may happen in a fictional world (e.g., \\\"I painted the house with my mind.\\\"). </div>\",\"response\":0,\"stimulus_0\":\"writing an equation on\",\"stimulus_1\":\"shattering a window using\",\"condition_0\":\"inconceivable\",\"condition_1\":\"impossible\",\"continuation_0\":\"a scream\",\"continuation_1\":\"confetti\",\"id_0\":69,\"id_1\":53,\"context_0\":\"They do not have a chalkboard, so they are\",\"context_1\":\"They do not have a stone, so they are\",\"task_type\":\"critical\",\"concept\":\"impossible\",\"trial_type\":\"html-button-response\",\"trial_index\":1,\"time_elapsed\":44034,\"internal_node_id\":\"0.0-1.0-0.0\",\"subject_id\":\"66771306c93722ca6d9a3847\",\"study_id\":\"67e2c7f5c9ee767149702482\",\"session_id\":\"67e2d54bc5ed9e6e79d35ff1\",\"rng_seed\":\"0.3983231409886443\",\"response_label\":0,\"provided_context\":true},{\"rt\":6950,\"stimulus\":\"<div style=\\\"font-size:20px;\\\"><p>Which scenario is more impossible?</p>\\n  Reminder: <strong>Impossible</strong> means it cannot happen in our world given the laws of nature, but may happen in a fictional world (e.g., \\\"I painted the house with my mind.\\\"). </div>\",\"response\":0,\"stimulus_0\":\"baking a cake inside\",\"stimulus_1\":\"polishing jewelry using\",\"condition_0\":\"inconceivable\",\"condition_1\":\"impossible\",\"continuation_0\":\"a sigh\",\"continuation_1\":\"a chainsaw\",\"id_0\":0,\"id_1\":48,\"context_0\":\"They do not have an oven, so they are\",\"context_1\":\"They do not have a cloth, so they are\",\"task_type\":\"critical\",\"concept\":\"impossible\",\"trial_type\":\"html-button-response\",\"trial_index\":2,\"time_elapsed\":50985,\"internal_node_id\":\"0.0-1.0-0.1\",\"subject_id\":\"66771306c93722ca6d9a3847\",\"study_id\":\"67e2c7f5c9ee767149702482\",\"session_id\":\"67e2d54bc5ed9e6e79d35ff1\",\"rng_seed\":\"0.3983231409886443\",\"response_label\":0,\"provided_context\":true},{\"rt\":10967,\"stimulus\":\"<div style=\\\"font-size:20px;\\\"><p>Which scenario is more impossible?</p>\\n  Reminder: <strong>Impossible</strong> means it cannot happen in our world given the laws of nature, but may happen in a fictional world (e.g., \\\"I painted the house with my mind.\\\"). </div>\",\"response\":1,\"stimulus_0\":\"drinking a cup full of\",\"stimulus_1\":\"hanging a painting using\",\"condition_0\":\"inconceivable\",\"condition_1\":\"inconceivable\",\"continuation_0\":\"minutes\",\"continuation_1\":\"a handshake\",\"id_0\":28,\"id_1\":36,\"context_0\":\"They do not have water, so they are\",\"context_1\":\"They do not have screws, so they are\",\"task_type\":\"critical\",\"concept\":\"impossible\",\"trial_type\":\"html-button-response\",\"trial_index\":3,\"time_elapsed\":61953,\"internal_node_id\":\"0.0-1.0-0.2\",\"subject_id\":\"66771306c93722ca6d9a3847\",\"study_id\":\"67e2c7f5c9ee767149702482\",\"session_id\":\"67e2d54bc5ed9e6e79d35ff1\",\"rng_seed\":\"0.3983231409886443\",\"response_label\":1,\"provided_context\":true},{\"rt\":6735,\"stimulus\":\"<div style=\\\"font-size:20px;\\\"><p>Which scenario is more impossible?</p>\\n  Reminder: <strong>Impossible</strong> means it cannot happen in our world given the laws of nature, but may happen in a fictional world (e.g., \\\"I painted the house with my mind.\\\"). </div>\",\"response\":1,\"stimulus_0\":\"crushing a soda can using\",\"stimulus_1\":\"cooking dinner out of\",\"condition_0\":\"improbable\",\"condition_1\":\"impossible\",\"continuation_0\":\"a chair\",\"continuation_1\":\"the moon\",\"id_0\":20,\"id_1\":16,\"context_0\":\"They do not have a shoe, so they are\",\"context_1\":\"They do not have pasta, so they are\",\"task_type\":\"critical\",\"concept\":\"impossible\",\"trial_type\":\"html-button-response\",\"trial_index\":4,\"time_elapsed\":68689,\"internal_node_id\":\"0.0-1.0-0.3\",\"subject_id\":\"66771306c93722ca6d9a3847\",\"study_id\":\"67e2c7f5c9ee767149702482\",\"session_id\":\"67e2d54bc5ed9e6e79d35ff1\",\"rng_seed\":\"0.3983231409886443\",\"response_label\":1,\"provided_context\":true},{\"rt\":3494,\"stimulus\":\"<div style=\\\"font-size:20px;\\\"><p>Follow the instructions below.</p></div>\",\"response\":0,\"stimulus_0\":\"crushing a soda can using\",\"stimulus_1\":\"cooking dinner out of\",\"condition_0\":\"improbable\",\"condition_1\":\"impossible\",\"continuation_0\":\"a chair\",\"continuation_1\":\"the moon\",\"id_0\":20,\"id_1\":16,\"context_0\":\"They do not have a shoe, so they are\",\"context_1\":\"They do not have pasta, so they are\",\"task_type\":\"attention_check\",\"choices\":[\"Click This Button!\",\"Don't Click This Button!\"],\"trial_type\":\"html-button-response\",\"trial_index\":5,\"time_elapsed\":72185,\"internal_node_id\":\"0.0-1.0-1.3-0.3\",\"subject_id\":\"66771306c93722ca6d9a3847\",\"study_id\":\"67e2c7f5c9ee767149702482\",\"session_id\":\"67e2d54bc5ed9e6e79d35ff1\",\"rng_seed\":\"0.3983231409886443\"},{\"rt\":4800,\"stimulus\":\"<div style=\\\"font-size:20px;\\\"><p>Which scenario is more impossible?</p>\\n  Reminder: <strong>Impossible</strong> means it cannot happen in our world given the laws of nature, but may happen in a fictional world (e.g., \\\"I painted the house with my mind.\\\"). </div>\",\"response\":1,\"stimulus_0\":\"eating soup using\",\"stimulus_1\":\"baking a cake inside\",\"condition_0\":\"improbable\",\"condition_1\":\"inconceivable\",\"continuation_0\":\"a bucket\",\"continuation_1\":\"a sigh\",\"id_0\":31,\"id_1\":0,\"context_0\":\"They do not have a spoon, so they are\",\"context_1\":\"They do not have an oven, so they are\",\"task_type\":\"critical\",\"concept\":\"impossible\",\"trial_type\":\"html-button-response\",\"trial_index\":6,\"time_elapsed\":76985,\"internal_node_id\":\"0.0-1.0-0.4\",\"subject_id\":\"66771306c93722ca6d9a3847\",\"study_id\":\"67e2c7f5c9ee767149702482\",\"session_id\":\"67e2d54bc5ed9e6e79d35ff1\",\"rng_seed\":\"0.3983231409886443\",\"response_label\":1,\"provided_context\":true},{\"rt\":5951,\"stimulus\":\"<div style=\\\"font-size:20px;\\\"><p>Which scenario is more impossible?</p>\\n  Reminder: <strong>Impossible</strong> means it cannot happen in our world given the laws of nature, but may happen in a fictional world (e.g., \\\"I painted the house with my mind.\\\"). </div>\",\"response\":1,\"stimulus_0\":\"unlocking a door using\",\"stimulus_1\":\"drinking a cup full of\",\"condition_0\":\"impossible\",\"condition_1\":\"inconceivable\",\"continuation_0\":\"a marshmallow\",\"continuation_1\":\"minutes\",\"id_0\":64,\"id_1\":28,\"context_0\":\"They do not have a key, so they are\",\"context_1\":\"They do not have water, so they are\",\"task_type\":\"critical\",\"concept\":\"impossible\",\"trial_type\":\"html-button-response\",\"trial_index\":7,\"time_elapsed\":82937,\"internal_node_id\":\"0.0-1.0-0.5\",\"subject_id\":\"66771306c93722ca6d9a3847\",\"study_id\":\"67e2c7f5c9ee767149702482\",\"session_id\":\"67e2d54bc5ed9e6e79d35ff1\",\"rng_seed\":\"0.3983231409886443\",\"response_label\":1,\"provided_context\":true},{\"rt\":9702,\"stimulus\":\"<div style=\\\"font-size:20px;\\\"><p>Which scenario is more impossible?</p>\\n  Reminder: <strong>Impossible</strong> means it cannot happen in our world given the laws of nature, but may happen in a fictional world (e.g., \\\"I painted the house with my mind.\\\"). </div>\",\"response\":0,\"stimulus_0\":\"lighting a candle using\",\"stimulus_1\":\"carrying groceries inside\",\"condition_0\":\"impossible\",\"condition_1\":\"improbable\",\"continuation_0\":\"yogurt\",\"continuation_1\":\"a backpack\",\"id_0\":39,\"id_1\":6,\"context_0\":\"They do not have a match, so they are\",\"context_1\":\"They do not have a tote bag, so they are\",\"task_type\":\"critical\",\"concept\":\"impossible\",\"trial_type\":\"html-button-response\",\"trial_index\":8,\"time_elapsed\":92641,\"internal_node_id\":\"0.0-1.0-0.6\",\"subject_id\":\"66771306c93722ca6d9a3847\",\"study_id\":\"67e2c7f5c9ee767149702482\",\"session_id\":\"67e2d54bc5ed9e6e79d35ff1\",\"rng_seed\":\"0.3983231409886443\",\"response_label\":0,\"provided_context\":true},{\"rt\":6232,\"stimulus\":\"<div style=\\\"font-size:20px;\\\"><p>Which scenario is more impossible?</p>\\n  Reminder: <strong>Impossible</strong> means it cannot happen in our world given the laws of nature, but may happen in a fictional world (e.g., \\\"I painted the house with my mind.\\\"). </div>\",\"response\":0,\"stimulus_0\":\"carving a statue using\",\"stimulus_1\":\"packing a suit inside\",\"condition_0\":\"impossible\",\"condition_1\":\"improbable\",\"continuation_0\":\"a sock\",\"continuation_1\":\"a pocket\",\"id_0\":7,\"id_1\":44,\"context_0\":\"They do not have a chisel, so they are\",\"context_1\":\"They do not have a suitcase, so they are\",\"task_type\":\"critical\",\"concept\":\"impossible\",\"trial_type\":\"html-button-response\",\"trial_index\":9,\"time_elapsed\":98874,\"internal_node_id\":\"0.0-1.0-0.7\",\"subject_id\":\"66771306c93722ca6d9a3847\",\"study_id\":\"67e2c7f5c9ee767149702482\",\"session_id\":\"67e2d54bc5ed9e6e79d35ff1\",\"rng_seed\":\"0.3983231409886443\",\"response_label\":0,\"provided_context\":true},{\"rt\":1806,\"stimulus\":\"<div style=\\\"font-size:20px;\\\"><p>Follow the instructions below.</p></div>\",\"response\":1,\"stimulus_0\":\"carving a statue using\",\"stimulus_1\":\"packing a suit inside\",\"condition_0\":\"impossible\",\"condition_1\":\"improbable\",\"continuation_0\":\"a sock\",\"continuation_1\":\"a pocket\",\"id_0\":7,\"id_1\":44,\"context_0\":\"They do not have a chisel, so they are\",\"context_1\":\"They do not have a suitcase, so they are\",\"task_type\":\"attention_check\",\"choices\":[\"Don't Click This Button!\",\"Click This Button!\"],\"trial_type\":\"html-button-response\",\"trial_index\":10,\"time_elapsed\":100681,\"internal_node_id\":\"0.0-1.0-1.7-0.7\",\"subject_id\":\"66771306c93722ca6d9a3847\",\"study_id\":\"67e2c7f5c9ee767149702482\",\"session_id\":\"67e2d54bc5ed9e6e79d35ff1\",\"rng_seed\":\"0.3983231409886443\"},{\"rt\":6679,\"stimulus\":\"<div style=\\\"font-size:20px;\\\"><p>Which scenario is more impossible?</p>\\n  Reminder: <strong>Impossible</strong> means it cannot happen in our world given the laws of nature, but may happen in a fictional world (e.g., \\\"I painted the house with my mind.\\\"). </div>\",\"response\":1,\"stimulus_0\":\"drying laundry using\",\"stimulus_1\":\"building a bridge out of\",\"condition_0\":\"improbable\",\"condition_1\":\"improbable\",\"continuation_0\":\"a fan\",\"continuation_1\":\"plastic\",\"id_0\":30,\"id_1\":4,\"context_0\":\"They do not have a clothesline, so they are\",\"context_1\":\"They do not have any steel, so they are\",\"task_type\":\"critical\",\"concept\":\"impossible\",\"trial_type\":\"html-button-response\",\"trial_index\":11,\"time_elapsed\":107361,\"internal_node_id\":\"0.0-1.0-0.8\",\"subject_id\":\"66771306c93722ca6d9a3847\",\"study_id\":\"67e2c7f5c9ee767149702482\",\"session_id\":\"67e2d54bc5ed9e6e79d35ff1\",\"rng_seed\":\"0.3983231409886443\",\"response_label\":1,\"provided_context\":true},{\"rt\":5703,\"stimulus\":\"<div style=\\\"font-size:20px;\\\"><p>Which scenario is more impossible?</p>\\n  Reminder: <strong>Impossible</strong> means it cannot happen in our world given the laws of nature, but may happen in a fictional world (e.g., \\\"I painted the house with my mind.\\\"). </div>\",\"response\":1,\"stimulus_0\":\"carrying groceries inside\",\"stimulus_1\":\"filling a bucket with\",\"condition_0\":\"improbable\",\"condition_1\":\"impossible\",\"continuation_0\":\"a backpack\",\"continuation_1\":\"buildings\",\"id_0\":6,\"id_1\":33,\"context_0\":\"They do not have a tote bag, so they are\",\"context_1\":\"They are not near sand, so they are\",\"task_type\":\"critical\",\"concept\":\"impossible\",\"trial_type\":\"html-button-response\",\"trial_index\":12,\"time_elapsed\":113065,\"internal_node_id\":\"0.0-1.0-0.9\",\"subject_id\":\"66771306c93722ca6d9a3847\",\"study_id\":\"67e2c7f5c9ee767149702482\",\"session_id\":\"67e2d54bc5ed9e6e79d35ff1\",\"rng_seed\":\"0.3983231409886443\",\"response_label\":1,\"provided_context\":true},{\"rt\":5815,\"stimulus\":\"<div style=\\\"font-size:20px;\\\"><p>Which scenario is more impossible?</p>\\n  Reminder: <strong>Impossible</strong> means it cannot happen in our world given the laws of nature, but may happen in a fictional world (e.g., \\\"I painted the house with my mind.\\\"). </div>\",\"response\":0,\"stimulus_0\":\"cutting cardboard using\",\"stimulus_1\":\"sewing a shirt using\",\"condition_0\":\"inconceivable\",\"condition_1\":\"improbable\",\"continuation_0\":\"a snore\",\"continuation_1\":\"a toothpick\",\"id_0\":22,\"id_1\":52,\"context_0\":\"They do not have scissors, so they are\",\"context_1\":\"They do not have a needle, so they are\",\"task_type\":\"critical\",\"concept\":\"impossible\",\"trial_type\":\"html-button-response\",\"trial_index\":13,\"time_elapsed\":118881,\"internal_node_id\":\"0.0-1.0-0.10\",\"subject_id\":\"66771306c93722ca6d9a3847\",\"study_id\":\"67e2c7f5c9ee767149702482\",\"session_id\":\"67e2d54bc5ed9e6e79d35ff1\",\"rng_seed\":\"0.3983231409886443\",\"response_label\":0,\"provided_context\":true},{\"rt\":4431,\"stimulus\":\"<div style=\\\"font-size:20px;\\\"><p>Which scenario is more impossible?</p>\\n  Reminder: <strong>Impossible</strong> means it cannot happen in our world given the laws of nature, but may happen in a fictional world (e.g., \\\"I painted the house with my mind.\\\"). </div>\",\"response\":0,\"stimulus_0\":\"cooking dinner out of\",\"stimulus_1\":\"catching a fish in\",\"condition_0\":\"impossible\",\"condition_1\":\"improbable\",\"continuation_0\":\"the moon\",\"continuation_1\":\"a puddle\",\"id_0\":16,\"id_1\":8,\"context_0\":\"They do not have pasta, so they are\",\"context_1\":\"They are not near a lake, so they are\",\"task_type\":\"critical\",\"concept\":\"impossible\",\"trial_type\":\"html-button-response\",\"trial_index\":14,\"time_elapsed\":123313,\"internal_node_id\":\"0.0-1.0-0.11\",\"subject_id\":\"66771306c93722ca6d9a3847\",\"study_id\":\"67e2c7f5c9ee767149702482\",\"session_id\":\"67e2d54bc5ed9e6e79d35ff1\",\"rng_seed\":\"0.3983231409886443\",\"response_label\":0,\"provided_context\":true},{\"rt\":1639,\"stimulus\":\"<div style=\\\"font-size:20px;\\\"><p>Follow the instructions below.</p></div>\",\"response\":1,\"stimulus_0\":\"cooking dinner out of\",\"stimulus_1\":\"catching a fish in\",\"condition_0\":\"impossible\",\"condition_1\":\"improbable\",\"continuation_0\":\"the moon\",\"continuation_1\":\"a puddle\",\"id_0\":16,\"id_1\":8,\"context_0\":\"They do not have pasta, so they are\",\"context_1\":\"They are not near a lake, so they are\",\"task_type\":\"attention_check\",\"choices\":[\"Don't Click This Button!\",\"Click This Button!\"],\"trial_type\":\"html-button-response\",\"trial_index\":15,\"time_elapsed\":124953,\"internal_node_id\":\"0.0-1.0-1.11-0.11\",\"subject_id\":\"66771306c93722ca6d9a3847\",\"study_id\":\"67e2c7f5c9ee767149702482\",\"session_id\":\"67e2d54bc5ed9e6e79d35ff1\",\"rng_seed\":\"0.3983231409886443\"},{\"rt\":4567,\"stimulus\":\"<div style=\\\"font-size:20px;\\\"><p>Which scenario is more impossible?</p>\\n  Reminder: <strong>Impossible</strong> means it cannot happen in our world given the laws of nature, but may happen in a fictional world (e.g., \\\"I painted the house with my mind.\\\"). </div>\",\"response\":1,\"stimulus_0\":\"crushing a soda can using\",\"stimulus_1\":\"cooking dinner out of\",\"condition_0\":\"improbable\",\"condition_1\":\"impossible\",\"continuation_0\":\"a chair\",\"continuation_1\":\"the moon\",\"id_0\":20,\"id_1\":16,\"context_0\":\"They do not have a shoe, so they are\",\"context_1\":\"They do not have pasta, so they are\",\"task_type\":\"critical\",\"concept\":\"impossible\",\"trial_type\":\"html-button-response\",\"trial_index\":16,\"time_elapsed\":129521,\"internal_node_id\":\"0.0-1.0-0.12\",\"subject_id\":\"66771306c93722ca6d9a3847\",\"study_id\":\"67e2c7f5c9ee767149702482\",\"session_id\":\"67e2d54bc5ed9e6e79d35ff1\",\"rng_seed\":\"0.3983231409886443\",\"response_label\":1,\"provided_context\":true},{\"rt\":4703,\"stimulus\":\"<div style=\\\"font-size:20px;\\\"><p>Which scenario is more impossible?</p>\\n  Reminder: <strong>Impossible</strong> means it cannot happen in our world given the laws of nature, but may happen in a fictional world (e.g., \\\"I painted the house with my mind.\\\"). </div>\",\"response\":1,\"stimulus_0\":\"building a bridge out of\",\"stimulus_1\":\"shaving [POSS] beard using\",\"condition_0\":\"improbable\",\"condition_1\":\"inconceivable\",\"continuation_0\":\"plastic\",\"continuation_1\":\"a belief\",\"id_0\":4,\"id_1\":54,\"context_0\":\"They do not have any steel, so they are\",\"context_1\":\"They do not have a razor, so they are\",\"task_type\":\"critical\",\"concept\":\"impossible\",\"trial_type\":\"html-button-response\",\"trial_index\":17,\"time_elapsed\":134225,\"internal_node_id\":\"0.0-1.0-0.13\",\"subject_id\":\"66771306c93722ca6d9a3847\",\"study_id\":\"67e2c7f5c9ee767149702482\",\"session_id\":\"67e2d54bc5ed9e6e79d35ff1\",\"rng_seed\":\"0.3983231409886443\",\"response_label\":1,\"provided_context\":true},{\"rt\":9623,\"stimulus\":\"<div style=\\\"font-size:20px;\\\"><p>Which scenario is more impossible?</p>\\n  Reminder: <strong>Impossible</strong> means it cannot happen in our world given the laws of nature, but may happen in a fictional world (e.g., \\\"I painted the house with my mind.\\\"). </div>\",\"response\":1,\"stimulus_0\":\"taking a vacation to\",\"stimulus_1\":\"cutting cardboard using\",\"condition_0\":\"impossible\",\"condition_1\":\"inconceivable\",\"continuation_0\":\"the sun\",\"continuation_1\":\"a snore\",\"id_0\":61,\"id_1\":22,\"context_0\":\"They are not near the beach, so they are\",\"context_1\":\"They do not have scissors, so they are\",\"task_type\":\"critical\",\"concept\":\"impossible\",\"trial_type\":\"html-button-response\",\"trial_index\":18,\"time_elapsed\":143849,\"internal_node_id\":\"0.0-1.0-0.14\",\"subject_id\":\"66771306c93722ca6d9a3847\",\"study_id\":\"67e2c7f5c9ee767149702482\",\"session_id\":\"67e2d54bc5ed9e6e79d35ff1\",\"rng_seed\":\"0.3983231409886443\",\"response_label\":1,\"provided_context\":true},{\"rt\":8103,\"stimulus\":\"<div style=\\\"font-size:20px;\\\"><p>Which scenario is more impossible?</p>\\n  Reminder: <strong>Impossible</strong> means it cannot happen in our world given the laws of nature, but may happen in a fictional world (e.g., \\\"I painted the house with my mind.\\\"). </div>\",\"response\":0,\"stimulus_0\":\"filling a bucket with\",\"stimulus_1\":\"squishing a blueberry using\",\"condition_0\":\"impossible\",\"condition_1\":\"improbable\",\"continuation_0\":\"buildings\",\"continuation_1\":\"[POSS] nose\",\"id_0\":33,\"id_1\":58,\"context_0\":\"They are not near sand, so they are\",\"context_1\":\"They do not have fingers, so they are\",\"task_type\":\"critical\",\"concept\":\"impossible\",\"trial_type\":\"html-button-response\",\"trial_index\":19,\"time_elapsed\":151953,\"internal_node_id\":\"0.0-1.0-0.15\",\"subject_id\":\"66771306c93722ca6d9a3847\",\"study_id\":\"67e2c7f5c9ee767149702482\",\"session_id\":\"67e2d54bc5ed9e6e79d35ff1\",\"rng_seed\":\"0.3983231409886443\",\"response_label\":0,\"provided_context\":true},{\"rt\":1911,\"stimulus\":\"<div style=\\\"font-size:20px;\\\"><p>Follow the instructions below.</p></div>\",\"response\":0,\"stimulus_0\":\"filling a bucket with\",\"stimulus_1\":\"squishing a blueberry using\",\"condition_0\":\"impossible\",\"condition_1\":\"improbable\",\"continuation_0\":\"buildings\",\"continuation_1\":\"[POSS] nose\",\"id_0\":33,\"id_1\":58,\"context_0\":\"They are not near sand, so they are\",\"context_1\":\"They do not have fingers, so they are\",\"task_type\":\"attention_check\",\"choices\":[\"Click This Button!\",\"Don't Click This Button!\"],\"trial_type\":\"html-button-response\",\"trial_index\":20,\"time_elapsed\":153865,\"internal_node_id\":\"0.0-1.0-1.15-0.15\",\"subject_id\":\"66771306c93722ca6d9a3847\",\"study_id\":\"67e2c7f5c9ee767149702482\",\"session_id\":\"67e2d54bc5ed9e6e79d35ff1\",\"rng_seed\":\"0.3983231409886443\"},{\"rt\":7119,\"stimulus\":\"<div style=\\\"font-size:20px;\\\"><p>Which scenario is more impossible?</p>\\n  Reminder: <strong>Impossible</strong> means it cannot happen in our world given the laws of nature, but may happen in a fictional world (e.g., \\\"I painted the house with my mind.\\\"). </div>\",\"response\":1,\"stimulus_0\":\"sewing a shirt using\",\"stimulus_1\":\"unlocking a door using\",\"condition_0\":\"improbable\",\"condition_1\":\"impossible\",\"continuation_0\":\"a toothpick\",\"continuation_1\":\"a marshmallow\",\"id_0\":52,\"id_1\":64,\"context_0\":\"They do not have a needle, so they are\",\"context_1\":\"They do not have a key, so they are\",\"task_type\":\"critical\",\"concept\":\"impossible\",\"trial_type\":\"html-button-response\",\"trial_index\":21,\"time_elapsed\":160985,\"internal_node_id\":\"0.0-1.0-0.16\",\"subject_id\":\"66771306c93722ca6d9a3847\",\"study_id\":\"67e2c7f5c9ee767149702482\",\"session_id\":\"67e2d54bc5ed9e6e79d35ff1\",\"rng_seed\":\"0.3983231409886443\",\"response_label\":1,\"provided_context\":true},{\"rt\":3559,\"stimulus\":\"<div style=\\\"font-size:20px;\\\"><p>Which scenario is more impossible?</p>\\n  Reminder: <strong>Impossible</strong> means it cannot happen in our world given the laws of nature, but may happen in a fictional world (e.g., \\\"I painted the house with my mind.\\\"). </div>\",\"response\":0,\"stimulus_0\":\"lighting a candle using\",\"stimulus_1\":\"eating soup using\",\"condition_0\":\"impossible\",\"condition_1\":\"improbable\",\"continuation_0\":\"yogurt\",\"continuation_1\":\"a bucket\",\"id_0\":39,\"id_1\":31,\"context_0\":\"They do not have a match, so they are\",\"context_1\":\"They do not have a spoon, so they are\",\"task_type\":\"critical\",\"concept\":\"impossible\",\"trial_type\":\"html-button-response\",\"trial_index\":22,\"time_elapsed\":164545,\"internal_node_id\":\"0.0-1.0-0.17\",\"subject_id\":\"66771306c93722ca6d9a3847\",\"study_id\":\"67e2c7f5c9ee767149702482\",\"session_id\":\"67e2d54bc5ed9e6e79d35ff1\",\"rng_seed\":\"0.3983231409886443\",\"response_label\":0,\"provided_context\":true},{\"rt\":6575,\"stimulus\":\"<div style=\\\"font-size:20px;\\\"><p>Which scenario is more impossible?</p>\\n  Reminder: <strong>Impossible</strong> means it cannot happen in our world given the laws of nature, but may happen in a fictional world (e.g., \\\"I painted the house with my mind.\\\"). </div>\",\"response\":0,\"stimulus_0\":\"writing an equation on\",\"stimulus_1\":\"unlocking a door using\",\"condition_0\":\"inconceivable\",\"condition_1\":\"impossible\",\"continuation_0\":\"a scream\",\"continuation_1\":\"a marshmallow\",\"id_0\":69,\"id_1\":64,\"context_0\":\"They do not have a chalkboard, so they are\",\"context_1\":\"They do not have a key, so they are\",\"task_type\":\"critical\",\"concept\":\"impossible\",\"trial_type\":\"html-button-response\",\"trial_index\":23,\"time_elapsed\":171121,\"internal_node_id\":\"0.0-1.0-0.18\",\"subject_id\":\"66771306c93722ca6d9a3847\",\"study_id\":\"67e2c7f5c9ee767149702482\",\"session_id\":\"67e2d54bc5ed9e6e79d35ff1\",\"rng_seed\":\"0.3983231409886443\",\"response_label\":0,\"provided_context\":true},{\"rt\":5679,\"stimulus\":\"<div style=\\\"font-size:20px;\\\"><p>Which scenario is more impossible?</p>\\n  Reminder: <strong>Impossible</strong> means it cannot happen in our world given the laws of nature, but may happen in a fictional world (e.g., \\\"I painted the house with my mind.\\\"). </div>\",\"response\":1,\"stimulus_0\":\"eating soup using\",\"stimulus_1\":\"lighting a candle using\",\"condition_0\":\"improbable\",\"condition_1\":\"impossible\",\"continuation_0\":\"a bucket\",\"continuation_1\":\"yogurt\",\"id_0\":31,\"id_1\":39,\"context_0\":\"They do not have a spoon, so they are\",\"context_1\":\"They do not have a match, so they are\",\"task_type\":\"critical\",\"concept\":\"impossible\",\"trial_type\":\"html-button-response\",\"trial_index\":24,\"time_elapsed\":176801,\"internal_node_id\":\"0.0-1.0-0.19\",\"subject_id\":\"66771306c93722ca6d9a3847\",\"study_id\":\"67e2c7f5c9ee767149702482\",\"session_id\":\"67e2d54bc5ed9e6e79d35ff1\",\"rng_seed\":\"0.3983231409886443\",\"response_label\":1,\"provided_context\":true},{\"rt\":1576,\"stimulus\":\"<div style=\\\"font-size:20px;\\\"><p>Follow the instructions below.</p></div>\",\"response\":0,\"stimulus_0\":\"eating soup using\",\"stimulus_1\":\"lighting a candle using\",\"condition_0\":\"improbable\",\"condition_1\":\"impossible\",\"continuation_0\":\"a bucket\",\"continuation_1\":\"yogurt\",\"id_0\":31,\"id_1\":39,\"context_0\":\"They do not have a spoon, so they are\",\"context_1\":\"They do not have a match, so they are\",\"task_type\":\"attention_check\",\"choices\":[\"Click This Button!\",\"Don't Click This Button!\"],\"trial_type\":\"html-button-response\",\"trial_index\":25,\"time_elapsed\":178378,\"internal_node_id\":\"0.0-1.0-1.19-0.19\",\"subject_id\":\"66771306c93722ca6d9a3847\",\"study_id\":\"67e2c7f5c9ee767149702482\",\"session_id\":\"67e2d54bc5ed9e6e79d35ff1\",\"rng_seed\":\"0.3983231409886443\"},{\"rt\":9895,\"response\":{\"language\":\"English\",\"gender\":\"Male\",\"feedback\":\"\"},\"trial_type\":\"survey-text\",\"trial_index\":26,\"time_elapsed\":188307,\"internal_node_id\":\"0.0-2.0\",\"subject_id\":\"66771306c93722ca6d9a3847\",\"study_id\":\"67e2c7f5c9ee767149702482\",\"session_id\":\"67e2d54bc5ed9e6e79d35ff1\",\"rng_seed\":\"0.3983231409886443\",\"task_type\":\"survey\"},{\"success\":true,\"completion_time\":\"2025-03-25T16:13:16.855Z\",\"exp_type\":\"gesture-beat-expt-pilot\"}]",
    "dir_path": "data/experiment_2_pilot"
}