{
    "prolific_data": {
        "subject_id": "66d507055c2511c9b5491638",
        "study_id": "67e2c7f5c9ee767149702482",
        "session_id": "67e2d42a4af61f11e71d6ad3",
        "rng_seed": "0.3129534111728096"
    },
    "data": "[{\"rt\":20514,\"stimulus\":\"\\n  <div class=\\\"jspsych-content\\\" align=left style=\\\"width:100%;text-align: left;\\\">\\n  <h2>Hello, and welcome to our study!</h2>\\n      In this study, we will ask you to 25 questions.\\n      <p>\\n      In 20 of the questions, we will need your help deciding which statement is more <strong>improbable</strong>.\\n      </p>\\n      <strong>Improbable</strong> means it is possible, but unlikely (e.g., \\\"I painted the house with my hair.\\\").\\n      <p>\\n      The remaining questions will check to make sure that you are paying attention to the study.\\n      <p>\\n    <h3>IMPORTANT:</h3>\\n    <ul>\\n      <li>Respond as quickly as you can.</li>\\n      <li>Answer the questions based on what is possible given the physical laws of the real world.</li>\\n      <li>There are no right or wrong answers. We are simply interested in your intuitions.</li>\\n      </ul>\\n    Once you are done reading this page, please press SPACEBAR to continue.\\n    </p>\\n  </div>\\n  \",\"response\":\" \",\"trial_type\":\"html-keyboard-response\",\"trial_index\":0,\"time_elapsed\":20517,\"internal_node_id\":\"0.0-0.0\",\"subject_id\":\"66d507055c2511c9b5491638\",\"study_id\":\"67e2c7f5c9ee767149702482\",\"session_id\":\"67e2d42a4af61f11e71d6ad3\",\"rng_seed\":\"0.3129534111728096\"},{\"rt\":39651,\"stimulus\":\"<div style=\\\"font-size:20px;\\\"><p>Which scenario is more improbable?</p>\\n  Reminder: <strong>Improbable</strong> means it is possible, but unlikely (e.g., \\\"I painted the house with my hair.\\\").</div>\",\"response\":0,\"stimulus_0\":\"taking a vacation to\",\"stimulus_1\":\"drying laundry using\",\"condition_0\":\"impossible\",\"condition_1\":\"improbable\",\"continuation_0\":\"the sun\",\"continuation_1\":\"a fan\",\"id_0\":61,\"id_1\":30,\"context_0\":\"They are not near the beach, so they are\",\"context_1\":\"They do not have a clothesline, so they are\",\"task_type\":\"critical\",\"concept\":\"improbable\",\"trial_type\":\"html-button-response\",\"trial_index\":1,\"time_elapsed\":60168,\"internal_node_id\":\"0.0-1.0-0.0\",\"subject_id\":\"66d507055c2511c9b5491638\",\"study_id\":\"67e2c7f5c9ee767149702482\",\"session_id\":\"67e2d42a4af61f11e71d6ad3\",\"rng_seed\":\"0.3129534111728096\",\"response_label\":0,\"provided_context\":true},{\"rt\":3406,\"stimulus\":\"<div style=\\\"font-size:20px;\\\"><p>Which scenario is more improbable?</p>\\n  Reminder: <strong>Improbable</strong> means it is possible, but unlikely (e.g., \\\"I painted the house with my hair.\\\").</div>\",\"response\":0,\"stimulus_0\":\"catching a fish in\",\"stimulus_1\":\"building a bridge out of\",\"condition_0\":\"improbable\",\"condition_1\":\"improbable\",\"continuation_0\":\"a puddle\",\"continuation_1\":\"plastic\",\"id_0\":8,\"id_1\":4,\"context_0\":\"They are not near a lake, so they are\",\"context_1\":\"They do not have any steel, so they are\",\"task_type\":\"critical\",\"concept\":\"improbable\",\"trial_type\":\"html-button-response\",\"trial_index\":2,\"time_elapsed\":63575,\"internal_node_id\":\"0.0-1.0-0.1\",\"subject_id\":\"66d507055c2511c9b5491638\",\"study_id\":\"67e2c7f5c9ee767149702482\",\"session_id\":\"67e2d42a4af61f11e71d6ad3\",\"rng_seed\":\"0.3129534111728096\",\"response_label\":0,\"provided_context\":true},{\"rt\":7077,\"stimulus\":\"<div style=\\\"font-size:20px;\\\"><p>Which scenario is more improbable?</p>\\n  Reminder: <strong>Improbable</strong> means it is possible, but unlikely (e.g., \\\"I painted the house with my hair.\\\").</div>\",\"response\":0,\"stimulus_0\":\"hanging a painting using\",\"stimulus_1\":\"cutting cardboard using\",\"condition_0\":\"inconceivable\",\"condition_1\":\"inconceivable\",\"continuation_0\":\"a handshake\",\"continuation_1\":\"a snore\",\"id_0\":36,\"id_1\":22,\"context_0\":\"They do not have screws, so they are\",\"context_1\":\"They do not have scissors, so they are\",\"task_type\":\"critical\",\"concept\":\"improbable\",\"trial_type\":\"html-button-response\",\"trial_index\":3,\"time_elapsed\":70653,\"internal_node_id\":\"0.0-1.0-0.2\",\"subject_id\":\"66d507055c2511c9b5491638\",\"study_id\":\"67e2c7f5c9ee767149702482\",\"session_id\":\"67e2d42a4af61f11e71d6ad3\",\"rng_seed\":\"0.3129534111728096\",\"response_label\":0,\"provided_context\":true},{\"rt\":8921,\"stimulus\":\"<div style=\\\"font-size:20px;\\\"><p>Which scenario is more improbable?</p>\\n  Reminder: <strong>Improbable</strong> means it is possible, but unlikely (e.g., \\\"I painted the house with my hair.\\\").</div>\",\"response\":1,\"stimulus_0\":\"carrying groceries inside\",\"stimulus_1\":\"drinking a cup full of\",\"condition_0\":\"improbable\",\"condition_1\":\"inconceivable\",\"continuation_0\":\"a backpack\",\"continuation_1\":\"minutes\",\"id_0\":6,\"id_1\":28,\"context_0\":\"They do not have a tote bag, so they are\",\"context_1\":\"They do not have water, so they are\",\"task_type\":\"critical\",\"concept\":\"improbable\",\"trial_type\":\"html-button-response\",\"trial_index\":4,\"time_elapsed\":79575,\"internal_node_id\":\"0.0-1.0-0.3\",\"subject_id\":\"66d507055c2511c9b5491638\",\"study_id\":\"67e2c7f5c9ee767149702482\",\"session_id\":\"67e2d42a4af61f11e71d6ad3\",\"rng_seed\":\"0.3129534111728096\",\"response_label\":1,\"provided_context\":true},{\"rt\":2791,\"stimulus\":\"<div style=\\\"font-size:20px;\\\"><p>Follow the instructions below.</p></div>\",\"response\":1,\"stimulus_0\":\"carrying groceries inside\",\"stimulus_1\":\"drinking a cup full of\",\"condition_0\":\"improbable\",\"condition_1\":\"inconceivable\",\"continuation_0\":\"a backpack\",\"continuation_1\":\"minutes\",\"id_0\":6,\"id_1\":28,\"context_0\":\"They do not have a tote bag, so they are\",\"context_1\":\"They do not have water, so they are\",\"task_type\":\"attention_check\",\"choices\":[\"Don't Click This Button!\",\"Click This Button!\"],\"trial_type\":\"html-button-response\",\"trial_index\":5,\"time_elapsed\":82367,\"internal_node_id\":\"0.0-1.0-1.3-0.3\",\"subject_id\":\"66d507055c2511c9b5491638\",\"study_id\":\"67e2c7f5c9ee767149702482\",\"session_id\":\"67e2d42a4af61f11e71d6ad3\",\"rng_seed\":\"0.3129534111728096\"},{\"rt\":10107,\"stimulus\":\"<div style=\\\"font-size:20px;\\\"><p>Which scenario is more improbable?</p>\\n  Reminder: <strong>Improbable</strong> means it is possible, but unlikely (e.g., \\\"I painted the house with my hair.\\\").</div>\",\"response\":1,\"stimulus_0\":\"denting a car with\",\"stimulus_1\":\"lighting a candle using\",\"condition_0\":\"improbable\",\"condition_1\":\"impossible\",\"continuation_0\":\"a dumbbell\",\"continuation_1\":\"yogurt\",\"id_0\":23,\"id_1\":39,\"context_0\":\"They do not have a baseball bat, so they are\",\"context_1\":\"They do not have a match, so they are\",\"task_type\":\"critical\",\"concept\":\"improbable\",\"trial_type\":\"html-button-response\",\"trial_index\":6,\"time_elapsed\":92475,\"internal_node_id\":\"0.0-1.0-0.4\",\"subject_id\":\"66d507055c2511c9b5491638\",\"study_id\":\"67e2c7f5c9ee767149702482\",\"session_id\":\"67e2d42a4af61f11e71d6ad3\",\"rng_seed\":\"0.3129534111728096\",\"response_label\":1,\"provided_context\":true},{\"rt\":6694,\"stimulus\":\"<div style=\\\"font-size:20px;\\\"><p>Which scenario is more improbable?</p>\\n  Reminder: <strong>Improbable</strong> means it is possible, but unlikely (e.g., \\\"I painted the house with my hair.\\\").</div>\",\"response\":0,\"stimulus_0\":\"unlocking a door using\",\"stimulus_1\":\"cutting cardboard using\",\"condition_0\":\"impossible\",\"condition_1\":\"inconceivable\",\"continuation_0\":\"a marshmallow\",\"continuation_1\":\"a snore\",\"id_0\":64,\"id_1\":22,\"context_0\":\"They do not have a key, so they are\",\"context_1\":\"They do not have scissors, so they are\",\"task_type\":\"critical\",\"concept\":\"improbable\",\"trial_type\":\"html-button-response\",\"trial_index\":7,\"time_elapsed\":99170,\"internal_node_id\":\"0.0-1.0-0.5\",\"subject_id\":\"66d507055c2511c9b5491638\",\"study_id\":\"67e2c7f5c9ee767149702482\",\"session_id\":\"67e2d42a4af61f11e71d6ad3\",\"rng_seed\":\"0.3129534111728096\",\"response_label\":0,\"provided_context\":true},{\"rt\":15947,\"stimulus\":\"<div style=\\\"font-size:20px;\\\"><p>Which scenario is more improbable?</p>\\n  Reminder: <strong>Improbable</strong> means it is possible, but unlikely (e.g., \\\"I painted the house with my hair.\\\").</div>\",\"response\":1,\"stimulus_0\":\"cleaning a spill using\",\"stimulus_1\":\"cooking dinner out of\",\"condition_0\":\"inconceivable\",\"condition_1\":\"impossible\",\"continuation_0\":\"a country\",\"continuation_1\":\"the moon\",\"id_0\":11,\"id_1\":16,\"context_0\":\"They do not have a sponge, so they are\",\"context_1\":\"They do not have pasta, so they are\",\"task_type\":\"critical\",\"concept\":\"improbable\",\"trial_type\":\"html-button-response\",\"trial_index\":8,\"time_elapsed\":115118,\"internal_node_id\":\"0.0-1.0-0.6\",\"subject_id\":\"66d507055c2511c9b5491638\",\"study_id\":\"67e2c7f5c9ee767149702482\",\"session_id\":\"67e2d42a4af61f11e71d6ad3\",\"rng_seed\":\"0.3129534111728096\",\"response_label\":1,\"provided_context\":true},{\"rt\":11777,\"stimulus\":\"<div style=\\\"font-size:20px;\\\"><p>Which scenario is more improbable?</p>\\n  Reminder: <strong>Improbable</strong> means it is possible, but unlikely (e.g., \\\"I painted the house with my hair.\\\").</div>\",\"response\":0,\"stimulus_0\":\"writing an equation on\",\"stimulus_1\":\"eating soup using\",\"condition_0\":\"inconceivable\",\"condition_1\":\"improbable\",\"continuation_0\":\"a scream\",\"continuation_1\":\"a bucket\",\"id_0\":69,\"id_1\":31,\"context_0\":\"They do not have a chalkboard, so they are\",\"context_1\":\"They do not have a spoon, so they are\",\"task_type\":\"critical\",\"concept\":\"improbable\",\"trial_type\":\"html-button-response\",\"trial_index\":9,\"time_elapsed\":126895,\"internal_node_id\":\"0.0-1.0-0.7\",\"subject_id\":\"66d507055c2511c9b5491638\",\"study_id\":\"67e2c7f5c9ee767149702482\",\"session_id\":\"67e2d42a4af61f11e71d6ad3\",\"rng_seed\":\"0.3129534111728096\",\"response_label\":0,\"provided_context\":true},{\"rt\":2303,\"stimulus\":\"<div style=\\\"font-size:20px;\\\"><p>Follow the instructions below.</p></div>\",\"response\":0,\"stimulus_0\":\"writing an equation on\",\"stimulus_1\":\"eating soup using\",\"condition_0\":\"inconceivable\",\"condition_1\":\"improbable\",\"continuation_0\":\"a scream\",\"continuation_1\":\"a bucket\",\"id_0\":69,\"id_1\":31,\"context_0\":\"They do not have a chalkboard, so they are\",\"context_1\":\"They do not have a spoon, so they are\",\"task_type\":\"attention_check\",\"choices\":[\"Click This Button!\",\"Don't Click This Button!\"],\"trial_type\":\"html-button-response\",\"trial_index\":10,\"time_elapsed\":129199,\"internal_node_id\":\"0.0-1.0-1.7-0.7\",\"subject_id\":\"66d507055c2511c9b5491638\",\"study_id\":\"67e2c7f5c9ee767149702482\",\"session_id\":\"67e2d42a4af61f11e71d6ad3\",\"rng_seed\":\"0.3129534111728096\"},{\"rt\":29071,\"stimulus\":\"<div style=\\\"font-size:20px;\\\"><p>Which scenario is more improbable?</p>\\n  Reminder: <strong>Improbable</strong> means it is possible, but unlikely (e.g., \\\"I painted the house with my hair.\\\").</div>\",\"response\":1,\"stimulus_0\":\"hanging a painting using\",\"stimulus_1\":\"plucking a hair using\",\"condition_0\":\"inconceivable\",\"condition_1\":\"inconceivable\",\"continuation_0\":\"a handshake\",\"continuation_1\":\"sympathy\",\"id_0\":36,\"id_1\":47,\"context_0\":\"They do not have screws, so they are\",\"context_1\":\"They do not have tweezers, so they are\",\"task_type\":\"critical\",\"concept\":\"improbable\",\"trial_type\":\"html-button-response\",\"trial_index\":11,\"time_elapsed\":158271,\"internal_node_id\":\"0.0-1.0-0.8\",\"subject_id\":\"66d507055c2511c9b5491638\",\"study_id\":\"67e2c7f5c9ee767149702482\",\"session_id\":\"67e2d42a4af61f11e71d6ad3\",\"rng_seed\":\"0.3129534111728096\",\"response_label\":1,\"provided_context\":true},{\"rt\":9444,\"stimulus\":\"<div style=\\\"font-size:20px;\\\"><p>Which scenario is more improbable?</p>\\n  Reminder: <strong>Improbable</strong> means it is possible, but unlikely (e.g., \\\"I painted the house with my hair.\\\").</div>\",\"response\":1,\"stimulus_0\":\"crafting a bowl out of\",\"stimulus_1\":\"cooling a room using\",\"condition_0\":\"impossible\",\"condition_1\":\"inconceivable\",\"continuation_0\":\"smoke\",\"continuation_1\":\"a taste\",\"id_0\":19,\"id_1\":17,\"context_0\":\"They do not have clay, so they are\",\"context_1\":\"They do not have a fan, so they are\",\"task_type\":\"critical\",\"concept\":\"improbable\",\"trial_type\":\"html-button-response\",\"trial_index\":12,\"time_elapsed\":167716,\"internal_node_id\":\"0.0-1.0-0.9\",\"subject_id\":\"66d507055c2511c9b5491638\",\"study_id\":\"67e2c7f5c9ee767149702482\",\"session_id\":\"67e2d42a4af61f11e71d6ad3\",\"rng_seed\":\"0.3129534111728096\",\"response_label\":1,\"provided_context\":true},{\"rt\":453,\"stimulus\":\"<div style=\\\"font-size:20px;\\\"><p>Which scenario is more improbable?</p>\\n  Reminder: <strong>Improbable</strong> means it is possible, but unlikely (e.g., \\\"I painted the house with my hair.\\\").</div>\",\"response\":1,\"stimulus_0\":\"shaving [POSS] beard using\",\"stimulus_1\":\"packing a suit inside\",\"condition_0\":\"inconceivable\",\"condition_1\":\"improbable\",\"continuation_0\":\"a belief\",\"continuation_1\":\"a pocket\",\"id_0\":54,\"id_1\":44,\"context_0\":\"They do not have a razor, so they are\",\"context_1\":\"They do not have a suitcase, so they are\",\"task_type\":\"critical\",\"concept\":\"improbable\",\"trial_type\":\"html-button-response\",\"trial_index\":13,\"time_elapsed\":168170,\"internal_node_id\":\"0.0-1.0-0.10\",\"subject_id\":\"66d507055c2511c9b5491638\",\"study_id\":\"67e2c7f5c9ee767149702482\",\"session_id\":\"67e2d42a4af61f11e71d6ad3\",\"rng_seed\":\"0.3129534111728096\",\"response_label\":1,\"provided_context\":true},{\"rt\":4535,\"stimulus\":\"<div style=\\\"font-size:20px;\\\"><p>Which scenario is more improbable?</p>\\n  Reminder: <strong>Improbable</strong> means it is possible, but unlikely (e.g., \\\"I painted the house with my hair.\\\").</div>\",\"response\":0,\"stimulus_0\":\"lighting a candle using\",\"stimulus_1\":\"sewing a shirt using\",\"condition_0\":\"impossible\",\"condition_1\":\"improbable\",\"continuation_0\":\"yogurt\",\"continuation_1\":\"a toothpick\",\"id_0\":39,\"id_1\":52,\"context_0\":\"They do not have a match, so they are\",\"context_1\":\"They do not have a needle, so they are\",\"task_type\":\"critical\",\"concept\":\"improbable\",\"trial_type\":\"html-button-response\",\"trial_index\":14,\"time_elapsed\":172705,\"internal_node_id\":\"0.0-1.0-0.11\",\"subject_id\":\"66d507055c2511c9b5491638\",\"study_id\":\"67e2c7f5c9ee767149702482\",\"session_id\":\"67e2d42a4af61f11e71d6ad3\",\"rng_seed\":\"0.3129534111728096\",\"response_label\":0,\"provided_context\":true},{\"rt\":1517,\"stimulus\":\"<div style=\\\"font-size:20px;\\\"><p>Follow the instructions below.</p></div>\",\"response\":1,\"stimulus_0\":\"lighting a candle using\",\"stimulus_1\":\"sewing a shirt using\",\"condition_0\":\"impossible\",\"condition_1\":\"improbable\",\"continuation_0\":\"yogurt\",\"continuation_1\":\"a toothpick\",\"id_0\":39,\"id_1\":52,\"context_0\":\"They do not have a match, so they are\",\"context_1\":\"They do not have a needle, so they are\",\"task_type\":\"attention_check\",\"choices\":[\"Don't Click This Button!\",\"Click This Button!\"],\"trial_type\":\"html-button-response\",\"trial_index\":15,\"time_elapsed\":174223,\"internal_node_id\":\"0.0-1.0-1.11-0.11\",\"subject_id\":\"66d507055c2511c9b5491638\",\"study_id\":\"67e2c7f5c9ee767149702482\",\"session_id\":\"67e2d42a4af61f11e71d6ad3\",\"rng_seed\":\"0.3129534111728096\"},{\"rt\":7152,\"stimulus\":\"<div style=\\\"font-size:20px;\\\"><p>Which scenario is more improbable?</p>\\n  Reminder: <strong>Improbable</strong> means it is possible, but unlikely (e.g., \\\"I painted the house with my hair.\\\").</div>\",\"response\":0,\"stimulus_0\":\"shaving [POSS] beard using\",\"stimulus_1\":\"sewing a shirt using\",\"condition_0\":\"inconceivable\",\"condition_1\":\"improbable\",\"continuation_0\":\"a belief\",\"continuation_1\":\"a toothpick\",\"id_0\":54,\"id_1\":52,\"context_0\":\"They do not have a razor, so they are\",\"context_1\":\"They do not have a needle, so they are\",\"task_type\":\"critical\",\"concept\":\"improbable\",\"trial_type\":\"html-button-response\",\"trial_index\":16,\"time_elapsed\":181375,\"internal_node_id\":\"0.0-1.0-0.12\",\"subject_id\":\"66d507055c2511c9b5491638\",\"study_id\":\"67e2c7f5c9ee767149702482\",\"session_id\":\"67e2d42a4af61f11e71d6ad3\",\"rng_seed\":\"0.3129534111728096\",\"response_label\":0,\"provided_context\":true},{\"rt\":11625,\"stimulus\":\"<div style=\\\"font-size:20px;\\\"><p>Which scenario is more improbable?</p>\\n  Reminder: <strong>Improbable</strong> means it is possible, but unlikely (e.g., \\\"I painted the house with my hair.\\\").</div>\",\"response\":0,\"stimulus_0\":\"filling a bucket with\",\"stimulus_1\":\"crushing a soda can using\",\"condition_0\":\"impossible\",\"condition_1\":\"improbable\",\"continuation_0\":\"buildings\",\"continuation_1\":\"a chair\",\"id_0\":33,\"id_1\":20,\"context_0\":\"They are not near sand, so they are\",\"context_1\":\"They do not have a shoe, so they are\",\"task_type\":\"critical\",\"concept\":\"improbable\",\"trial_type\":\"html-button-response\",\"trial_index\":17,\"time_elapsed\":193001,\"internal_node_id\":\"0.0-1.0-0.13\",\"subject_id\":\"66d507055c2511c9b5491638\",\"study_id\":\"67e2c7f5c9ee767149702482\",\"session_id\":\"67e2d42a4af61f11e71d6ad3\",\"rng_seed\":\"0.3129534111728096\",\"response_label\":0,\"provided_context\":true},{\"rt\":9780,\"stimulus\":\"<div style=\\\"font-size:20px;\\\"><p>Which scenario is more improbable?</p>\\n  Reminder: <strong>Improbable</strong> means it is possible, but unlikely (e.g., \\\"I painted the house with my hair.\\\").</div>\",\"response\":0,\"stimulus_0\":\"cleaning a spill using\",\"stimulus_1\":\"taking a vacation to\",\"condition_0\":\"inconceivable\",\"condition_1\":\"impossible\",\"continuation_0\":\"a country\",\"continuation_1\":\"the sun\",\"id_0\":11,\"id_1\":61,\"context_0\":\"They do not have a sponge, so they are\",\"context_1\":\"They are not near the beach, so they are\",\"task_type\":\"critical\",\"concept\":\"improbable\",\"trial_type\":\"html-button-response\",\"trial_index\":18,\"time_elapsed\":202781,\"internal_node_id\":\"0.0-1.0-0.14\",\"subject_id\":\"66d507055c2511c9b5491638\",\"study_id\":\"67e2c7f5c9ee767149702482\",\"session_id\":\"67e2d42a4af61f11e71d6ad3\",\"rng_seed\":\"0.3129534111728096\",\"response_label\":0,\"provided_context\":true},{\"rt\":5518,\"stimulus\":\"<div style=\\\"font-size:20px;\\\"><p>Which scenario is more improbable?</p>\\n  Reminder: <strong>Improbable</strong> means it is possible, but unlikely (e.g., \\\"I painted the house with my hair.\\\").</div>\",\"response\":1,\"stimulus_0\":\"crushing a soda can using\",\"stimulus_1\":\"shaving [POSS] beard using\",\"condition_0\":\"improbable\",\"condition_1\":\"inconceivable\",\"continuation_0\":\"a chair\",\"continuation_1\":\"a belief\",\"id_0\":20,\"id_1\":54,\"context_0\":\"They do not have a shoe, so they are\",\"context_1\":\"They do not have a razor, so they are\",\"task_type\":\"critical\",\"concept\":\"improbable\",\"trial_type\":\"html-button-response\",\"trial_index\":19,\"time_elapsed\":208300,\"internal_node_id\":\"0.0-1.0-0.15\",\"subject_id\":\"66d507055c2511c9b5491638\",\"study_id\":\"67e2c7f5c9ee767149702482\",\"session_id\":\"67e2d42a4af61f11e71d6ad3\",\"rng_seed\":\"0.3129534111728096\",\"response_label\":1,\"provided_context\":true},{\"rt\":1575,\"stimulus\":\"<div style=\\\"font-size:20px;\\\"><p>Follow the instructions below.</p></div>\",\"response\":0,\"stimulus_0\":\"crushing a soda can using\",\"stimulus_1\":\"shaving [POSS] beard using\",\"condition_0\":\"improbable\",\"condition_1\":\"inconceivable\",\"continuation_0\":\"a chair\",\"continuation_1\":\"a belief\",\"id_0\":20,\"id_1\":54,\"context_0\":\"They do not have a shoe, so they are\",\"context_1\":\"They do not have a razor, so they are\",\"task_type\":\"attention_check\",\"choices\":[\"Click This Button!\",\"Don't Click This Button!\"],\"trial_type\":\"html-button-response\",\"trial_index\":20,\"time_elapsed\":209875,\"internal_node_id\":\"0.0-1.0-1.15-0.15\",\"subject_id\":\"66d507055c2511c9b5491638\",\"study_id\":\"67e2c7f5c9ee767149702482\",\"session_id\":\"67e2d42a4af61f11e71d6ad3\",\"rng_seed\":\"0.3129534111728096\"},{\"rt\":11546,\"stimulus\":\"<div style=\\\"font-size:20px;\\\"><p>Which scenario is more improbable?</p>\\n  Reminder: <strong>Improbable</strong> means it is possible, but unlikely (e.g., \\\"I painted the house with my hair.\\\").</div>\",\"response\":0,\"stimulus_0\":\"shattering a window using\",\"stimulus_1\":\"crushing a soda can using\",\"condition_0\":\"impossible\",\"condition_1\":\"improbable\",\"continuation_0\":\"confetti\",\"continuation_1\":\"a chair\",\"id_0\":53,\"id_1\":20,\"context_0\":\"They do not have a stone, so they are\",\"context_1\":\"They do not have a shoe, so they are\",\"task_type\":\"critical\",\"concept\":\"improbable\",\"trial_type\":\"html-button-response\",\"trial_index\":21,\"time_elapsed\":221422,\"internal_node_id\":\"0.0-1.0-0.16\",\"subject_id\":\"66d507055c2511c9b5491638\",\"study_id\":\"67e2c7f5c9ee767149702482\",\"session_id\":\"67e2d42a4af61f11e71d6ad3\",\"rng_seed\":\"0.3129534111728096\",\"response_label\":0,\"provided_context\":true},{\"rt\":4145,\"stimulus\":\"<div style=\\\"font-size:20px;\\\"><p>Which scenario is more improbable?</p>\\n  Reminder: <strong>Improbable</strong> means it is possible, but unlikely (e.g., \\\"I painted the house with my hair.\\\").</div>\",\"response\":1,\"stimulus_0\":\"drying laundry using\",\"stimulus_1\":\"shaving [POSS] beard using\",\"condition_0\":\"improbable\",\"condition_1\":\"inconceivable\",\"continuation_0\":\"a fan\",\"continuation_1\":\"a belief\",\"id_0\":30,\"id_1\":54,\"context_0\":\"They do not have a clothesline, so they are\",\"context_1\":\"They do not have a razor, so they are\",\"task_type\":\"critical\",\"concept\":\"improbable\",\"trial_type\":\"html-button-response\",\"trial_index\":22,\"time_elapsed\":225568,\"internal_node_id\":\"0.0-1.0-0.17\",\"subject_id\":\"66d507055c2511c9b5491638\",\"study_id\":\"67e2c7f5c9ee767149702482\",\"session_id\":\"67e2d42a4af61f11e71d6ad3\",\"rng_seed\":\"0.3129534111728096\",\"response_label\":1,\"provided_context\":true},{\"rt\":5244,\"stimulus\":\"<div style=\\\"font-size:20px;\\\"><p>Which scenario is more improbable?</p>\\n  Reminder: <strong>Improbable</strong> means it is possible, but unlikely (e.g., \\\"I painted the house with my hair.\\\").</div>\",\"response\":0,\"stimulus_0\":\"plucking a hair using\",\"stimulus_1\":\"cleaning a spill using\",\"condition_0\":\"inconceivable\",\"condition_1\":\"inconceivable\",\"continuation_0\":\"sympathy\",\"continuation_1\":\"a country\",\"id_0\":47,\"id_1\":11,\"context_0\":\"They do not have tweezers, so they are\",\"context_1\":\"They do not have a sponge, so they are\",\"task_type\":\"critical\",\"concept\":\"improbable\",\"trial_type\":\"html-button-response\",\"trial_index\":23,\"time_elapsed\":230813,\"internal_node_id\":\"0.0-1.0-0.18\",\"subject_id\":\"66d507055c2511c9b5491638\",\"study_id\":\"67e2c7f5c9ee767149702482\",\"session_id\":\"67e2d42a4af61f11e71d6ad3\",\"rng_seed\":\"0.3129534111728096\",\"response_label\":0,\"provided_context\":true},{\"rt\":6817,\"stimulus\":\"<div style=\\\"font-size:20px;\\\"><p>Which scenario is more improbable?</p>\\n  Reminder: <strong>Improbable</strong> means it is possible, but unlikely (e.g., \\\"I painted the house with my hair.\\\").</div>\",\"response\":1,\"stimulus_0\":\"squishing a blueberry using\",\"stimulus_1\":\"drinking a cup full of\",\"condition_0\":\"improbable\",\"condition_1\":\"inconceivable\",\"continuation_0\":\"[POSS] nose\",\"continuation_1\":\"minutes\",\"id_0\":58,\"id_1\":28,\"context_0\":\"They do not have fingers, so they are\",\"context_1\":\"They do not have water, so they are\",\"task_type\":\"critical\",\"concept\":\"improbable\",\"trial_type\":\"html-button-response\",\"trial_index\":24,\"time_elapsed\":237630,\"internal_node_id\":\"0.0-1.0-0.19\",\"subject_id\":\"66d507055c2511c9b5491638\",\"study_id\":\"67e2c7f5c9ee767149702482\",\"session_id\":\"67e2d42a4af61f11e71d6ad3\",\"rng_seed\":\"0.3129534111728096\",\"response_label\":1,\"provided_context\":true},{\"rt\":1450,\"stimulus\":\"<div style=\\\"font-size:20px;\\\"><p>Follow the instructions below.</p></div>\",\"response\":0,\"stimulus_0\":\"squishing a blueberry using\",\"stimulus_1\":\"drinking a cup full of\",\"condition_0\":\"improbable\",\"condition_1\":\"inconceivable\",\"continuation_0\":\"[POSS] nose\",\"continuation_1\":\"minutes\",\"id_0\":58,\"id_1\":28,\"context_0\":\"They do not have fingers, so they are\",\"context_1\":\"They do not have water, so they are\",\"task_type\":\"attention_check\",\"choices\":[\"Click This Button!\",\"Don't Click This Button!\"],\"trial_type\":\"html-button-response\",\"trial_index\":25,\"time_elapsed\":239081,\"internal_node_id\":\"0.0-1.0-1.19-0.19\",\"subject_id\":\"66d507055c2511c9b5491638\",\"study_id\":\"67e2c7f5c9ee767149702482\",\"session_id\":\"67e2d42a4af61f11e71d6ad3\",\"rng_seed\":\"0.3129534111728096\"},{\"rt\":8413,\"response\":{\"language\":\"English\",\"gender\":\"Female\",\"feedback\":\"\"},\"trial_type\":\"survey-text\",\"trial_index\":26,\"time_elapsed\":247498,\"internal_node_id\":\"0.0-2.0\",\"subject_id\":\"66d507055c2511c9b5491638\",\"study_id\":\"67e2c7f5c9ee767149702482\",\"session_id\":\"67e2d42a4af61f11e71d6ad3\",\"rng_seed\":\"0.3129534111728096\",\"task_type\":\"survey\"},{\"success\":true,\"completion_time\":\"2025-03-25T16:12:55.258Z\",\"exp_type\":\"gesture-beat-expt-pilot\"}]",
    "dir_path": "data/experiment_2_pilot"
}