{
    "prolific_data": {
        "subject_id": "67dcbc25ea9aca49011e118f",
        "study_id": "67e2c7f5c9ee767149702482",
        "session_id": "67e2c9ea72fb543482a471ba",
        "rng_seed": "0.02176952106183183"
    },
    "data": "[{\"rt\":76022,\"stimulus\":\"\\n  <div class=\\\"jspsych-content\\\" align=left style=\\\"width:100%;text-align: left;\\\">\\n  <h2>Hello, and welcome to our study!</h2>\\n      In this study, we will ask you to 25 questions.\\n      <p>\\n      In 20 of the questions, we will need your help deciding which statement is more <strong>improbable</strong>.\\n      </p>\\n      <strong>Improbable</strong> means it is possible, but unlikely (e.g., \\\"I painted the house with my hair.\\\").\\n      <p>\\n      The remaining questions will check to make sure that you are paying attention to the study.\\n      <p>\\n    <h3>IMPORTANT:</h3>\\n    <ul>\\n      <li>Respond as quickly as you can.</li>\\n      <li>Answer the questions based on what is possible given the physical laws of the real world.</li>\\n      <li>There are no right or wrong answers. We are simply interested in your intuitions.</li>\\n      </ul>\\n    Once you are done reading this page, please press SPACEBAR to continue.\\n    </p>\\n  </div>\\n  \",\"response\":\" \",\"trial_type\":\"html-keyboard-response\",\"trial_index\":0,\"time_elapsed\":76031,\"internal_node_id\":\"0.0-0.0\",\"subject_id\":\"67dcbc25ea9aca49011e118f\",\"study_id\":\"67e2c7f5c9ee767149702482\",\"session_id\":\"67e2c9ea72fb543482a471ba\",\"rng_seed\":\"0.02176952106183183\"},{\"rt\":39323,\"stimulus\":\"<div style=\\\"font-size:20px;\\\"><p>Which scenario is more improbable?</p>\\n  Reminder: <strong>Improbable</strong> means it is possible, but unlikely (e.g., \\\"I painted the house with my hair.\\\").</div>\",\"response\":1,\"stimulus_0\":\"taking a vacation to\",\"stimulus_1\":\"painting a wall using\",\"condition_0\":\"impossible\",\"condition_1\":\"inconceivable\",\"continuation_0\":\"the sun\",\"continuation_1\":\"a whisper\",\"id_0\":61,\"id_1\":45,\"context_0\":\"They are not near the beach, so they are\",\"context_1\":\"They do not have a brush, so they are\",\"task_type\":\"critical\",\"concept\":\"improbable\",\"trial_type\":\"html-button-response\",\"trial_index\":1,\"time_elapsed\":115361,\"internal_node_id\":\"0.0-1.0-0.0\",\"subject_id\":\"67dcbc25ea9aca49011e118f\",\"study_id\":\"67e2c7f5c9ee767149702482\",\"session_id\":\"67e2c9ea72fb543482a471ba\",\"rng_seed\":\"0.02176952106183183\",\"response_label\":1,\"provided_context\":true},{\"rt\":22054,\"stimulus\":\"<div style=\\\"font-size:20px;\\\"><p>Which scenario is more improbable?</p>\\n  Reminder: <strong>Improbable</strong> means it is possible, but unlikely (e.g., \\\"I painted the house with my hair.\\\").</div>\",\"response\":1,\"stimulus_0\":\"lighting a candle using\",\"stimulus_1\":\"cooling a room using\",\"condition_0\":\"impossible\",\"condition_1\":\"inconceivable\",\"continuation_0\":\"yogurt\",\"continuation_1\":\"a taste\",\"id_0\":39,\"id_1\":17,\"context_0\":\"They do not have a match, so they are\",\"context_1\":\"They do not have a fan, so they are\",\"task_type\":\"critical\",\"concept\":\"improbable\",\"trial_type\":\"html-button-response\",\"trial_index\":2,\"time_elapsed\":137417,\"internal_node_id\":\"0.0-1.0-0.1\",\"subject_id\":\"67dcbc25ea9aca49011e118f\",\"study_id\":\"67e2c7f5c9ee767149702482\",\"session_id\":\"67e2c9ea72fb543482a471ba\",\"rng_seed\":\"0.02176952106183183\",\"response_label\":1,\"provided_context\":true},{\"rt\":29300,\"stimulus\":\"<div style=\\\"font-size:20px;\\\"><p>Which scenario is more improbable?</p>\\n  Reminder: <strong>Improbable</strong> means it is possible, but unlikely (e.g., \\\"I painted the house with my hair.\\\").</div>\",\"response\":1,\"stimulus_0\":\"filling a bucket with\",\"stimulus_1\":\"hanging a painting using\",\"condition_0\":\"impossible\",\"condition_1\":\"inconceivable\",\"continuation_0\":\"buildings\",\"continuation_1\":\"a handshake\",\"id_0\":33,\"id_1\":36,\"context_0\":\"They are not near sand, so they are\",\"context_1\":\"They do not have screws, so they are\",\"task_type\":\"critical\",\"concept\":\"improbable\",\"trial_type\":\"html-button-response\",\"trial_index\":3,\"time_elapsed\":166718,\"internal_node_id\":\"0.0-1.0-0.2\",\"subject_id\":\"67dcbc25ea9aca49011e118f\",\"study_id\":\"67e2c7f5c9ee767149702482\",\"session_id\":\"67e2c9ea72fb543482a471ba\",\"rng_seed\":\"0.02176952106183183\",\"response_label\":1,\"provided_context\":true},{\"rt\":18490,\"stimulus\":\"<div style=\\\"font-size:20px;\\\"><p>Which scenario is more improbable?</p>\\n  Reminder: <strong>Improbable</strong> means it is possible, but unlikely (e.g., \\\"I painted the house with my hair.\\\").</div>\",\"response\":1,\"stimulus_0\":\"lighting a candle using\",\"stimulus_1\":\"squishing a blueberry using\",\"condition_0\":\"impossible\",\"condition_1\":\"improbable\",\"continuation_0\":\"yogurt\",\"continuation_1\":\"[POSS] nose\",\"id_0\":39,\"id_1\":58,\"context_0\":\"They do not have a match, so they are\",\"context_1\":\"They do not have fingers, so they are\",\"task_type\":\"critical\",\"concept\":\"improbable\",\"trial_type\":\"html-button-response\",\"trial_index\":4,\"time_elapsed\":185211,\"internal_node_id\":\"0.0-1.0-0.3\",\"subject_id\":\"67dcbc25ea9aca49011e118f\",\"study_id\":\"67e2c7f5c9ee767149702482\",\"session_id\":\"67e2c9ea72fb543482a471ba\",\"rng_seed\":\"0.02176952106183183\",\"response_label\":1,\"provided_context\":true},{\"rt\":9328,\"stimulus\":\"<div style=\\\"font-size:20px;\\\"><p>Follow the instructions below.</p></div>\",\"response\":0,\"stimulus_0\":\"lighting a candle using\",\"stimulus_1\":\"squishing a blueberry using\",\"condition_0\":\"impossible\",\"condition_1\":\"improbable\",\"continuation_0\":\"yogurt\",\"continuation_1\":\"[POSS] nose\",\"id_0\":39,\"id_1\":58,\"context_0\":\"They do not have a match, so they are\",\"context_1\":\"They do not have fingers, so they are\",\"task_type\":\"attention_check\",\"choices\":[\"Click This Button!\",\"Don't Click This Button!\"],\"trial_type\":\"html-button-response\",\"trial_index\":5,\"time_elapsed\":194541,\"internal_node_id\":\"0.0-1.0-1.3-0.3\",\"subject_id\":\"67dcbc25ea9aca49011e118f\",\"study_id\":\"67e2c7f5c9ee767149702482\",\"session_id\":\"67e2c9ea72fb543482a471ba\",\"rng_seed\":\"0.02176952106183183\"},{\"rt\":25443,\"stimulus\":\"<div style=\\\"font-size:20px;\\\"><p>Which scenario is more improbable?</p>\\n  Reminder: <strong>Improbable</strong> means it is possible, but unlikely (e.g., \\\"I painted the house with my hair.\\\").</div>\",\"response\":0,\"stimulus_0\":\"denting a car with\",\"stimulus_1\":\"crafting a bowl out of\",\"condition_0\":\"improbable\",\"condition_1\":\"impossible\",\"continuation_0\":\"a dumbbell\",\"continuation_1\":\"smoke\",\"id_0\":23,\"id_1\":19,\"context_0\":\"They do not have a baseball bat, so they are\",\"context_1\":\"They do not have clay, so they are\",\"task_type\":\"critical\",\"concept\":\"improbable\",\"trial_type\":\"html-button-response\",\"trial_index\":6,\"time_elapsed\":219986,\"internal_node_id\":\"0.0-1.0-0.4\",\"subject_id\":\"67dcbc25ea9aca49011e118f\",\"study_id\":\"67e2c7f5c9ee767149702482\",\"session_id\":\"67e2c9ea72fb543482a471ba\",\"rng_seed\":\"0.02176952106183183\",\"response_label\":0,\"provided_context\":true},{\"rt\":11832,\"stimulus\":\"<div style=\\\"font-size:20px;\\\"><p>Which scenario is more improbable?</p>\\n  Reminder: <strong>Improbable</strong> means it is possible, but unlikely (e.g., \\\"I painted the house with my hair.\\\").</div>\",\"response\":1,\"stimulus_0\":\"taking a vacation to\",\"stimulus_1\":\"shattering a window using\",\"condition_0\":\"impossible\",\"condition_1\":\"impossible\",\"continuation_0\":\"the sun\",\"continuation_1\":\"confetti\",\"id_0\":61,\"id_1\":53,\"context_0\":\"They are not near the beach, so they are\",\"context_1\":\"They do not have a stone, so they are\",\"task_type\":\"critical\",\"concept\":\"improbable\",\"trial_type\":\"html-button-response\",\"trial_index\":7,\"time_elapsed\":231819,\"internal_node_id\":\"0.0-1.0-0.5\",\"subject_id\":\"67dcbc25ea9aca49011e118f\",\"study_id\":\"67e2c7f5c9ee767149702482\",\"session_id\":\"67e2c9ea72fb543482a471ba\",\"rng_seed\":\"0.02176952106183183\",\"response_label\":1,\"provided_context\":true},{\"rt\":10717,\"stimulus\":\"<div style=\\\"font-size:20px;\\\"><p>Which scenario is more improbable?</p>\\n  Reminder: <strong>Improbable</strong> means it is possible, but unlikely (e.g., \\\"I painted the house with my hair.\\\").</div>\",\"response\":1,\"stimulus_0\":\"cutting cardboard using\",\"stimulus_1\":\"sewing a shirt using\",\"condition_0\":\"inconceivable\",\"condition_1\":\"improbable\",\"continuation_0\":\"a snore\",\"continuation_1\":\"a toothpick\",\"id_0\":22,\"id_1\":52,\"context_0\":\"They do not have scissors, so they are\",\"context_1\":\"They do not have a needle, so they are\",\"task_type\":\"critical\",\"concept\":\"improbable\",\"trial_type\":\"html-button-response\",\"trial_index\":8,\"time_elapsed\":242538,\"internal_node_id\":\"0.0-1.0-0.6\",\"subject_id\":\"67dcbc25ea9aca49011e118f\",\"study_id\":\"67e2c7f5c9ee767149702482\",\"session_id\":\"67e2c9ea72fb543482a471ba\",\"rng_seed\":\"0.02176952106183183\",\"response_label\":1,\"provided_context\":true},{\"rt\":10727,\"stimulus\":\"<div style=\\\"font-size:20px;\\\"><p>Which scenario is more improbable?</p>\\n  Reminder: <strong>Improbable</strong> means it is possible, but unlikely (e.g., \\\"I painted the house with my hair.\\\").</div>\",\"response\":1,\"stimulus_0\":\"crafting a bowl out of\",\"stimulus_1\":\"carrying groceries inside\",\"condition_0\":\"impossible\",\"condition_1\":\"improbable\",\"continuation_0\":\"smoke\",\"continuation_1\":\"a backpack\",\"id_0\":19,\"id_1\":6,\"context_0\":\"They do not have clay, so they are\",\"context_1\":\"They do not have a tote bag, so they are\",\"task_type\":\"critical\",\"concept\":\"improbable\",\"trial_type\":\"html-button-response\",\"trial_index\":9,\"time_elapsed\":253266,\"internal_node_id\":\"0.0-1.0-0.7\",\"subject_id\":\"67dcbc25ea9aca49011e118f\",\"study_id\":\"67e2c7f5c9ee767149702482\",\"session_id\":\"67e2c9ea72fb543482a471ba\",\"rng_seed\":\"0.02176952106183183\",\"response_label\":1,\"provided_context\":true},{\"rt\":3785,\"stimulus\":\"<div style=\\\"font-size:20px;\\\"><p>Follow the instructions below.</p></div>\",\"response\":0,\"stimulus_0\":\"crafting a bowl out of\",\"stimulus_1\":\"carrying groceries inside\",\"condition_0\":\"impossible\",\"condition_1\":\"improbable\",\"continuation_0\":\"smoke\",\"continuation_1\":\"a backpack\",\"id_0\":19,\"id_1\":6,\"context_0\":\"They do not have clay, so they are\",\"context_1\":\"They do not have a tote bag, so they are\",\"task_type\":\"attention_check\",\"choices\":[\"Click This Button!\",\"Don't Click This Button!\"],\"trial_type\":\"html-button-response\",\"trial_index\":10,\"time_elapsed\":257053,\"internal_node_id\":\"0.0-1.0-1.7-0.7\",\"subject_id\":\"67dcbc25ea9aca49011e118f\",\"study_id\":\"67e2c7f5c9ee767149702482\",\"session_id\":\"67e2c9ea72fb543482a471ba\",\"rng_seed\":\"0.02176952106183183\"},{\"rt\":11492,\"stimulus\":\"<div style=\\\"font-size:20px;\\\"><p>Which scenario is more improbable?</p>\\n  Reminder: <strong>Improbable</strong> means it is possible, but unlikely (e.g., \\\"I painted the house with my hair.\\\").</div>\",\"response\":1,\"stimulus_0\":\"drinking a cup full of\",\"stimulus_1\":\"painting a wall using\",\"condition_0\":\"inconceivable\",\"condition_1\":\"inconceivable\",\"continuation_0\":\"minutes\",\"continuation_1\":\"a whisper\",\"id_0\":28,\"id_1\":45,\"context_0\":\"They do not have water, so they are\",\"context_1\":\"They do not have a brush, so they are\",\"task_type\":\"critical\",\"concept\":\"improbable\",\"trial_type\":\"html-button-response\",\"trial_index\":11,\"time_elapsed\":268546,\"internal_node_id\":\"0.0-1.0-0.8\",\"subject_id\":\"67dcbc25ea9aca49011e118f\",\"study_id\":\"67e2c7f5c9ee767149702482\",\"session_id\":\"67e2c9ea72fb543482a471ba\",\"rng_seed\":\"0.02176952106183183\",\"response_label\":1,\"provided_context\":true},{\"rt\":14784,\"stimulus\":\"<div style=\\\"font-size:20px;\\\"><p>Which scenario is more improbable?</p>\\n  Reminder: <strong>Improbable</strong> means it is possible, but unlikely (e.g., \\\"I painted the house with my hair.\\\").</div>\",\"response\":0,\"stimulus_0\":\"shattering a window using\",\"stimulus_1\":\"cleaning a spill using\",\"condition_0\":\"impossible\",\"condition_1\":\"inconceivable\",\"continuation_0\":\"confetti\",\"continuation_1\":\"a country\",\"id_0\":53,\"id_1\":11,\"context_0\":\"They do not have a stone, so they are\",\"context_1\":\"They do not have a sponge, so they are\",\"task_type\":\"critical\",\"concept\":\"improbable\",\"trial_type\":\"html-button-response\",\"trial_index\":12,\"time_elapsed\":283331,\"internal_node_id\":\"0.0-1.0-0.9\",\"subject_id\":\"67dcbc25ea9aca49011e118f\",\"study_id\":\"67e2c7f5c9ee767149702482\",\"session_id\":\"67e2c9ea72fb543482a471ba\",\"rng_seed\":\"0.02176952106183183\",\"response_label\":0,\"provided_context\":true},{\"rt\":20204,\"stimulus\":\"<div style=\\\"font-size:20px;\\\"><p>Which scenario is more improbable?</p>\\n  Reminder: <strong>Improbable</strong> means it is possible, but unlikely (e.g., \\\"I painted the house with my hair.\\\").</div>\",\"response\":0,\"stimulus_0\":\"drying laundry using\",\"stimulus_1\":\"carving a statue using\",\"condition_0\":\"improbable\",\"condition_1\":\"impossible\",\"continuation_0\":\"a fan\",\"continuation_1\":\"a sock\",\"id_0\":30,\"id_1\":7,\"context_0\":\"They do not have a clothesline, so they are\",\"context_1\":\"They do not have a chisel, so they are\",\"task_type\":\"critical\",\"concept\":\"improbable\",\"trial_type\":\"html-button-response\",\"trial_index\":13,\"time_elapsed\":303536,\"internal_node_id\":\"0.0-1.0-0.10\",\"subject_id\":\"67dcbc25ea9aca49011e118f\",\"study_id\":\"67e2c7f5c9ee767149702482\",\"session_id\":\"67e2c9ea72fb543482a471ba\",\"rng_seed\":\"0.02176952106183183\",\"response_label\":0,\"provided_context\":true},{\"rt\":3486,\"stimulus\":\"<div style=\\\"font-size:20px;\\\"><p>Which scenario is more improbable?</p>\\n  Reminder: <strong>Improbable</strong> means it is possible, but unlikely (e.g., \\\"I painted the house with my hair.\\\").</div>\",\"response\":1,\"stimulus_0\":\"taking a vacation to\",\"stimulus_1\":\"sewing a shirt using\",\"condition_0\":\"impossible\",\"condition_1\":\"improbable\",\"continuation_0\":\"the sun\",\"continuation_1\":\"a toothpick\",\"id_0\":61,\"id_1\":52,\"context_0\":\"They are not near the beach, so they are\",\"context_1\":\"They do not have a needle, so they are\",\"task_type\":\"critical\",\"concept\":\"improbable\",\"trial_type\":\"html-button-response\",\"trial_index\":14,\"time_elapsed\":307023,\"internal_node_id\":\"0.0-1.0-0.11\",\"subject_id\":\"67dcbc25ea9aca49011e118f\",\"study_id\":\"67e2c7f5c9ee767149702482\",\"session_id\":\"67e2c9ea72fb543482a471ba\",\"rng_seed\":\"0.02176952106183183\",\"response_label\":1,\"provided_context\":true},{\"rt\":1852,\"stimulus\":\"<div style=\\\"font-size:20px;\\\"><p>Follow the instructions below.</p></div>\",\"response\":0,\"stimulus_0\":\"taking a vacation to\",\"stimulus_1\":\"sewing a shirt using\",\"condition_0\":\"impossible\",\"condition_1\":\"improbable\",\"continuation_0\":\"the sun\",\"continuation_1\":\"a toothpick\",\"id_0\":61,\"id_1\":52,\"context_0\":\"They are not near the beach, so they are\",\"context_1\":\"They do not have a needle, so they are\",\"task_type\":\"attention_check\",\"choices\":[\"Don't Click This Button!\",\"Click This Button!\"],\"trial_type\":\"html-button-response\",\"trial_index\":15,\"time_elapsed\":308876,\"internal_node_id\":\"0.0-1.0-1.11-0.11\",\"subject_id\":\"67dcbc25ea9aca49011e118f\",\"study_id\":\"67e2c7f5c9ee767149702482\",\"session_id\":\"67e2c9ea72fb543482a471ba\",\"rng_seed\":\"0.02176952106183183\"},{\"rt\":16070,\"stimulus\":\"<div style=\\\"font-size:20px;\\\"><p>Which scenario is more improbable?</p>\\n  Reminder: <strong>Improbable</strong> means it is possible, but unlikely (e.g., \\\"I painted the house with my hair.\\\").</div>\",\"response\":1,\"stimulus_0\":\"plucking a hair using\",\"stimulus_1\":\"cooling a room using\",\"condition_0\":\"inconceivable\",\"condition_1\":\"inconceivable\",\"continuation_0\":\"sympathy\",\"continuation_1\":\"a taste\",\"id_0\":47,\"id_1\":17,\"context_0\":\"They do not have tweezers, so they are\",\"context_1\":\"They do not have a fan, so they are\",\"task_type\":\"critical\",\"concept\":\"improbable\",\"trial_type\":\"html-button-response\",\"trial_index\":16,\"time_elapsed\":324948,\"internal_node_id\":\"0.0-1.0-0.12\",\"subject_id\":\"67dcbc25ea9aca49011e118f\",\"study_id\":\"67e2c7f5c9ee767149702482\",\"session_id\":\"67e2c9ea72fb543482a471ba\",\"rng_seed\":\"0.02176952106183183\",\"response_label\":1,\"provided_context\":true},{\"rt\":10746,\"stimulus\":\"<div style=\\\"font-size:20px;\\\"><p>Which scenario is more improbable?</p>\\n  Reminder: <strong>Improbable</strong> means it is possible, but unlikely (e.g., \\\"I painted the house with my hair.\\\").</div>\",\"response\":1,\"stimulus_0\":\"plucking a hair using\",\"stimulus_1\":\"squishing a blueberry using\",\"condition_0\":\"inconceivable\",\"condition_1\":\"improbable\",\"continuation_0\":\"sympathy\",\"continuation_1\":\"[POSS] nose\",\"id_0\":47,\"id_1\":58,\"context_0\":\"They do not have tweezers, so they are\",\"context_1\":\"They do not have fingers, so they are\",\"task_type\":\"critical\",\"concept\":\"improbable\",\"trial_type\":\"html-button-response\",\"trial_index\":17,\"time_elapsed\":335696,\"internal_node_id\":\"0.0-1.0-0.13\",\"subject_id\":\"67dcbc25ea9aca49011e118f\",\"study_id\":\"67e2c7f5c9ee767149702482\",\"session_id\":\"67e2c9ea72fb543482a471ba\",\"rng_seed\":\"0.02176952106183183\",\"response_label\":1,\"provided_context\":true},{\"rt\":27519,\"stimulus\":\"<div style=\\\"font-size:20px;\\\"><p>Which scenario is more improbable?</p>\\n  Reminder: <strong>Improbable</strong> means it is possible, but unlikely (e.g., \\\"I painted the house with my hair.\\\").</div>\",\"response\":0,\"stimulus_0\":\"writing an equation on\",\"stimulus_1\":\"plucking a hair using\",\"condition_0\":\"inconceivable\",\"condition_1\":\"inconceivable\",\"continuation_0\":\"a scream\",\"continuation_1\":\"sympathy\",\"id_0\":69,\"id_1\":47,\"context_0\":\"They do not have a chalkboard, so they are\",\"context_1\":\"They do not have tweezers, so they are\",\"task_type\":\"critical\",\"concept\":\"improbable\",\"trial_type\":\"html-button-response\",\"trial_index\":18,\"time_elapsed\":363216,\"internal_node_id\":\"0.0-1.0-0.14\",\"subject_id\":\"67dcbc25ea9aca49011e118f\",\"study_id\":\"67e2c7f5c9ee767149702482\",\"session_id\":\"67e2c9ea72fb543482a471ba\",\"rng_seed\":\"0.02176952106183183\",\"response_label\":0,\"provided_context\":true},{\"rt\":8338,\"stimulus\":\"<div style=\\\"font-size:20px;\\\"><p>Which scenario is more improbable?</p>\\n  Reminder: <strong>Improbable</strong> means it is possible, but unlikely (e.g., \\\"I painted the house with my hair.\\\").</div>\",\"response\":0,\"stimulus_0\":\"painting a wall using\",\"stimulus_1\":\"lighting a candle using\",\"condition_0\":\"inconceivable\",\"condition_1\":\"impossible\",\"continuation_0\":\"a whisper\",\"continuation_1\":\"yogurt\",\"id_0\":45,\"id_1\":39,\"context_0\":\"They do not have a brush, so they are\",\"context_1\":\"They do not have a match, so they are\",\"task_type\":\"critical\",\"concept\":\"improbable\",\"trial_type\":\"html-button-response\",\"trial_index\":19,\"time_elapsed\":371556,\"internal_node_id\":\"0.0-1.0-0.15\",\"subject_id\":\"67dcbc25ea9aca49011e118f\",\"study_id\":\"67e2c7f5c9ee767149702482\",\"session_id\":\"67e2c9ea72fb543482a471ba\",\"rng_seed\":\"0.02176952106183183\",\"response_label\":0,\"provided_context\":true},{\"rt\":1488,\"stimulus\":\"<div style=\\\"font-size:20px;\\\"><p>Follow the instructions below.</p></div>\",\"response\":0,\"stimulus_0\":\"painting a wall using\",\"stimulus_1\":\"lighting a candle using\",\"condition_0\":\"inconceivable\",\"condition_1\":\"impossible\",\"continuation_0\":\"a whisper\",\"continuation_1\":\"yogurt\",\"id_0\":45,\"id_1\":39,\"context_0\":\"They do not have a brush, so they are\",\"context_1\":\"They do not have a match, so they are\",\"task_type\":\"attention_check\",\"choices\":[\"Don't Click This Button!\",\"Click This Button!\"],\"trial_type\":\"html-button-response\",\"trial_index\":20,\"time_elapsed\":373045,\"internal_node_id\":\"0.0-1.0-1.15-0.15\",\"subject_id\":\"67dcbc25ea9aca49011e118f\",\"study_id\":\"67e2c7f5c9ee767149702482\",\"session_id\":\"67e2c9ea72fb543482a471ba\",\"rng_seed\":\"0.02176952106183183\"},{\"rt\":4465,\"stimulus\":\"<div style=\\\"font-size:20px;\\\"><p>Which scenario is more improbable?</p>\\n  Reminder: <strong>Improbable</strong> means it is possible, but unlikely (e.g., \\\"I painted the house with my hair.\\\").</div>\",\"response\":0,\"stimulus_0\":\"sewing a shirt using\",\"stimulus_1\":\"cutting cardboard using\",\"condition_0\":\"improbable\",\"condition_1\":\"inconceivable\",\"continuation_0\":\"a toothpick\",\"continuation_1\":\"a snore\",\"id_0\":52,\"id_1\":22,\"context_0\":\"They do not have a needle, so they are\",\"context_1\":\"They do not have scissors, so they are\",\"task_type\":\"critical\",\"concept\":\"improbable\",\"trial_type\":\"html-button-response\",\"trial_index\":21,\"time_elapsed\":377511,\"internal_node_id\":\"0.0-1.0-0.16\",\"subject_id\":\"67dcbc25ea9aca49011e118f\",\"study_id\":\"67e2c7f5c9ee767149702482\",\"session_id\":\"67e2c9ea72fb543482a471ba\",\"rng_seed\":\"0.02176952106183183\",\"response_label\":0,\"provided_context\":true},{\"rt\":11344,\"stimulus\":\"<div style=\\\"font-size:20px;\\\"><p>Which scenario is more improbable?</p>\\n  Reminder: <strong>Improbable</strong> means it is possible, but unlikely (e.g., \\\"I painted the house with my hair.\\\").</div>\",\"response\":0,\"stimulus_0\":\"polishing jewelry using\",\"stimulus_1\":\"cutting cardboard using\",\"condition_0\":\"impossible\",\"condition_1\":\"inconceivable\",\"continuation_0\":\"a chainsaw\",\"continuation_1\":\"a snore\",\"id_0\":48,\"id_1\":22,\"context_0\":\"They do not have a cloth, so they are\",\"context_1\":\"They do not have scissors, so they are\",\"task_type\":\"critical\",\"concept\":\"improbable\",\"trial_type\":\"html-button-response\",\"trial_index\":22,\"time_elapsed\":388856,\"internal_node_id\":\"0.0-1.0-0.17\",\"subject_id\":\"67dcbc25ea9aca49011e118f\",\"study_id\":\"67e2c7f5c9ee767149702482\",\"session_id\":\"67e2c9ea72fb543482a471ba\",\"rng_seed\":\"0.02176952106183183\",\"response_label\":0,\"provided_context\":true},{\"rt\":3823,\"stimulus\":\"<div style=\\\"font-size:20px;\\\"><p>Which scenario is more improbable?</p>\\n  Reminder: <strong>Improbable</strong> means it is possible, but unlikely (e.g., \\\"I painted the house with my hair.\\\").</div>\",\"response\":1,\"stimulus_0\":\"drinking a cup full of\",\"stimulus_1\":\"unlocking a door using\",\"condition_0\":\"inconceivable\",\"condition_1\":\"impossible\",\"continuation_0\":\"minutes\",\"continuation_1\":\"a marshmallow\",\"id_0\":28,\"id_1\":64,\"context_0\":\"They do not have water, so they are\",\"context_1\":\"They do not have a key, so they are\",\"task_type\":\"critical\",\"concept\":\"improbable\",\"trial_type\":\"html-button-response\",\"trial_index\":23,\"time_elapsed\":392681,\"internal_node_id\":\"0.0-1.0-0.18\",\"subject_id\":\"67dcbc25ea9aca49011e118f\",\"study_id\":\"67e2c7f5c9ee767149702482\",\"session_id\":\"67e2c9ea72fb543482a471ba\",\"rng_seed\":\"0.02176952106183183\",\"response_label\":1,\"provided_context\":true},{\"rt\":8918,\"stimulus\":\"<div style=\\\"font-size:20px;\\\"><p>Which scenario is more improbable?</p>\\n  Reminder: <strong>Improbable</strong> means it is possible, but unlikely (e.g., \\\"I painted the house with my hair.\\\").</div>\",\"response\":0,\"stimulus_0\":\"cooking dinner out of\",\"stimulus_1\":\"filling a bucket with\",\"condition_0\":\"impossible\",\"condition_1\":\"impossible\",\"continuation_0\":\"the moon\",\"continuation_1\":\"buildings\",\"id_0\":16,\"id_1\":33,\"context_0\":\"They do not have pasta, so they are\",\"context_1\":\"They are not near sand, so they are\",\"task_type\":\"critical\",\"concept\":\"improbable\",\"trial_type\":\"html-button-response\",\"trial_index\":24,\"time_elapsed\":401600,\"internal_node_id\":\"0.0-1.0-0.19\",\"subject_id\":\"67dcbc25ea9aca49011e118f\",\"study_id\":\"67e2c7f5c9ee767149702482\",\"session_id\":\"67e2c9ea72fb543482a471ba\",\"rng_seed\":\"0.02176952106183183\",\"response_label\":0,\"provided_context\":true},{\"rt\":1357,\"stimulus\":\"<div style=\\\"font-size:20px;\\\"><p>Follow the instructions below.</p></div>\",\"response\":0,\"stimulus_0\":\"cooking dinner out of\",\"stimulus_1\":\"filling a bucket with\",\"condition_0\":\"impossible\",\"condition_1\":\"impossible\",\"continuation_0\":\"the moon\",\"continuation_1\":\"buildings\",\"id_0\":16,\"id_1\":33,\"context_0\":\"They do not have pasta, so they are\",\"context_1\":\"They are not near sand, so they are\",\"task_type\":\"attention_check\",\"choices\":[\"Don't Click This Button!\",\"Click This Button!\"],\"trial_type\":\"html-button-response\",\"trial_index\":25,\"time_elapsed\":402958,\"internal_node_id\":\"0.0-1.0-1.19-0.19\",\"subject_id\":\"67dcbc25ea9aca49011e118f\",\"study_id\":\"67e2c7f5c9ee767149702482\",\"session_id\":\"67e2c9ea72fb543482a471ba\",\"rng_seed\":\"0.02176952106183183\"},{\"rt\":18836,\"response\":{\"language\":\"English\",\"gender\":\"Male\",\"feedback\":\"\"},\"trial_type\":\"survey-text\",\"trial_index\":26,\"time_elapsed\":421803,\"internal_node_id\":\"0.0-2.0\",\"subject_id\":\"67dcbc25ea9aca49011e118f\",\"study_id\":\"67e2c7f5c9ee767149702482\",\"session_id\":\"67e2c9ea72fb543482a471ba\",\"rng_seed\":\"0.02176952106183183\",\"task_type\":\"survey\"},{\"success\":true,\"completion_time\":\"2025-03-25T15:28:58.646Z\",\"exp_type\":\"gesture-beat-expt-pilot\"}]",
    "dir_path": "data/experiment_2_pilot"
}