{
    "prolific_data": {
        "subject_id": "55ecd6ff748092000daa9f5f",
        "study_id": "67e2c7f5c9ee767149702482",
        "session_id": "67e2d70e3e61869f320678a0",
        "rng_seed": "0.01802783157964205"
    },
    "data": "[{\"rt\":7728,\"stimulus\":\"\\n  <div class=\\\"jspsych-content\\\" align=left style=\\\"width:100%;text-align: left;\\\">\\n  <h2>Hello, and welcome to our study!</h2>\\n      In this study, we will ask you to 25 questions.\\n      <p>\\n      In 20 of the questions, we will need your help deciding which statement is more <strong>improbable</strong>.\\n      </p>\\n      <strong>Improbable</strong> means it is possible, but unlikely (e.g., \\\"I painted the house with my hair.\\\").\\n      <p>\\n      The remaining questions will check to make sure that you are paying attention to the study.\\n      <p>\\n    <h3>IMPORTANT:</h3>\\n    <ul>\\n      <li>Respond as quickly as you can.</li>\\n      <li>Answer the questions based on what is possible given the physical laws of the real world.</li>\\n      <li>There are no right or wrong answers. We are simply interested in your intuitions.</li>\\n      </ul>\\n    Once you are done reading this page, please press SPACEBAR to continue.\\n    </p>\\n  </div>\\n  \",\"response\":\" \",\"trial_type\":\"html-keyboard-response\",\"trial_index\":0,\"time_elapsed\":7734,\"internal_node_id\":\"0.0-0.0\",\"subject_id\":\"55ecd6ff748092000daa9f5f\",\"study_id\":\"67e2c7f5c9ee767149702482\",\"session_id\":\"67e2d70e3e61869f320678a0\",\"rng_seed\":\"0.01802783157964205\"},{\"rt\":11943,\"stimulus\":\"<div style=\\\"font-size:20px;\\\"><p>Which scenario is more improbable?</p>\\n  Reminder: <strong>Improbable</strong> means it is possible, but unlikely (e.g., \\\"I painted the house with my hair.\\\").</div>\",\"response\":1,\"stimulus_0\":\"squishing a blueberry using\",\"stimulus_1\":\"cutting cardboard using\",\"condition_0\":\"improbable\",\"condition_1\":\"inconceivable\",\"continuation_0\":\"[POSS] nose\",\"continuation_1\":\"a snore\",\"id_0\":58,\"id_1\":22,\"context_0\":\"They do not have fingers, so they are\",\"context_1\":\"They do not have scissors, so they are\",\"task_type\":\"critical\",\"concept\":\"improbable\",\"trial_type\":\"html-button-response\",\"trial_index\":1,\"time_elapsed\":19680,\"internal_node_id\":\"0.0-1.0-0.0\",\"subject_id\":\"55ecd6ff748092000daa9f5f\",\"study_id\":\"67e2c7f5c9ee767149702482\",\"session_id\":\"67e2d70e3e61869f320678a0\",\"rng_seed\":\"0.01802783157964205\",\"response_label\":1,\"provided_context\":true},{\"rt\":10014,\"stimulus\":\"<div style=\\\"font-size:20px;\\\"><p>Which scenario is more improbable?</p>\\n  Reminder: <strong>Improbable</strong> means it is possible, but unlikely (e.g., \\\"I painted the house with my hair.\\\").</div>\",\"response\":0,\"stimulus_0\":\"taking a vacation to\",\"stimulus_1\":\"crafting a bowl out of\",\"condition_0\":\"impossible\",\"condition_1\":\"impossible\",\"continuation_0\":\"the sun\",\"continuation_1\":\"smoke\",\"id_0\":61,\"id_1\":19,\"context_0\":\"They are not near the beach, so they are\",\"context_1\":\"They do not have clay, so they are\",\"task_type\":\"critical\",\"concept\":\"improbable\",\"trial_type\":\"html-button-response\",\"trial_index\":2,\"time_elapsed\":29695,\"internal_node_id\":\"0.0-1.0-0.1\",\"subject_id\":\"55ecd6ff748092000daa9f5f\",\"study_id\":\"67e2c7f5c9ee767149702482\",\"session_id\":\"67e2d70e3e61869f320678a0\",\"rng_seed\":\"0.01802783157964205\",\"response_label\":0,\"provided_context\":true},{\"rt\":11940,\"stimulus\":\"<div style=\\\"font-size:20px;\\\"><p>Which scenario is more improbable?</p>\\n  Reminder: <strong>Improbable</strong> means it is possible, but unlikely (e.g., \\\"I painted the house with my hair.\\\").</div>\",\"response\":1,\"stimulus_0\":\"baking a cake inside\",\"stimulus_1\":\"writing an equation on\",\"condition_0\":\"inconceivable\",\"condition_1\":\"inconceivable\",\"continuation_0\":\"a sigh\",\"continuation_1\":\"a scream\",\"id_0\":0,\"id_1\":69,\"context_0\":\"They do not have an oven, so they are\",\"context_1\":\"They do not have a chalkboard, so they are\",\"task_type\":\"critical\",\"concept\":\"improbable\",\"trial_type\":\"html-button-response\",\"trial_index\":3,\"time_elapsed\":41636,\"internal_node_id\":\"0.0-1.0-0.2\",\"subject_id\":\"55ecd6ff748092000daa9f5f\",\"study_id\":\"67e2c7f5c9ee767149702482\",\"session_id\":\"67e2d70e3e61869f320678a0\",\"rng_seed\":\"0.01802783157964205\",\"response_label\":1,\"provided_context\":true},{\"rt\":8627,\"stimulus\":\"<div style=\\\"font-size:20px;\\\"><p>Which scenario is more improbable?</p>\\n  Reminder: <strong>Improbable</strong> means it is possible, but unlikely (e.g., \\\"I painted the house with my hair.\\\").</div>\",\"response\":0,\"stimulus_0\":\"polishing jewelry using\",\"stimulus_1\":\"sewing a shirt using\",\"condition_0\":\"impossible\",\"condition_1\":\"improbable\",\"continuation_0\":\"a chainsaw\",\"continuation_1\":\"a toothpick\",\"id_0\":48,\"id_1\":52,\"context_0\":\"They do not have a cloth, so they are\",\"context_1\":\"They do not have a needle, so they are\",\"task_type\":\"critical\",\"concept\":\"improbable\",\"trial_type\":\"html-button-response\",\"trial_index\":4,\"time_elapsed\":50264,\"internal_node_id\":\"0.0-1.0-0.3\",\"subject_id\":\"55ecd6ff748092000daa9f5f\",\"study_id\":\"67e2c7f5c9ee767149702482\",\"session_id\":\"67e2d70e3e61869f320678a0\",\"rng_seed\":\"0.01802783157964205\",\"response_label\":0,\"provided_context\":true},{\"rt\":2338,\"stimulus\":\"<div style=\\\"font-size:20px;\\\"><p>Follow the instructions below.</p></div>\",\"response\":1,\"stimulus_0\":\"polishing jewelry using\",\"stimulus_1\":\"sewing a shirt using\",\"condition_0\":\"impossible\",\"condition_1\":\"improbable\",\"continuation_0\":\"a chainsaw\",\"continuation_1\":\"a toothpick\",\"id_0\":48,\"id_1\":52,\"context_0\":\"They do not have a cloth, so they are\",\"context_1\":\"They do not have a needle, so they are\",\"task_type\":\"attention_check\",\"choices\":[\"Don't Click This Button!\",\"Click This Button!\"],\"trial_type\":\"html-button-response\",\"trial_index\":5,\"time_elapsed\":52603,\"internal_node_id\":\"0.0-1.0-1.3-0.3\",\"subject_id\":\"55ecd6ff748092000daa9f5f\",\"study_id\":\"67e2c7f5c9ee767149702482\",\"session_id\":\"67e2d70e3e61869f320678a0\",\"rng_seed\":\"0.01802783157964205\"},{\"rt\":6978,\"stimulus\":\"<div style=\\\"font-size:20px;\\\"><p>Which scenario is more improbable?</p>\\n  Reminder: <strong>Improbable</strong> means it is possible, but unlikely (e.g., \\\"I painted the house with my hair.\\\").</div>\",\"response\":1,\"stimulus_0\":\"crushing a soda can using\",\"stimulus_1\":\"plucking a hair using\",\"condition_0\":\"improbable\",\"condition_1\":\"inconceivable\",\"continuation_0\":\"a chair\",\"continuation_1\":\"sympathy\",\"id_0\":20,\"id_1\":47,\"context_0\":\"They do not have a shoe, so they are\",\"context_1\":\"They do not have tweezers, so they are\",\"task_type\":\"critical\",\"concept\":\"improbable\",\"trial_type\":\"html-button-response\",\"trial_index\":6,\"time_elapsed\":59582,\"internal_node_id\":\"0.0-1.0-0.4\",\"subject_id\":\"55ecd6ff748092000daa9f5f\",\"study_id\":\"67e2c7f5c9ee767149702482\",\"session_id\":\"67e2d70e3e61869f320678a0\",\"rng_seed\":\"0.01802783157964205\",\"response_label\":1,\"provided_context\":true},{\"rt\":4590,\"stimulus\":\"<div style=\\\"font-size:20px;\\\"><p>Which scenario is more improbable?</p>\\n  Reminder: <strong>Improbable</strong> means it is possible, but unlikely (e.g., \\\"I painted the house with my hair.\\\").</div>\",\"response\":1,\"stimulus_0\":\"eating soup using\",\"stimulus_1\":\"plucking a hair using\",\"condition_0\":\"improbable\",\"condition_1\":\"inconceivable\",\"continuation_0\":\"a bucket\",\"continuation_1\":\"sympathy\",\"id_0\":31,\"id_1\":47,\"context_0\":\"They do not have a spoon, so they are\",\"context_1\":\"They do not have tweezers, so they are\",\"task_type\":\"critical\",\"concept\":\"improbable\",\"trial_type\":\"html-button-response\",\"trial_index\":7,\"time_elapsed\":64172,\"internal_node_id\":\"0.0-1.0-0.5\",\"subject_id\":\"55ecd6ff748092000daa9f5f\",\"study_id\":\"67e2c7f5c9ee767149702482\",\"session_id\":\"67e2d70e3e61869f320678a0\",\"rng_seed\":\"0.01802783157964205\",\"response_label\":1,\"provided_context\":true},{\"rt\":8746,\"stimulus\":\"<div style=\\\"font-size:20px;\\\"><p>Which scenario is more improbable?</p>\\n  Reminder: <strong>Improbable</strong> means it is possible, but unlikely (e.g., \\\"I painted the house with my hair.\\\").</div>\",\"response\":0,\"stimulus_0\":\"writing an equation on\",\"stimulus_1\":\"filling a bucket with\",\"condition_0\":\"inconceivable\",\"condition_1\":\"impossible\",\"continuation_0\":\"a scream\",\"continuation_1\":\"buildings\",\"id_0\":69,\"id_1\":33,\"context_0\":\"They do not have a chalkboard, so they are\",\"context_1\":\"They are not near sand, so they are\",\"task_type\":\"critical\",\"concept\":\"improbable\",\"trial_type\":\"html-button-response\",\"trial_index\":8,\"time_elapsed\":72919,\"internal_node_id\":\"0.0-1.0-0.6\",\"subject_id\":\"55ecd6ff748092000daa9f5f\",\"study_id\":\"67e2c7f5c9ee767149702482\",\"session_id\":\"67e2d70e3e61869f320678a0\",\"rng_seed\":\"0.01802783157964205\",\"response_label\":0,\"provided_context\":true},{\"rt\":6466,\"stimulus\":\"<div style=\\\"font-size:20px;\\\"><p>Which scenario is more improbable?</p>\\n  Reminder: <strong>Improbable</strong> means it is possible, but unlikely (e.g., \\\"I painted the house with my hair.\\\").</div>\",\"response\":1,\"stimulus_0\":\"taking a vacation to\",\"stimulus_1\":\"drinking a cup full of\",\"condition_0\":\"impossible\",\"condition_1\":\"inconceivable\",\"continuation_0\":\"the sun\",\"continuation_1\":\"minutes\",\"id_0\":61,\"id_1\":28,\"context_0\":\"They are not near the beach, so they are\",\"context_1\":\"They do not have water, so they are\",\"task_type\":\"critical\",\"concept\":\"improbable\",\"trial_type\":\"html-button-response\",\"trial_index\":9,\"time_elapsed\":79386,\"internal_node_id\":\"0.0-1.0-0.7\",\"subject_id\":\"55ecd6ff748092000daa9f5f\",\"study_id\":\"67e2c7f5c9ee767149702482\",\"session_id\":\"67e2d70e3e61869f320678a0\",\"rng_seed\":\"0.01802783157964205\",\"response_label\":1,\"provided_context\":true},{\"rt\":1397,\"stimulus\":\"<div style=\\\"font-size:20px;\\\"><p>Follow the instructions below.</p></div>\",\"response\":1,\"stimulus_0\":\"taking a vacation to\",\"stimulus_1\":\"drinking a cup full of\",\"condition_0\":\"impossible\",\"condition_1\":\"inconceivable\",\"continuation_0\":\"the sun\",\"continuation_1\":\"minutes\",\"id_0\":61,\"id_1\":28,\"context_0\":\"They are not near the beach, so they are\",\"context_1\":\"They do not have water, so they are\",\"task_type\":\"attention_check\",\"choices\":[\"Don't Click This Button!\",\"Click This Button!\"],\"trial_type\":\"html-button-response\",\"trial_index\":10,\"time_elapsed\":80784,\"internal_node_id\":\"0.0-1.0-1.7-0.7\",\"subject_id\":\"55ecd6ff748092000daa9f5f\",\"study_id\":\"67e2c7f5c9ee767149702482\",\"session_id\":\"67e2d70e3e61869f320678a0\",\"rng_seed\":\"0.01802783157964205\"},{\"rt\":8952,\"stimulus\":\"<div style=\\\"font-size:20px;\\\"><p>Which scenario is more improbable?</p>\\n  Reminder: <strong>Improbable</strong> means it is possible, but unlikely (e.g., \\\"I painted the house with my hair.\\\").</div>\",\"response\":0,\"stimulus_0\":\"eating soup using\",\"stimulus_1\":\"crushing a soda can using\",\"condition_0\":\"improbable\",\"condition_1\":\"improbable\",\"continuation_0\":\"a bucket\",\"continuation_1\":\"a chair\",\"id_0\":31,\"id_1\":20,\"context_0\":\"They do not have a spoon, so they are\",\"context_1\":\"They do not have a shoe, so they are\",\"task_type\":\"critical\",\"concept\":\"improbable\",\"trial_type\":\"html-button-response\",\"trial_index\":11,\"time_elapsed\":89737,\"internal_node_id\":\"0.0-1.0-0.8\",\"subject_id\":\"55ecd6ff748092000daa9f5f\",\"study_id\":\"67e2c7f5c9ee767149702482\",\"session_id\":\"67e2d70e3e61869f320678a0\",\"rng_seed\":\"0.01802783157964205\",\"response_label\":0,\"provided_context\":true},{\"rt\":5550,\"stimulus\":\"<div style=\\\"font-size:20px;\\\"><p>Which scenario is more improbable?</p>\\n  Reminder: <strong>Improbable</strong> means it is possible, but unlikely (e.g., \\\"I painted the house with my hair.\\\").</div>\",\"response\":0,\"stimulus_0\":\"cooking dinner out of\",\"stimulus_1\":\"filling a bucket with\",\"condition_0\":\"impossible\",\"condition_1\":\"impossible\",\"continuation_0\":\"the moon\",\"continuation_1\":\"buildings\",\"id_0\":16,\"id_1\":33,\"context_0\":\"They do not have pasta, so they are\",\"context_1\":\"They are not near sand, so they are\",\"task_type\":\"critical\",\"concept\":\"improbable\",\"trial_type\":\"html-button-response\",\"trial_index\":12,\"time_elapsed\":95288,\"internal_node_id\":\"0.0-1.0-0.9\",\"subject_id\":\"55ecd6ff748092000daa9f5f\",\"study_id\":\"67e2c7f5c9ee767149702482\",\"session_id\":\"67e2d70e3e61869f320678a0\",\"rng_seed\":\"0.01802783157964205\",\"response_label\":0,\"provided_context\":true},{\"rt\":3739,\"stimulus\":\"<div style=\\\"font-size:20px;\\\"><p>Which scenario is more improbable?</p>\\n  Reminder: <strong>Improbable</strong> means it is possible, but unlikely (e.g., \\\"I painted the house with my hair.\\\").</div>\",\"response\":1,\"stimulus_0\":\"painting a wall using\",\"stimulus_1\":\"drinking a cup full of\",\"condition_0\":\"inconceivable\",\"condition_1\":\"inconceivable\",\"continuation_0\":\"a whisper\",\"continuation_1\":\"minutes\",\"id_0\":45,\"id_1\":28,\"context_0\":\"They do not have a brush, so they are\",\"context_1\":\"They do not have water, so they are\",\"task_type\":\"critical\",\"concept\":\"improbable\",\"trial_type\":\"html-button-response\",\"trial_index\":13,\"time_elapsed\":99027,\"internal_node_id\":\"0.0-1.0-0.10\",\"subject_id\":\"55ecd6ff748092000daa9f5f\",\"study_id\":\"67e2c7f5c9ee767149702482\",\"session_id\":\"67e2d70e3e61869f320678a0\",\"rng_seed\":\"0.01802783157964205\",\"response_label\":1,\"provided_context\":true},{\"rt\":8018,\"stimulus\":\"<div style=\\\"font-size:20px;\\\"><p>Which scenario is more improbable?</p>\\n  Reminder: <strong>Improbable</strong> means it is possible, but unlikely (e.g., \\\"I painted the house with my hair.\\\").</div>\",\"response\":0,\"stimulus_0\":\"baking a cake inside\",\"stimulus_1\":\"carving a statue using\",\"condition_0\":\"inconceivable\",\"condition_1\":\"impossible\",\"continuation_0\":\"a sigh\",\"continuation_1\":\"a sock\",\"id_0\":0,\"id_1\":7,\"context_0\":\"They do not have an oven, so they are\",\"context_1\":\"They do not have a chisel, so they are\",\"task_type\":\"critical\",\"concept\":\"improbable\",\"trial_type\":\"html-button-response\",\"trial_index\":14,\"time_elapsed\":107046,\"internal_node_id\":\"0.0-1.0-0.11\",\"subject_id\":\"55ecd6ff748092000daa9f5f\",\"study_id\":\"67e2c7f5c9ee767149702482\",\"session_id\":\"67e2d70e3e61869f320678a0\",\"rng_seed\":\"0.01802783157964205\",\"response_label\":0,\"provided_context\":true},{\"rt\":1459,\"stimulus\":\"<div style=\\\"font-size:20px;\\\"><p>Follow the instructions below.</p></div>\",\"response\":0,\"stimulus_0\":\"baking a cake inside\",\"stimulus_1\":\"carving a statue using\",\"condition_0\":\"inconceivable\",\"condition_1\":\"impossible\",\"continuation_0\":\"a sigh\",\"continuation_1\":\"a sock\",\"id_0\":0,\"id_1\":7,\"context_0\":\"They do not have an oven, so they are\",\"context_1\":\"They do not have a chisel, so they are\",\"task_type\":\"attention_check\",\"choices\":[\"Click This Button!\",\"Don't Click This Button!\"],\"trial_type\":\"html-button-response\",\"trial_index\":15,\"time_elapsed\":108505,\"internal_node_id\":\"0.0-1.0-1.11-0.11\",\"subject_id\":\"55ecd6ff748092000daa9f5f\",\"study_id\":\"67e2c7f5c9ee767149702482\",\"session_id\":\"67e2d70e3e61869f320678a0\",\"rng_seed\":\"0.01802783157964205\"},{\"rt\":6340,\"stimulus\":\"<div style=\\\"font-size:20px;\\\"><p>Which scenario is more improbable?</p>\\n  Reminder: <strong>Improbable</strong> means it is possible, but unlikely (e.g., \\\"I painted the house with my hair.\\\").</div>\",\"response\":1,\"stimulus_0\":\"building a bridge out of\",\"stimulus_1\":\"squishing a blueberry using\",\"condition_0\":\"improbable\",\"condition_1\":\"improbable\",\"continuation_0\":\"plastic\",\"continuation_1\":\"[POSS] nose\",\"id_0\":4,\"id_1\":58,\"context_0\":\"They do not have any steel, so they are\",\"context_1\":\"They do not have fingers, so they are\",\"task_type\":\"critical\",\"concept\":\"improbable\",\"trial_type\":\"html-button-response\",\"trial_index\":16,\"time_elapsed\":114846,\"internal_node_id\":\"0.0-1.0-0.12\",\"subject_id\":\"55ecd6ff748092000daa9f5f\",\"study_id\":\"67e2c7f5c9ee767149702482\",\"session_id\":\"67e2d70e3e61869f320678a0\",\"rng_seed\":\"0.01802783157964205\",\"response_label\":1,\"provided_context\":true},{\"rt\":7811,\"stimulus\":\"<div style=\\\"font-size:20px;\\\"><p>Which scenario is more improbable?</p>\\n  Reminder: <strong>Improbable</strong> means it is possible, but unlikely (e.g., \\\"I painted the house with my hair.\\\").</div>\",\"response\":1,\"stimulus_0\":\"sewing a shirt using\",\"stimulus_1\":\"carving a statue using\",\"condition_0\":\"improbable\",\"condition_1\":\"impossible\",\"continuation_0\":\"a toothpick\",\"continuation_1\":\"a sock\",\"id_0\":52,\"id_1\":7,\"context_0\":\"They do not have a needle, so they are\",\"context_1\":\"They do not have a chisel, so they are\",\"task_type\":\"critical\",\"concept\":\"improbable\",\"trial_type\":\"html-button-response\",\"trial_index\":17,\"time_elapsed\":122658,\"internal_node_id\":\"0.0-1.0-0.13\",\"subject_id\":\"55ecd6ff748092000daa9f5f\",\"study_id\":\"67e2c7f5c9ee767149702482\",\"session_id\":\"67e2d70e3e61869f320678a0\",\"rng_seed\":\"0.01802783157964205\",\"response_label\":1,\"provided_context\":true},{\"rt\":5954,\"stimulus\":\"<div style=\\\"font-size:20px;\\\"><p>Which scenario is more improbable?</p>\\n  Reminder: <strong>Improbable</strong> means it is possible, but unlikely (e.g., \\\"I painted the house with my hair.\\\").</div>\",\"response\":0,\"stimulus_0\":\"taking a vacation to\",\"stimulus_1\":\"carrying groceries inside\",\"condition_0\":\"impossible\",\"condition_1\":\"improbable\",\"continuation_0\":\"the sun\",\"continuation_1\":\"a backpack\",\"id_0\":61,\"id_1\":6,\"context_0\":\"They are not near the beach, so they are\",\"context_1\":\"They do not have a tote bag, so they are\",\"task_type\":\"critical\",\"concept\":\"improbable\",\"trial_type\":\"html-button-response\",\"trial_index\":18,\"time_elapsed\":128613,\"internal_node_id\":\"0.0-1.0-0.14\",\"subject_id\":\"55ecd6ff748092000daa9f5f\",\"study_id\":\"67e2c7f5c9ee767149702482\",\"session_id\":\"67e2d70e3e61869f320678a0\",\"rng_seed\":\"0.01802783157964205\",\"response_label\":0,\"provided_context\":true},{\"rt\":6908,\"stimulus\":\"<div style=\\\"font-size:20px;\\\"><p>Which scenario is more improbable?</p>\\n  Reminder: <strong>Improbable</strong> means it is possible, but unlikely (e.g., \\\"I painted the house with my hair.\\\").</div>\",\"response\":0,\"stimulus_0\":\"polishing jewelry using\",\"stimulus_1\":\"unlocking a door using\",\"condition_0\":\"impossible\",\"condition_1\":\"impossible\",\"continuation_0\":\"a chainsaw\",\"continuation_1\":\"a marshmallow\",\"id_0\":48,\"id_1\":64,\"context_0\":\"They do not have a cloth, so they are\",\"context_1\":\"They do not have a key, so they are\",\"task_type\":\"critical\",\"concept\":\"improbable\",\"trial_type\":\"html-button-response\",\"trial_index\":19,\"time_elapsed\":135522,\"internal_node_id\":\"0.0-1.0-0.15\",\"subject_id\":\"55ecd6ff748092000daa9f5f\",\"study_id\":\"67e2c7f5c9ee767149702482\",\"session_id\":\"67e2d70e3e61869f320678a0\",\"rng_seed\":\"0.01802783157964205\",\"response_label\":0,\"provided_context\":true},{\"rt\":1165,\"stimulus\":\"<div style=\\\"font-size:20px;\\\"><p>Follow the instructions below.</p></div>\",\"response\":1,\"stimulus_0\":\"polishing jewelry using\",\"stimulus_1\":\"unlocking a door using\",\"condition_0\":\"impossible\",\"condition_1\":\"impossible\",\"continuation_0\":\"a chainsaw\",\"continuation_1\":\"a marshmallow\",\"id_0\":48,\"id_1\":64,\"context_0\":\"They do not have a cloth, so they are\",\"context_1\":\"They do not have a key, so they are\",\"task_type\":\"attention_check\",\"choices\":[\"Don't Click This Button!\",\"Click This Button!\"],\"trial_type\":\"html-button-response\",\"trial_index\":20,\"time_elapsed\":136688,\"internal_node_id\":\"0.0-1.0-1.15-0.15\",\"subject_id\":\"55ecd6ff748092000daa9f5f\",\"study_id\":\"67e2c7f5c9ee767149702482\",\"session_id\":\"67e2d70e3e61869f320678a0\",\"rng_seed\":\"0.01802783157964205\"},{\"rt\":6324,\"stimulus\":\"<div style=\\\"font-size:20px;\\\"><p>Which scenario is more improbable?</p>\\n  Reminder: <strong>Improbable</strong> means it is possible, but unlikely (e.g., \\\"I painted the house with my hair.\\\").</div>\",\"response\":1,\"stimulus_0\":\"crushing a soda can using\",\"stimulus_1\":\"cooking dinner out of\",\"condition_0\":\"improbable\",\"condition_1\":\"impossible\",\"continuation_0\":\"a chair\",\"continuation_1\":\"the moon\",\"id_0\":20,\"id_1\":16,\"context_0\":\"They do not have a shoe, so they are\",\"context_1\":\"They do not have pasta, so they are\",\"task_type\":\"critical\",\"concept\":\"improbable\",\"trial_type\":\"html-button-response\",\"trial_index\":21,\"time_elapsed\":143012,\"internal_node_id\":\"0.0-1.0-0.16\",\"subject_id\":\"55ecd6ff748092000daa9f5f\",\"study_id\":\"67e2c7f5c9ee767149702482\",\"session_id\":\"67e2d70e3e61869f320678a0\",\"rng_seed\":\"0.01802783157964205\",\"response_label\":1,\"provided_context\":true},{\"rt\":11302,\"stimulus\":\"<div style=\\\"font-size:20px;\\\"><p>Which scenario is more improbable?</p>\\n  Reminder: <strong>Improbable</strong> means it is possible, but unlikely (e.g., \\\"I painted the house with my hair.\\\").</div>\",\"response\":1,\"stimulus_0\":\"packing a suit inside\",\"stimulus_1\":\"digging a hole using\",\"condition_0\":\"improbable\",\"condition_1\":\"impossible\",\"continuation_0\":\"a pocket\",\"continuation_1\":\"dirt\",\"id_0\":44,\"id_1\":24,\"context_0\":\"They do not have a suitcase, so they are\",\"context_1\":\"They do not have a shovel, so they are\",\"task_type\":\"critical\",\"concept\":\"improbable\",\"trial_type\":\"html-button-response\",\"trial_index\":22,\"time_elapsed\":154315,\"internal_node_id\":\"0.0-1.0-0.17\",\"subject_id\":\"55ecd6ff748092000daa9f5f\",\"study_id\":\"67e2c7f5c9ee767149702482\",\"session_id\":\"67e2d70e3e61869f320678a0\",\"rng_seed\":\"0.01802783157964205\",\"response_label\":1,\"provided_context\":true},{\"rt\":5575,\"stimulus\":\"<div style=\\\"font-size:20px;\\\"><p>Which scenario is more improbable?</p>\\n  Reminder: <strong>Improbable</strong> means it is possible, but unlikely (e.g., \\\"I painted the house with my hair.\\\").</div>\",\"response\":1,\"stimulus_0\":\"building a bridge out of\",\"stimulus_1\":\"cleaning a spill using\",\"condition_0\":\"improbable\",\"condition_1\":\"inconceivable\",\"continuation_0\":\"plastic\",\"continuation_1\":\"a country\",\"id_0\":4,\"id_1\":11,\"context_0\":\"They do not have any steel, so they are\",\"context_1\":\"They do not have a sponge, so they are\",\"task_type\":\"critical\",\"concept\":\"improbable\",\"trial_type\":\"html-button-response\",\"trial_index\":23,\"time_elapsed\":159891,\"internal_node_id\":\"0.0-1.0-0.18\",\"subject_id\":\"55ecd6ff748092000daa9f5f\",\"study_id\":\"67e2c7f5c9ee767149702482\",\"session_id\":\"67e2d70e3e61869f320678a0\",\"rng_seed\":\"0.01802783157964205\",\"response_label\":1,\"provided_context\":true},{\"rt\":4318,\"stimulus\":\"<div style=\\\"font-size:20px;\\\"><p>Which scenario is more improbable?</p>\\n  Reminder: <strong>Improbable</strong> means it is possible, but unlikely (e.g., \\\"I painted the house with my hair.\\\").</div>\",\"response\":0,\"stimulus_0\":\"drinking a cup full of\",\"stimulus_1\":\"carrying groceries inside\",\"condition_0\":\"inconceivable\",\"condition_1\":\"improbable\",\"continuation_0\":\"minutes\",\"continuation_1\":\"a backpack\",\"id_0\":28,\"id_1\":6,\"context_0\":\"They do not have water, so they are\",\"context_1\":\"They do not have a tote bag, so they are\",\"task_type\":\"critical\",\"concept\":\"improbable\",\"trial_type\":\"html-button-response\",\"trial_index\":24,\"time_elapsed\":164210,\"internal_node_id\":\"0.0-1.0-0.19\",\"subject_id\":\"55ecd6ff748092000daa9f5f\",\"study_id\":\"67e2c7f5c9ee767149702482\",\"session_id\":\"67e2d70e3e61869f320678a0\",\"rng_seed\":\"0.01802783157964205\",\"response_label\":0,\"provided_context\":true},{\"rt\":1206,\"stimulus\":\"<div style=\\\"font-size:20px;\\\"><p>Follow the instructions below.</p></div>\",\"response\":1,\"stimulus_0\":\"drinking a cup full of\",\"stimulus_1\":\"carrying groceries inside\",\"condition_0\":\"inconceivable\",\"condition_1\":\"improbable\",\"continuation_0\":\"minutes\",\"continuation_1\":\"a backpack\",\"id_0\":28,\"id_1\":6,\"context_0\":\"They do not have water, so they are\",\"context_1\":\"They do not have a tote bag, so they are\",\"task_type\":\"attention_check\",\"choices\":[\"Don't Click This Button!\",\"Click This Button!\"],\"trial_type\":\"html-button-response\",\"trial_index\":25,\"time_elapsed\":165417,\"internal_node_id\":\"0.0-1.0-1.19-0.19\",\"subject_id\":\"55ecd6ff748092000daa9f5f\",\"study_id\":\"67e2c7f5c9ee767149702482\",\"session_id\":\"67e2d70e3e61869f320678a0\",\"rng_seed\":\"0.01802783157964205\"},{\"rt\":6407,\"response\":{\"language\":\"English\",\"gender\":\"Male\",\"feedback\":\"\"},\"trial_type\":\"survey-text\",\"trial_index\":26,\"time_elapsed\":171828,\"internal_node_id\":\"0.0-2.0\",\"subject_id\":\"55ecd6ff748092000daa9f5f\",\"study_id\":\"67e2c7f5c9ee767149702482\",\"session_id\":\"67e2d70e3e61869f320678a0\",\"rng_seed\":\"0.01802783157964205\",\"task_type\":\"survey\"},{\"success\":true,\"completion_time\":\"2025-03-25T16:20:42.062Z\",\"exp_type\":\"gesture-beat-expt-pilot\"}]",
    "dir_path": "data/experiment_2_pilot"
}