{
    "prolific_data": {
        "subject_id": "678fa7938926e6e078127e2e",
        "study_id": "67e2c7f5c9ee767149702482",
        "session_id": "67e2d45744aca4ed5c01d545",
        "rng_seed": "0.303084319517847"
    },
    "data": "[{\"rt\":22170,\"stimulus\":\"\\n  <div class=\\\"jspsych-content\\\" align=left style=\\\"width:100%;text-align: left;\\\">\\n  <h2>Hello, and welcome to our study!</h2>\\n      In this study, we will ask you to 25 questions.\\n      <p>\\n      In 20 of the questions, we will need your help deciding which statement is more <strong>impossible</strong>.\\n      </p>\\n      <strong>Impossible</strong> means it cannot happen in our world given the laws of nature, but may happen in a fictional world (e.g., \\\"I painted the house with my mind.\\\"). \\n      <p>\\n      The remaining questions will check to make sure that you are paying attention to the study.\\n      <p>\\n    <h3>IMPORTANT:</h3>\\n    <ul>\\n      <li>Respond as quickly as you can.</li>\\n      <li>Answer the questions based on what is possible given the physical laws of the real world.</li>\\n      <li>There are no right or wrong answers. We are simply interested in your intuitions.</li>\\n      </ul>\\n    Once you are done reading this page, please press SPACEBAR to continue.\\n    </p>\\n  </div>\\n  \",\"response\":\" \",\"trial_type\":\"html-keyboard-response\",\"trial_index\":0,\"time_elapsed\":22194,\"internal_node_id\":\"0.0-0.0\",\"subject_id\":\"678fa7938926e6e078127e2e\",\"study_id\":\"67e2c7f5c9ee767149702482\",\"session_id\":\"67e2d45744aca4ed5c01d545\",\"rng_seed\":\"0.303084319517847\"},{\"rt\":46387,\"stimulus\":\"<div style=\\\"font-size:20px;\\\"><p>Which scenario is more impossible?</p>\\n  Reminder: <strong>Impossible</strong> means it cannot happen in our world given the laws of nature, but may happen in a fictional world (e.g., \\\"I painted the house with my mind.\\\"). </div>\",\"response\":0,\"stimulus_0\":\"crafting a bowl out of\",\"stimulus_1\":\"cooling a room using\",\"condition_0\":\"impossible\",\"condition_1\":\"inconceivable\",\"continuation_0\":\"smoke\",\"continuation_1\":\"a taste\",\"id_0\":19,\"id_1\":17,\"context_0\":\"They do not have clay, so they are\",\"context_1\":\"They do not have a fan, so they are\",\"task_type\":\"critical\",\"concept\":\"impossible\",\"trial_type\":\"html-button-response\",\"trial_index\":1,\"time_elapsed\":68585,\"internal_node_id\":\"0.0-1.0-0.0\",\"subject_id\":\"678fa7938926e6e078127e2e\",\"study_id\":\"67e2c7f5c9ee767149702482\",\"session_id\":\"67e2d45744aca4ed5c01d545\",\"rng_seed\":\"0.303084319517847\",\"response_label\":0,\"provided_context\":true},{\"rt\":34486,\"stimulus\":\"<div style=\\\"font-size:20px;\\\"><p>Which scenario is more impossible?</p>\\n  Reminder: <strong>Impossible</strong> means it cannot happen in our world given the laws of nature, but may happen in a fictional world (e.g., \\\"I painted the house with my mind.\\\"). </div>\",\"response\":1,\"stimulus_0\":\"squishing a blueberry using\",\"stimulus_1\":\"cooling a room using\",\"condition_0\":\"improbable\",\"condition_1\":\"inconceivable\",\"continuation_0\":\"[POSS] nose\",\"continuation_1\":\"a taste\",\"id_0\":58,\"id_1\":17,\"context_0\":\"They do not have fingers, so they are\",\"context_1\":\"They do not have a fan, so they are\",\"task_type\":\"critical\",\"concept\":\"impossible\",\"trial_type\":\"html-button-response\",\"trial_index\":2,\"time_elapsed\":103075,\"internal_node_id\":\"0.0-1.0-0.1\",\"subject_id\":\"678fa7938926e6e078127e2e\",\"study_id\":\"67e2c7f5c9ee767149702482\",\"session_id\":\"67e2d45744aca4ed5c01d545\",\"rng_seed\":\"0.303084319517847\",\"response_label\":1,\"provided_context\":true},{\"rt\":22477,\"stimulus\":\"<div style=\\\"font-size:20px;\\\"><p>Which scenario is more impossible?</p>\\n  Reminder: <strong>Impossible</strong> means it cannot happen in our world given the laws of nature, but may happen in a fictional world (e.g., \\\"I painted the house with my mind.\\\"). </div>\",\"response\":1,\"stimulus_0\":\"filling a bucket with\",\"stimulus_1\":\"painting a wall using\",\"condition_0\":\"impossible\",\"condition_1\":\"inconceivable\",\"continuation_0\":\"buildings\",\"continuation_1\":\"a whisper\",\"id_0\":33,\"id_1\":45,\"context_0\":\"They are not near sand, so they are\",\"context_1\":\"They do not have a brush, so they are\",\"task_type\":\"critical\",\"concept\":\"impossible\",\"trial_type\":\"html-button-response\",\"trial_index\":3,\"time_elapsed\":125554,\"internal_node_id\":\"0.0-1.0-0.2\",\"subject_id\":\"678fa7938926e6e078127e2e\",\"study_id\":\"67e2c7f5c9ee767149702482\",\"session_id\":\"67e2d45744aca4ed5c01d545\",\"rng_seed\":\"0.303084319517847\",\"response_label\":1,\"provided_context\":true},{\"rt\":14876,\"stimulus\":\"<div style=\\\"font-size:20px;\\\"><p>Which scenario is more impossible?</p>\\n  Reminder: <strong>Impossible</strong> means it cannot happen in our world given the laws of nature, but may happen in a fictional world (e.g., \\\"I painted the house with my mind.\\\"). </div>\",\"response\":0,\"stimulus_0\":\"sewing a shirt using\",\"stimulus_1\":\"polishing jewelry using\",\"condition_0\":\"improbable\",\"condition_1\":\"impossible\",\"continuation_0\":\"a toothpick\",\"continuation_1\":\"a chainsaw\",\"id_0\":52,\"id_1\":48,\"context_0\":\"They do not have a needle, so they are\",\"context_1\":\"They do not have a cloth, so they are\",\"task_type\":\"critical\",\"concept\":\"impossible\",\"trial_type\":\"html-button-response\",\"trial_index\":4,\"time_elapsed\":140433,\"internal_node_id\":\"0.0-1.0-0.3\",\"subject_id\":\"678fa7938926e6e078127e2e\",\"study_id\":\"67e2c7f5c9ee767149702482\",\"session_id\":\"67e2d45744aca4ed5c01d545\",\"rng_seed\":\"0.303084319517847\",\"response_label\":0,\"provided_context\":true},{\"rt\":9526,\"stimulus\":\"<div style=\\\"font-size:20px;\\\"><p>Follow the instructions below.</p></div>\",\"response\":0,\"stimulus_0\":\"sewing a shirt using\",\"stimulus_1\":\"polishing jewelry using\",\"condition_0\":\"improbable\",\"condition_1\":\"impossible\",\"continuation_0\":\"a toothpick\",\"continuation_1\":\"a chainsaw\",\"id_0\":52,\"id_1\":48,\"context_0\":\"They do not have a needle, so they are\",\"context_1\":\"They do not have a cloth, so they are\",\"task_type\":\"attention_check\",\"choices\":[\"Click This Button!\",\"Don't Click This Button!\"],\"trial_type\":\"html-button-response\",\"trial_index\":5,\"time_elapsed\":149961,\"internal_node_id\":\"0.0-1.0-1.3-0.3\",\"subject_id\":\"678fa7938926e6e078127e2e\",\"study_id\":\"67e2c7f5c9ee767149702482\",\"session_id\":\"67e2d45744aca4ed5c01d545\",\"rng_seed\":\"0.303084319517847\"},{\"rt\":12788,\"stimulus\":\"<div style=\\\"font-size:20px;\\\"><p>Which scenario is more impossible?</p>\\n  Reminder: <strong>Impossible</strong> means it cannot happen in our world given the laws of nature, but may happen in a fictional world (e.g., \\\"I painted the house with my mind.\\\"). </div>\",\"response\":1,\"stimulus_0\":\"packing a suit inside\",\"stimulus_1\":\"digging a hole using\",\"condition_0\":\"improbable\",\"condition_1\":\"impossible\",\"continuation_0\":\"a pocket\",\"continuation_1\":\"dirt\",\"id_0\":44,\"id_1\":24,\"context_0\":\"They do not have a suitcase, so they are\",\"context_1\":\"They do not have a shovel, so they are\",\"task_type\":\"critical\",\"concept\":\"impossible\",\"trial_type\":\"html-button-response\",\"trial_index\":6,\"time_elapsed\":162753,\"internal_node_id\":\"0.0-1.0-0.4\",\"subject_id\":\"678fa7938926e6e078127e2e\",\"study_id\":\"67e2c7f5c9ee767149702482\",\"session_id\":\"67e2d45744aca4ed5c01d545\",\"rng_seed\":\"0.303084319517847\",\"response_label\":1,\"provided_context\":true},{\"rt\":8809,\"stimulus\":\"<div style=\\\"font-size:20px;\\\"><p>Which scenario is more impossible?</p>\\n  Reminder: <strong>Impossible</strong> means it cannot happen in our world given the laws of nature, but may happen in a fictional world (e.g., \\\"I painted the house with my mind.\\\"). </div>\",\"response\":0,\"stimulus_0\":\"painting a wall using\",\"stimulus_1\":\"taking a vacation to\",\"condition_0\":\"inconceivable\",\"condition_1\":\"impossible\",\"continuation_0\":\"a whisper\",\"continuation_1\":\"the sun\",\"id_0\":45,\"id_1\":61,\"context_0\":\"They do not have a brush, so they are\",\"context_1\":\"They are not near the beach, so they are\",\"task_type\":\"critical\",\"concept\":\"impossible\",\"trial_type\":\"html-button-response\",\"trial_index\":7,\"time_elapsed\":171569,\"internal_node_id\":\"0.0-1.0-0.5\",\"subject_id\":\"678fa7938926e6e078127e2e\",\"study_id\":\"67e2c7f5c9ee767149702482\",\"session_id\":\"67e2d45744aca4ed5c01d545\",\"rng_seed\":\"0.303084319517847\",\"response_label\":0,\"provided_context\":true},{\"rt\":8414,\"stimulus\":\"<div style=\\\"font-size:20px;\\\"><p>Which scenario is more impossible?</p>\\n  Reminder: <strong>Impossible</strong> means it cannot happen in our world given the laws of nature, but may happen in a fictional world (e.g., \\\"I painted the house with my mind.\\\"). </div>\",\"response\":1,\"stimulus_0\":\"unlocking a door using\",\"stimulus_1\":\"writing an equation on\",\"condition_0\":\"impossible\",\"condition_1\":\"inconceivable\",\"continuation_0\":\"a marshmallow\",\"continuation_1\":\"a scream\",\"id_0\":64,\"id_1\":69,\"context_0\":\"They do not have a key, so they are\",\"context_1\":\"They do not have a chalkboard, so they are\",\"task_type\":\"critical\",\"concept\":\"impossible\",\"trial_type\":\"html-button-response\",\"trial_index\":8,\"time_elapsed\":179985,\"internal_node_id\":\"0.0-1.0-0.6\",\"subject_id\":\"678fa7938926e6e078127e2e\",\"study_id\":\"67e2c7f5c9ee767149702482\",\"session_id\":\"67e2d45744aca4ed5c01d545\",\"rng_seed\":\"0.303084319517847\",\"response_label\":1,\"provided_context\":true},{\"rt\":8164,\"stimulus\":\"<div style=\\\"font-size:20px;\\\"><p>Which scenario is more impossible?</p>\\n  Reminder: <strong>Impossible</strong> means it cannot happen in our world given the laws of nature, but may happen in a fictional world (e.g., \\\"I painted the house with my mind.\\\"). </div>\",\"response\":0,\"stimulus_0\":\"taking a vacation to\",\"stimulus_1\":\"carrying groceries inside\",\"condition_0\":\"impossible\",\"condition_1\":\"improbable\",\"continuation_0\":\"the sun\",\"continuation_1\":\"a backpack\",\"id_0\":61,\"id_1\":6,\"context_0\":\"They are not near the beach, so they are\",\"context_1\":\"They do not have a tote bag, so they are\",\"task_type\":\"critical\",\"concept\":\"impossible\",\"trial_type\":\"html-button-response\",\"trial_index\":9,\"time_elapsed\":188152,\"internal_node_id\":\"0.0-1.0-0.7\",\"subject_id\":\"678fa7938926e6e078127e2e\",\"study_id\":\"67e2c7f5c9ee767149702482\",\"session_id\":\"67e2d45744aca4ed5c01d545\",\"rng_seed\":\"0.303084319517847\",\"response_label\":0,\"provided_context\":true},{\"rt\":3879,\"stimulus\":\"<div style=\\\"font-size:20px;\\\"><p>Follow the instructions below.</p></div>\",\"response\":1,\"stimulus_0\":\"taking a vacation to\",\"stimulus_1\":\"carrying groceries inside\",\"condition_0\":\"impossible\",\"condition_1\":\"improbable\",\"continuation_0\":\"the sun\",\"continuation_1\":\"a backpack\",\"id_0\":61,\"id_1\":6,\"context_0\":\"They are not near the beach, so they are\",\"context_1\":\"They do not have a tote bag, so they are\",\"task_type\":\"attention_check\",\"choices\":[\"Don't Click This Button!\",\"Click This Button!\"],\"trial_type\":\"html-button-response\",\"trial_index\":10,\"time_elapsed\":192033,\"internal_node_id\":\"0.0-1.0-1.7-0.7\",\"subject_id\":\"678fa7938926e6e078127e2e\",\"study_id\":\"67e2c7f5c9ee767149702482\",\"session_id\":\"67e2d45744aca4ed5c01d545\",\"rng_seed\":\"0.303084319517847\"},{\"rt\":9812,\"stimulus\":\"<div style=\\\"font-size:20px;\\\"><p>Which scenario is more impossible?</p>\\n  Reminder: <strong>Impossible</strong> means it cannot happen in our world given the laws of nature, but may happen in a fictional world (e.g., \\\"I painted the house with my mind.\\\"). </div>\",\"response\":0,\"stimulus_0\":\"plucking a hair using\",\"stimulus_1\":\"building a bridge out of\",\"condition_0\":\"inconceivable\",\"condition_1\":\"improbable\",\"continuation_0\":\"sympathy\",\"continuation_1\":\"plastic\",\"id_0\":47,\"id_1\":4,\"context_0\":\"They do not have tweezers, so they are\",\"context_1\":\"They do not have any steel, so they are\",\"task_type\":\"critical\",\"concept\":\"impossible\",\"trial_type\":\"html-button-response\",\"trial_index\":11,\"time_elapsed\":201846,\"internal_node_id\":\"0.0-1.0-0.8\",\"subject_id\":\"678fa7938926e6e078127e2e\",\"study_id\":\"67e2c7f5c9ee767149702482\",\"session_id\":\"67e2d45744aca4ed5c01d545\",\"rng_seed\":\"0.303084319517847\",\"response_label\":0,\"provided_context\":true},{\"rt\":4333,\"stimulus\":\"<div style=\\\"font-size:20px;\\\"><p>Which scenario is more impossible?</p>\\n  Reminder: <strong>Impossible</strong> means it cannot happen in our world given the laws of nature, but may happen in a fictional world (e.g., \\\"I painted the house with my mind.\\\"). </div>\",\"response\":1,\"stimulus_0\":\"taking a vacation to\",\"stimulus_1\":\"building a bridge out of\",\"condition_0\":\"impossible\",\"condition_1\":\"improbable\",\"continuation_0\":\"the sun\",\"continuation_1\":\"plastic\",\"id_0\":61,\"id_1\":4,\"context_0\":\"They are not near the beach, so they are\",\"context_1\":\"They do not have any steel, so they are\",\"task_type\":\"critical\",\"concept\":\"impossible\",\"trial_type\":\"html-button-response\",\"trial_index\":12,\"time_elapsed\":206182,\"internal_node_id\":\"0.0-1.0-0.9\",\"subject_id\":\"678fa7938926e6e078127e2e\",\"study_id\":\"67e2c7f5c9ee767149702482\",\"session_id\":\"67e2d45744aca4ed5c01d545\",\"rng_seed\":\"0.303084319517847\",\"response_label\":1,\"provided_context\":true},{\"rt\":7239,\"stimulus\":\"<div style=\\\"font-size:20px;\\\"><p>Which scenario is more impossible?</p>\\n  Reminder: <strong>Impossible</strong> means it cannot happen in our world given the laws of nature, but may happen in a fictional world (e.g., \\\"I painted the house with my mind.\\\"). </div>\",\"response\":1,\"stimulus_0\":\"drying laundry using\",\"stimulus_1\":\"digging a hole using\",\"condition_0\":\"improbable\",\"condition_1\":\"impossible\",\"continuation_0\":\"a fan\",\"continuation_1\":\"dirt\",\"id_0\":30,\"id_1\":24,\"context_0\":\"They do not have a clothesline, so they are\",\"context_1\":\"They do not have a shovel, so they are\",\"task_type\":\"critical\",\"concept\":\"impossible\",\"trial_type\":\"html-button-response\",\"trial_index\":13,\"time_elapsed\":213423,\"internal_node_id\":\"0.0-1.0-0.10\",\"subject_id\":\"678fa7938926e6e078127e2e\",\"study_id\":\"67e2c7f5c9ee767149702482\",\"session_id\":\"67e2d45744aca4ed5c01d545\",\"rng_seed\":\"0.303084319517847\",\"response_label\":1,\"provided_context\":true},{\"rt\":6644,\"stimulus\":\"<div style=\\\"font-size:20px;\\\"><p>Which scenario is more impossible?</p>\\n  Reminder: <strong>Impossible</strong> means it cannot happen in our world given the laws of nature, but may happen in a fictional world (e.g., \\\"I painted the house with my mind.\\\"). </div>\",\"response\":1,\"stimulus_0\":\"catching a fish in\",\"stimulus_1\":\"baking a cake inside\",\"condition_0\":\"improbable\",\"condition_1\":\"inconceivable\",\"continuation_0\":\"a puddle\",\"continuation_1\":\"a sigh\",\"id_0\":8,\"id_1\":0,\"context_0\":\"They are not near a lake, so they are\",\"context_1\":\"They do not have an oven, so they are\",\"task_type\":\"critical\",\"concept\":\"impossible\",\"trial_type\":\"html-button-response\",\"trial_index\":14,\"time_elapsed\":220070,\"internal_node_id\":\"0.0-1.0-0.11\",\"subject_id\":\"678fa7938926e6e078127e2e\",\"study_id\":\"67e2c7f5c9ee767149702482\",\"session_id\":\"67e2d45744aca4ed5c01d545\",\"rng_seed\":\"0.303084319517847\",\"response_label\":1,\"provided_context\":true},{\"rt\":3282,\"stimulus\":\"<div style=\\\"font-size:20px;\\\"><p>Follow the instructions below.</p></div>\",\"response\":1,\"stimulus_0\":\"catching a fish in\",\"stimulus_1\":\"baking a cake inside\",\"condition_0\":\"improbable\",\"condition_1\":\"inconceivable\",\"continuation_0\":\"a puddle\",\"continuation_1\":\"a sigh\",\"id_0\":8,\"id_1\":0,\"context_0\":\"They are not near a lake, so they are\",\"context_1\":\"They do not have an oven, so they are\",\"task_type\":\"attention_check\",\"choices\":[\"Don't Click This Button!\",\"Click This Button!\"],\"trial_type\":\"html-button-response\",\"trial_index\":15,\"time_elapsed\":223357,\"internal_node_id\":\"0.0-1.0-1.11-0.11\",\"subject_id\":\"678fa7938926e6e078127e2e\",\"study_id\":\"67e2c7f5c9ee767149702482\",\"session_id\":\"67e2d45744aca4ed5c01d545\",\"rng_seed\":\"0.303084319517847\"},{\"rt\":6916,\"stimulus\":\"<div style=\\\"font-size:20px;\\\"><p>Which scenario is more impossible?</p>\\n  Reminder: <strong>Impossible</strong> means it cannot happen in our world given the laws of nature, but may happen in a fictional world (e.g., \\\"I painted the house with my mind.\\\"). </div>\",\"response\":1,\"stimulus_0\":\"sewing a shirt using\",\"stimulus_1\":\"crafting a bowl out of\",\"condition_0\":\"improbable\",\"condition_1\":\"impossible\",\"continuation_0\":\"a toothpick\",\"continuation_1\":\"smoke\",\"id_0\":52,\"id_1\":19,\"context_0\":\"They do not have a needle, so they are\",\"context_1\":\"They do not have clay, so they are\",\"task_type\":\"critical\",\"concept\":\"impossible\",\"trial_type\":\"html-button-response\",\"trial_index\":16,\"time_elapsed\":230275,\"internal_node_id\":\"0.0-1.0-0.12\",\"subject_id\":\"678fa7938926e6e078127e2e\",\"study_id\":\"67e2c7f5c9ee767149702482\",\"session_id\":\"67e2d45744aca4ed5c01d545\",\"rng_seed\":\"0.303084319517847\",\"response_label\":1,\"provided_context\":true},{\"rt\":6154,\"stimulus\":\"<div style=\\\"font-size:20px;\\\"><p>Which scenario is more impossible?</p>\\n  Reminder: <strong>Impossible</strong> means it cannot happen in our world given the laws of nature, but may happen in a fictional world (e.g., \\\"I painted the house with my mind.\\\"). </div>\",\"response\":0,\"stimulus_0\":\"taking a vacation to\",\"stimulus_1\":\"polishing jewelry using\",\"condition_0\":\"impossible\",\"condition_1\":\"impossible\",\"continuation_0\":\"the sun\",\"continuation_1\":\"a chainsaw\",\"id_0\":61,\"id_1\":48,\"context_0\":\"They are not near the beach, so they are\",\"context_1\":\"They do not have a cloth, so they are\",\"task_type\":\"critical\",\"concept\":\"impossible\",\"trial_type\":\"html-button-response\",\"trial_index\":17,\"time_elapsed\":236432,\"internal_node_id\":\"0.0-1.0-0.13\",\"subject_id\":\"678fa7938926e6e078127e2e\",\"study_id\":\"67e2c7f5c9ee767149702482\",\"session_id\":\"67e2d45744aca4ed5c01d545\",\"rng_seed\":\"0.303084319517847\",\"response_label\":0,\"provided_context\":true},{\"rt\":8654,\"stimulus\":\"<div style=\\\"font-size:20px;\\\"><p>Which scenario is more impossible?</p>\\n  Reminder: <strong>Impossible</strong> means it cannot happen in our world given the laws of nature, but may happen in a fictional world (e.g., \\\"I painted the house with my mind.\\\"). </div>\",\"response\":0,\"stimulus_0\":\"denting a car with\",\"stimulus_1\":\"catching a fish in\",\"condition_0\":\"improbable\",\"condition_1\":\"improbable\",\"continuation_0\":\"a dumbbell\",\"continuation_1\":\"a puddle\",\"id_0\":23,\"id_1\":8,\"context_0\":\"They do not have a baseball bat, so they are\",\"context_1\":\"They are not near a lake, so they are\",\"task_type\":\"critical\",\"concept\":\"impossible\",\"trial_type\":\"html-button-response\",\"trial_index\":18,\"time_elapsed\":245087,\"internal_node_id\":\"0.0-1.0-0.14\",\"subject_id\":\"678fa7938926e6e078127e2e\",\"study_id\":\"67e2c7f5c9ee767149702482\",\"session_id\":\"67e2d45744aca4ed5c01d545\",\"rng_seed\":\"0.303084319517847\",\"response_label\":0,\"provided_context\":true},{\"rt\":5945,\"stimulus\":\"<div style=\\\"font-size:20px;\\\"><p>Which scenario is more impossible?</p>\\n  Reminder: <strong>Impossible</strong> means it cannot happen in our world given the laws of nature, but may happen in a fictional world (e.g., \\\"I painted the house with my mind.\\\"). </div>\",\"response\":0,\"stimulus_0\":\"cutting cardboard using\",\"stimulus_1\":\"cooling a room using\",\"condition_0\":\"inconceivable\",\"condition_1\":\"inconceivable\",\"continuation_0\":\"a snore\",\"continuation_1\":\"a taste\",\"id_0\":22,\"id_1\":17,\"context_0\":\"They do not have scissors, so they are\",\"context_1\":\"They do not have a fan, so they are\",\"task_type\":\"critical\",\"concept\":\"impossible\",\"trial_type\":\"html-button-response\",\"trial_index\":19,\"time_elapsed\":251035,\"internal_node_id\":\"0.0-1.0-0.15\",\"subject_id\":\"678fa7938926e6e078127e2e\",\"study_id\":\"67e2c7f5c9ee767149702482\",\"session_id\":\"67e2d45744aca4ed5c01d545\",\"rng_seed\":\"0.303084319517847\",\"response_label\":0,\"provided_context\":true},{\"rt\":3555,\"stimulus\":\"<div style=\\\"font-size:20px;\\\"><p>Follow the instructions below.</p></div>\",\"response\":0,\"stimulus_0\":\"cutting cardboard using\",\"stimulus_1\":\"cooling a room using\",\"condition_0\":\"inconceivable\",\"condition_1\":\"inconceivable\",\"continuation_0\":\"a snore\",\"continuation_1\":\"a taste\",\"id_0\":22,\"id_1\":17,\"context_0\":\"They do not have scissors, so they are\",\"context_1\":\"They do not have a fan, so they are\",\"task_type\":\"attention_check\",\"choices\":[\"Click This Button!\",\"Don't Click This Button!\"],\"trial_type\":\"html-button-response\",\"trial_index\":20,\"time_elapsed\":254593,\"internal_node_id\":\"0.0-1.0-1.15-0.15\",\"subject_id\":\"678fa7938926e6e078127e2e\",\"study_id\":\"67e2c7f5c9ee767149702482\",\"session_id\":\"67e2d45744aca4ed5c01d545\",\"rng_seed\":\"0.303084319517847\"},{\"rt\":69369,\"stimulus\":\"<div style=\\\"font-size:20px;\\\"><p>Which scenario is more impossible?</p>\\n  Reminder: <strong>Impossible</strong> means it cannot happen in our world given the laws of nature, but may happen in a fictional world (e.g., \\\"I painted the house with my mind.\\\"). </div>\",\"response\":0,\"stimulus_0\":\"carving a statue using\",\"stimulus_1\":\"crafting a bowl out of\",\"condition_0\":\"impossible\",\"condition_1\":\"impossible\",\"continuation_0\":\"a sock\",\"continuation_1\":\"smoke\",\"id_0\":7,\"id_1\":19,\"context_0\":\"They do not have a chisel, so they are\",\"context_1\":\"They do not have clay, so they are\",\"task_type\":\"critical\",\"concept\":\"impossible\",\"trial_type\":\"html-button-response\",\"trial_index\":21,\"time_elapsed\":323964,\"internal_node_id\":\"0.0-1.0-0.16\",\"subject_id\":\"678fa7938926e6e078127e2e\",\"study_id\":\"67e2c7f5c9ee767149702482\",\"session_id\":\"67e2d45744aca4ed5c01d545\",\"rng_seed\":\"0.303084319517847\",\"response_label\":0,\"provided_context\":true},{\"rt\":12675,\"stimulus\":\"<div style=\\\"font-size:20px;\\\"><p>Which scenario is more impossible?</p>\\n  Reminder: <strong>Impossible</strong> means it cannot happen in our world given the laws of nature, but may happen in a fictional world (e.g., \\\"I painted the house with my mind.\\\"). </div>\",\"response\":1,\"stimulus_0\":\"packing a suit inside\",\"stimulus_1\":\"crafting a bowl out of\",\"condition_0\":\"improbable\",\"condition_1\":\"impossible\",\"continuation_0\":\"a pocket\",\"continuation_1\":\"smoke\",\"id_0\":44,\"id_1\":19,\"context_0\":\"They do not have a suitcase, so they are\",\"context_1\":\"They do not have clay, so they are\",\"task_type\":\"critical\",\"concept\":\"impossible\",\"trial_type\":\"html-button-response\",\"trial_index\":22,\"time_elapsed\":336642,\"internal_node_id\":\"0.0-1.0-0.17\",\"subject_id\":\"678fa7938926e6e078127e2e\",\"study_id\":\"67e2c7f5c9ee767149702482\",\"session_id\":\"67e2d45744aca4ed5c01d545\",\"rng_seed\":\"0.303084319517847\",\"response_label\":1,\"provided_context\":true},{\"rt\":3806,\"stimulus\":\"<div style=\\\"font-size:20px;\\\"><p>Which scenario is more impossible?</p>\\n  Reminder: <strong>Impossible</strong> means it cannot happen in our world given the laws of nature, but may happen in a fictional world (e.g., \\\"I painted the house with my mind.\\\"). </div>\",\"response\":1,\"stimulus_0\":\"drying laundry using\",\"stimulus_1\":\"packing a suit inside\",\"condition_0\":\"improbable\",\"condition_1\":\"improbable\",\"continuation_0\":\"a fan\",\"continuation_1\":\"a pocket\",\"id_0\":30,\"id_1\":44,\"context_0\":\"They do not have a clothesline, so they are\",\"context_1\":\"They do not have a suitcase, so they are\",\"task_type\":\"critical\",\"concept\":\"impossible\",\"trial_type\":\"html-button-response\",\"trial_index\":23,\"time_elapsed\":340450,\"internal_node_id\":\"0.0-1.0-0.18\",\"subject_id\":\"678fa7938926e6e078127e2e\",\"study_id\":\"67e2c7f5c9ee767149702482\",\"session_id\":\"67e2d45744aca4ed5c01d545\",\"rng_seed\":\"0.303084319517847\",\"response_label\":1,\"provided_context\":true},{\"rt\":5263,\"stimulus\":\"<div style=\\\"font-size:20px;\\\"><p>Which scenario is more impossible?</p>\\n  Reminder: <strong>Impossible</strong> means it cannot happen in our world given the laws of nature, but may happen in a fictional world (e.g., \\\"I painted the house with my mind.\\\"). </div>\",\"response\":1,\"stimulus_0\":\"digging a hole using\",\"stimulus_1\":\"cutting cardboard using\",\"condition_0\":\"impossible\",\"condition_1\":\"inconceivable\",\"continuation_0\":\"dirt\",\"continuation_1\":\"a snore\",\"id_0\":24,\"id_1\":22,\"context_0\":\"They do not have a shovel, so they are\",\"context_1\":\"They do not have scissors, so they are\",\"task_type\":\"critical\",\"concept\":\"impossible\",\"trial_type\":\"html-button-response\",\"trial_index\":24,\"time_elapsed\":345716,\"internal_node_id\":\"0.0-1.0-0.19\",\"subject_id\":\"678fa7938926e6e078127e2e\",\"study_id\":\"67e2c7f5c9ee767149702482\",\"session_id\":\"67e2d45744aca4ed5c01d545\",\"rng_seed\":\"0.303084319517847\",\"response_label\":1,\"provided_context\":true},{\"rt\":2125,\"stimulus\":\"<div style=\\\"font-size:20px;\\\"><p>Follow the instructions below.</p></div>\",\"response\":1,\"stimulus_0\":\"digging a hole using\",\"stimulus_1\":\"cutting cardboard using\",\"condition_0\":\"impossible\",\"condition_1\":\"inconceivable\",\"continuation_0\":\"dirt\",\"continuation_1\":\"a snore\",\"id_0\":24,\"id_1\":22,\"context_0\":\"They do not have a shovel, so they are\",\"context_1\":\"They do not have scissors, so they are\",\"task_type\":\"attention_check\",\"choices\":[\"Don't Click This Button!\",\"Click This Button!\"],\"trial_type\":\"html-button-response\",\"trial_index\":25,\"time_elapsed\":347842,\"internal_node_id\":\"0.0-1.0-1.19-0.19\",\"subject_id\":\"678fa7938926e6e078127e2e\",\"study_id\":\"67e2c7f5c9ee767149702482\",\"session_id\":\"67e2d45744aca4ed5c01d545\",\"rng_seed\":\"0.303084319517847\"},{\"rt\":36758,\"response\":{\"language\":\"English\",\"gender\":\"Male\",\"feedback\":\"The experiment was interesting.\"},\"trial_type\":\"survey-text\",\"trial_index\":26,\"time_elapsed\":384619,\"internal_node_id\":\"0.0-2.0\",\"subject_id\":\"678fa7938926e6e078127e2e\",\"study_id\":\"67e2c7f5c9ee767149702482\",\"session_id\":\"67e2d45744aca4ed5c01d545\",\"rng_seed\":\"0.303084319517847\",\"task_type\":\"survey\"},{\"success\":true,\"completion_time\":\"2025-03-25T16:13:06.466Z\",\"exp_type\":\"gesture-beat-expt-pilot\"}]",
    "dir_path": "data/experiment_2_pilot"
}