{
    "prolific_data": {
        "subject_id": "67d411652ada0a7584b2558e",
        "study_id": "67e2c7f5c9ee767149702482",
        "session_id": "67e2d6f4489e069ff57ac4be",
        "rng_seed": "0.31664040557126705"
    },
    "data": "[{\"rt\":26028,\"stimulus\":\"\\n  <div class=\\\"jspsych-content\\\" align=left style=\\\"width:100%;text-align: left;\\\">\\n  <h2>Hello, and welcome to our study!</h2>\\n      In this study, we will ask you to 25 questions.\\n      <p>\\n      In 20 of the questions, we will need your help deciding which statement is more <strong>impossible</strong>.\\n      </p>\\n      <strong>Impossible</strong> means it cannot happen in our world given the laws of nature, but may happen in a fictional world (e.g., \\\"I painted the house with my mind.\\\"). \\n      <p>\\n      The remaining questions will check to make sure that you are paying attention to the study.\\n      <p>\\n    <h3>IMPORTANT:</h3>\\n    <ul>\\n      <li>Respond as quickly as you can.</li>\\n      <li>Answer the questions based on what is possible given the physical laws of the real world.</li>\\n      <li>There are no right or wrong answers. We are simply interested in your intuitions.</li>\\n      </ul>\\n    Once you are done reading this page, please press SPACEBAR to continue.\\n    </p>\\n  </div>\\n  \",\"response\":\" \",\"trial_type\":\"html-keyboard-response\",\"trial_index\":0,\"time_elapsed\":26035,\"internal_node_id\":\"0.0-0.0\",\"subject_id\":\"67d411652ada0a7584b2558e\",\"study_id\":\"67e2c7f5c9ee767149702482\",\"session_id\":\"67e2d6f4489e069ff57ac4be\",\"rng_seed\":\"0.31664040557126705\"},{\"rt\":16270,\"stimulus\":\"<div style=\\\"font-size:20px;\\\"><p>Which scenario is more impossible?</p>\\n  Reminder: <strong>Impossible</strong> means it cannot happen in our world given the laws of nature, but may happen in a fictional world (e.g., \\\"I painted the house with my mind.\\\"). </div>\",\"response\":0,\"stimulus_0\":\"cooling a room using\",\"stimulus_1\":\"taking a vacation to\",\"condition_0\":\"inconceivable\",\"condition_1\":\"impossible\",\"continuation_0\":\"a taste\",\"continuation_1\":\"the sun\",\"id_0\":17,\"id_1\":61,\"context_0\":\"They do not have a fan, so they are\",\"context_1\":\"They are not near the beach, so they are\",\"task_type\":\"critical\",\"concept\":\"impossible\",\"trial_type\":\"html-button-response\",\"trial_index\":1,\"time_elapsed\":42310,\"internal_node_id\":\"0.0-1.0-0.0\",\"subject_id\":\"67d411652ada0a7584b2558e\",\"study_id\":\"67e2c7f5c9ee767149702482\",\"session_id\":\"67e2d6f4489e069ff57ac4be\",\"rng_seed\":\"0.31664040557126705\",\"response_label\":0,\"provided_context\":true},{\"rt\":24175,\"stimulus\":\"<div style=\\\"font-size:20px;\\\"><p>Which scenario is more impossible?</p>\\n  Reminder: <strong>Impossible</strong> means it cannot happen in our world given the laws of nature, but may happen in a fictional world (e.g., \\\"I painted the house with my mind.\\\"). </div>\",\"response\":1,\"stimulus_0\":\"shattering a window using\",\"stimulus_1\":\"filling a bucket with\",\"condition_0\":\"impossible\",\"condition_1\":\"impossible\",\"continuation_0\":\"confetti\",\"continuation_1\":\"buildings\",\"id_0\":53,\"id_1\":33,\"context_0\":\"They do not have a stone, so they are\",\"context_1\":\"They are not near sand, so they are\",\"task_type\":\"critical\",\"concept\":\"impossible\",\"trial_type\":\"html-button-response\",\"trial_index\":2,\"time_elapsed\":66488,\"internal_node_id\":\"0.0-1.0-0.1\",\"subject_id\":\"67d411652ada0a7584b2558e\",\"study_id\":\"67e2c7f5c9ee767149702482\",\"session_id\":\"67e2d6f4489e069ff57ac4be\",\"rng_seed\":\"0.31664040557126705\",\"response_label\":1,\"provided_context\":true},{\"rt\":10799,\"stimulus\":\"<div style=\\\"font-size:20px;\\\"><p>Which scenario is more impossible?</p>\\n  Reminder: <strong>Impossible</strong> means it cannot happen in our world given the laws of nature, but may happen in a fictional world (e.g., \\\"I painted the house with my mind.\\\"). </div>\",\"response\":0,\"stimulus_0\":\"plucking a hair using\",\"stimulus_1\":\"digging a hole using\",\"condition_0\":\"inconceivable\",\"condition_1\":\"impossible\",\"continuation_0\":\"sympathy\",\"continuation_1\":\"dirt\",\"id_0\":47,\"id_1\":24,\"context_0\":\"They do not have tweezers, so they are\",\"context_1\":\"They do not have a shovel, so they are\",\"task_type\":\"critical\",\"concept\":\"impossible\",\"trial_type\":\"html-button-response\",\"trial_index\":3,\"time_elapsed\":77288,\"internal_node_id\":\"0.0-1.0-0.2\",\"subject_id\":\"67d411652ada0a7584b2558e\",\"study_id\":\"67e2c7f5c9ee767149702482\",\"session_id\":\"67e2d6f4489e069ff57ac4be\",\"rng_seed\":\"0.31664040557126705\",\"response_label\":0,\"provided_context\":true},{\"rt\":13717,\"stimulus\":\"<div style=\\\"font-size:20px;\\\"><p>Which scenario is more impossible?</p>\\n  Reminder: <strong>Impossible</strong> means it cannot happen in our world given the laws of nature, but may happen in a fictional world (e.g., \\\"I painted the house with my mind.\\\"). </div>\",\"response\":0,\"stimulus_0\":\"painting a wall using\",\"stimulus_1\":\"carrying groceries inside\",\"condition_0\":\"inconceivable\",\"condition_1\":\"improbable\",\"continuation_0\":\"a whisper\",\"continuation_1\":\"a backpack\",\"id_0\":45,\"id_1\":6,\"context_0\":\"They do not have a brush, so they are\",\"context_1\":\"They do not have a tote bag, so they are\",\"task_type\":\"critical\",\"concept\":\"impossible\",\"trial_type\":\"html-button-response\",\"trial_index\":4,\"time_elapsed\":91006,\"internal_node_id\":\"0.0-1.0-0.3\",\"subject_id\":\"67d411652ada0a7584b2558e\",\"study_id\":\"67e2c7f5c9ee767149702482\",\"session_id\":\"67e2d6f4489e069ff57ac4be\",\"rng_seed\":\"0.31664040557126705\",\"response_label\":0,\"provided_context\":true},{\"rt\":8013,\"stimulus\":\"<div style=\\\"font-size:20px;\\\"><p>Follow the instructions below.</p></div>\",\"response\":0,\"stimulus_0\":\"painting a wall using\",\"stimulus_1\":\"carrying groceries inside\",\"condition_0\":\"inconceivable\",\"condition_1\":\"improbable\",\"continuation_0\":\"a whisper\",\"continuation_1\":\"a backpack\",\"id_0\":45,\"id_1\":6,\"context_0\":\"They do not have a brush, so they are\",\"context_1\":\"They do not have a tote bag, so they are\",\"task_type\":\"attention_check\",\"choices\":[\"Click This Button!\",\"Don't Click This Button!\"],\"trial_type\":\"html-button-response\",\"trial_index\":5,\"time_elapsed\":99020,\"internal_node_id\":\"0.0-1.0-1.3-0.3\",\"subject_id\":\"67d411652ada0a7584b2558e\",\"study_id\":\"67e2c7f5c9ee767149702482\",\"session_id\":\"67e2d6f4489e069ff57ac4be\",\"rng_seed\":\"0.31664040557126705\"},{\"rt\":8994,\"stimulus\":\"<div style=\\\"font-size:20px;\\\"><p>Which scenario is more impossible?</p>\\n  Reminder: <strong>Impossible</strong> means it cannot happen in our world given the laws of nature, but may happen in a fictional world (e.g., \\\"I painted the house with my mind.\\\"). </div>\",\"response\":0,\"stimulus_0\":\"cutting cardboard using\",\"stimulus_1\":\"unlocking a door using\",\"condition_0\":\"inconceivable\",\"condition_1\":\"impossible\",\"continuation_0\":\"a snore\",\"continuation_1\":\"a marshmallow\",\"id_0\":22,\"id_1\":64,\"context_0\":\"They do not have scissors, so they are\",\"context_1\":\"They do not have a key, so they are\",\"task_type\":\"critical\",\"concept\":\"impossible\",\"trial_type\":\"html-button-response\",\"trial_index\":6,\"time_elapsed\":108015,\"internal_node_id\":\"0.0-1.0-0.4\",\"subject_id\":\"67d411652ada0a7584b2558e\",\"study_id\":\"67e2c7f5c9ee767149702482\",\"session_id\":\"67e2d6f4489e069ff57ac4be\",\"rng_seed\":\"0.31664040557126705\",\"response_label\":0,\"provided_context\":true},{\"rt\":3993,\"stimulus\":\"<div style=\\\"font-size:20px;\\\"><p>Which scenario is more impossible?</p>\\n  Reminder: <strong>Impossible</strong> means it cannot happen in our world given the laws of nature, but may happen in a fictional world (e.g., \\\"I painted the house with my mind.\\\"). </div>\",\"response\":0,\"stimulus_0\":\"unlocking a door using\",\"stimulus_1\":\"drying laundry using\",\"condition_0\":\"impossible\",\"condition_1\":\"improbable\",\"continuation_0\":\"a marshmallow\",\"continuation_1\":\"a fan\",\"id_0\":64,\"id_1\":30,\"context_0\":\"They do not have a key, so they are\",\"context_1\":\"They do not have a clothesline, so they are\",\"task_type\":\"critical\",\"concept\":\"impossible\",\"trial_type\":\"html-button-response\",\"trial_index\":7,\"time_elapsed\":112009,\"internal_node_id\":\"0.0-1.0-0.5\",\"subject_id\":\"67d411652ada0a7584b2558e\",\"study_id\":\"67e2c7f5c9ee767149702482\",\"session_id\":\"67e2d6f4489e069ff57ac4be\",\"rng_seed\":\"0.31664040557126705\",\"response_label\":0,\"provided_context\":true},{\"rt\":7953,\"stimulus\":\"<div style=\\\"font-size:20px;\\\"><p>Which scenario is more impossible?</p>\\n  Reminder: <strong>Impossible</strong> means it cannot happen in our world given the laws of nature, but may happen in a fictional world (e.g., \\\"I painted the house with my mind.\\\"). </div>\",\"response\":0,\"stimulus_0\":\"cooling a room using\",\"stimulus_1\":\"carrying groceries inside\",\"condition_0\":\"inconceivable\",\"condition_1\":\"improbable\",\"continuation_0\":\"a taste\",\"continuation_1\":\"a backpack\",\"id_0\":17,\"id_1\":6,\"context_0\":\"They do not have a fan, so they are\",\"context_1\":\"They do not have a tote bag, so they are\",\"task_type\":\"critical\",\"concept\":\"impossible\",\"trial_type\":\"html-button-response\",\"trial_index\":8,\"time_elapsed\":119964,\"internal_node_id\":\"0.0-1.0-0.6\",\"subject_id\":\"67d411652ada0a7584b2558e\",\"study_id\":\"67e2c7f5c9ee767149702482\",\"session_id\":\"67e2d6f4489e069ff57ac4be\",\"rng_seed\":\"0.31664040557126705\",\"response_label\":0,\"provided_context\":true},{\"rt\":13441,\"stimulus\":\"<div style=\\\"font-size:20px;\\\"><p>Which scenario is more impossible?</p>\\n  Reminder: <strong>Impossible</strong> means it cannot happen in our world given the laws of nature, but may happen in a fictional world (e.g., \\\"I painted the house with my mind.\\\"). </div>\",\"response\":1,\"stimulus_0\":\"drinking a cup full of\",\"stimulus_1\":\"cleaning a spill using\",\"condition_0\":\"inconceivable\",\"condition_1\":\"inconceivable\",\"continuation_0\":\"minutes\",\"continuation_1\":\"a country\",\"id_0\":28,\"id_1\":11,\"context_0\":\"They do not have water, so they are\",\"context_1\":\"They do not have a sponge, so they are\",\"task_type\":\"critical\",\"concept\":\"impossible\",\"trial_type\":\"html-button-response\",\"trial_index\":9,\"time_elapsed\":133406,\"internal_node_id\":\"0.0-1.0-0.7\",\"subject_id\":\"67d411652ada0a7584b2558e\",\"study_id\":\"67e2c7f5c9ee767149702482\",\"session_id\":\"67e2d6f4489e069ff57ac4be\",\"rng_seed\":\"0.31664040557126705\",\"response_label\":1,\"provided_context\":true},{\"rt\":3024,\"stimulus\":\"<div style=\\\"font-size:20px;\\\"><p>Follow the instructions below.</p></div>\",\"response\":1,\"stimulus_0\":\"drinking a cup full of\",\"stimulus_1\":\"cleaning a spill using\",\"condition_0\":\"inconceivable\",\"condition_1\":\"inconceivable\",\"continuation_0\":\"minutes\",\"continuation_1\":\"a country\",\"id_0\":28,\"id_1\":11,\"context_0\":\"They do not have water, so they are\",\"context_1\":\"They do not have a sponge, so they are\",\"task_type\":\"attention_check\",\"choices\":[\"Don't Click This Button!\",\"Click This Button!\"],\"trial_type\":\"html-button-response\",\"trial_index\":10,\"time_elapsed\":136431,\"internal_node_id\":\"0.0-1.0-1.7-0.7\",\"subject_id\":\"67d411652ada0a7584b2558e\",\"study_id\":\"67e2c7f5c9ee767149702482\",\"session_id\":\"67e2d6f4489e069ff57ac4be\",\"rng_seed\":\"0.31664040557126705\"},{\"rt\":7272,\"stimulus\":\"<div style=\\\"font-size:20px;\\\"><p>Which scenario is more impossible?</p>\\n  Reminder: <strong>Impossible</strong> means it cannot happen in our world given the laws of nature, but may happen in a fictional world (e.g., \\\"I painted the house with my mind.\\\"). </div>\",\"response\":0,\"stimulus_0\":\"plucking a hair using\",\"stimulus_1\":\"shattering a window using\",\"condition_0\":\"inconceivable\",\"condition_1\":\"impossible\",\"continuation_0\":\"sympathy\",\"continuation_1\":\"confetti\",\"id_0\":47,\"id_1\":53,\"context_0\":\"They do not have tweezers, so they are\",\"context_1\":\"They do not have a stone, so they are\",\"task_type\":\"critical\",\"concept\":\"impossible\",\"trial_type\":\"html-button-response\",\"trial_index\":11,\"time_elapsed\":143704,\"internal_node_id\":\"0.0-1.0-0.8\",\"subject_id\":\"67d411652ada0a7584b2558e\",\"study_id\":\"67e2c7f5c9ee767149702482\",\"session_id\":\"67e2d6f4489e069ff57ac4be\",\"rng_seed\":\"0.31664040557126705\",\"response_label\":0,\"provided_context\":true},{\"rt\":11119,\"stimulus\":\"<div style=\\\"font-size:20px;\\\"><p>Which scenario is more impossible?</p>\\n  Reminder: <strong>Impossible</strong> means it cannot happen in our world given the laws of nature, but may happen in a fictional world (e.g., \\\"I painted the house with my mind.\\\"). </div>\",\"response\":1,\"stimulus_0\":\"sewing a shirt using\",\"stimulus_1\":\"crafting a bowl out of\",\"condition_0\":\"improbable\",\"condition_1\":\"impossible\",\"continuation_0\":\"a toothpick\",\"continuation_1\":\"smoke\",\"id_0\":52,\"id_1\":19,\"context_0\":\"They do not have a needle, so they are\",\"context_1\":\"They do not have clay, so they are\",\"task_type\":\"critical\",\"concept\":\"impossible\",\"trial_type\":\"html-button-response\",\"trial_index\":12,\"time_elapsed\":154824,\"internal_node_id\":\"0.0-1.0-0.9\",\"subject_id\":\"67d411652ada0a7584b2558e\",\"study_id\":\"67e2c7f5c9ee767149702482\",\"session_id\":\"67e2d6f4489e069ff57ac4be\",\"rng_seed\":\"0.31664040557126705\",\"response_label\":1,\"provided_context\":true},{\"rt\":8322,\"stimulus\":\"<div style=\\\"font-size:20px;\\\"><p>Which scenario is more impossible?</p>\\n  Reminder: <strong>Impossible</strong> means it cannot happen in our world given the laws of nature, but may happen in a fictional world (e.g., \\\"I painted the house with my mind.\\\"). </div>\",\"response\":1,\"stimulus_0\":\"squishing a blueberry using\",\"stimulus_1\":\"drinking a cup full of\",\"condition_0\":\"improbable\",\"condition_1\":\"inconceivable\",\"continuation_0\":\"[POSS] nose\",\"continuation_1\":\"minutes\",\"id_0\":58,\"id_1\":28,\"context_0\":\"They do not have fingers, so they are\",\"context_1\":\"They do not have water, so they are\",\"task_type\":\"critical\",\"concept\":\"impossible\",\"trial_type\":\"html-button-response\",\"trial_index\":13,\"time_elapsed\":163146,\"internal_node_id\":\"0.0-1.0-0.10\",\"subject_id\":\"67d411652ada0a7584b2558e\",\"study_id\":\"67e2c7f5c9ee767149702482\",\"session_id\":\"67e2d6f4489e069ff57ac4be\",\"rng_seed\":\"0.31664040557126705\",\"response_label\":1,\"provided_context\":true},{\"rt\":15263,\"stimulus\":\"<div style=\\\"font-size:20px;\\\"><p>Which scenario is more impossible?</p>\\n  Reminder: <strong>Impossible</strong> means it cannot happen in our world given the laws of nature, but may happen in a fictional world (e.g., \\\"I painted the house with my mind.\\\"). </div>\",\"response\":1,\"stimulus_0\":\"squishing a blueberry using\",\"stimulus_1\":\"shattering a window using\",\"condition_0\":\"improbable\",\"condition_1\":\"impossible\",\"continuation_0\":\"[POSS] nose\",\"continuation_1\":\"confetti\",\"id_0\":58,\"id_1\":53,\"context_0\":\"They do not have fingers, so they are\",\"context_1\":\"They do not have a stone, so they are\",\"task_type\":\"critical\",\"concept\":\"impossible\",\"trial_type\":\"html-button-response\",\"trial_index\":14,\"time_elapsed\":178411,\"internal_node_id\":\"0.0-1.0-0.11\",\"subject_id\":\"67d411652ada0a7584b2558e\",\"study_id\":\"67e2c7f5c9ee767149702482\",\"session_id\":\"67e2d6f4489e069ff57ac4be\",\"rng_seed\":\"0.31664040557126705\",\"response_label\":1,\"provided_context\":true},{\"rt\":1460,\"stimulus\":\"<div style=\\\"font-size:20px;\\\"><p>Follow the instructions below.</p></div>\",\"response\":0,\"stimulus_0\":\"squishing a blueberry using\",\"stimulus_1\":\"shattering a window using\",\"condition_0\":\"improbable\",\"condition_1\":\"impossible\",\"continuation_0\":\"[POSS] nose\",\"continuation_1\":\"confetti\",\"id_0\":58,\"id_1\":53,\"context_0\":\"They do not have fingers, so they are\",\"context_1\":\"They do not have a stone, so they are\",\"task_type\":\"attention_check\",\"choices\":[\"Click This Button!\",\"Don't Click This Button!\"],\"trial_type\":\"html-button-response\",\"trial_index\":15,\"time_elapsed\":179872,\"internal_node_id\":\"0.0-1.0-1.11-0.11\",\"subject_id\":\"67d411652ada0a7584b2558e\",\"study_id\":\"67e2c7f5c9ee767149702482\",\"session_id\":\"67e2d6f4489e069ff57ac4be\",\"rng_seed\":\"0.31664040557126705\"},{\"rt\":11992,\"stimulus\":\"<div style=\\\"font-size:20px;\\\"><p>Which scenario is more impossible?</p>\\n  Reminder: <strong>Impossible</strong> means it cannot happen in our world given the laws of nature, but may happen in a fictional world (e.g., \\\"I painted the house with my mind.\\\"). </div>\",\"response\":1,\"stimulus_0\":\"denting a car with\",\"stimulus_1\":\"drinking a cup full of\",\"condition_0\":\"improbable\",\"condition_1\":\"inconceivable\",\"continuation_0\":\"a dumbbell\",\"continuation_1\":\"minutes\",\"id_0\":23,\"id_1\":28,\"context_0\":\"They do not have a baseball bat, so they are\",\"context_1\":\"They do not have water, so they are\",\"task_type\":\"critical\",\"concept\":\"impossible\",\"trial_type\":\"html-button-response\",\"trial_index\":16,\"time_elapsed\":191865,\"internal_node_id\":\"0.0-1.0-0.12\",\"subject_id\":\"67d411652ada0a7584b2558e\",\"study_id\":\"67e2c7f5c9ee767149702482\",\"session_id\":\"67e2d6f4489e069ff57ac4be\",\"rng_seed\":\"0.31664040557126705\",\"response_label\":1,\"provided_context\":true},{\"rt\":10400,\"stimulus\":\"<div style=\\\"font-size:20px;\\\"><p>Which scenario is more impossible?</p>\\n  Reminder: <strong>Impossible</strong> means it cannot happen in our world given the laws of nature, but may happen in a fictional world (e.g., \\\"I painted the house with my mind.\\\"). </div>\",\"response\":1,\"stimulus_0\":\"carrying groceries inside\",\"stimulus_1\":\"building a bridge out of\",\"condition_0\":\"improbable\",\"condition_1\":\"improbable\",\"continuation_0\":\"a backpack\",\"continuation_1\":\"plastic\",\"id_0\":6,\"id_1\":4,\"context_0\":\"They do not have a tote bag, so they are\",\"context_1\":\"They do not have any steel, so they are\",\"task_type\":\"critical\",\"concept\":\"impossible\",\"trial_type\":\"html-button-response\",\"trial_index\":17,\"time_elapsed\":202265,\"internal_node_id\":\"0.0-1.0-0.13\",\"subject_id\":\"67d411652ada0a7584b2558e\",\"study_id\":\"67e2c7f5c9ee767149702482\",\"session_id\":\"67e2d6f4489e069ff57ac4be\",\"rng_seed\":\"0.31664040557126705\",\"response_label\":1,\"provided_context\":true},{\"rt\":7581,\"stimulus\":\"<div style=\\\"font-size:20px;\\\"><p>Which scenario is more impossible?</p>\\n  Reminder: <strong>Impossible</strong> means it cannot happen in our world given the laws of nature, but may happen in a fictional world (e.g., \\\"I painted the house with my mind.\\\"). </div>\",\"response\":1,\"stimulus_0\":\"squishing a blueberry using\",\"stimulus_1\":\"packing a suit inside\",\"condition_0\":\"improbable\",\"condition_1\":\"improbable\",\"continuation_0\":\"[POSS] nose\",\"continuation_1\":\"a pocket\",\"id_0\":58,\"id_1\":44,\"context_0\":\"They do not have fingers, so they are\",\"context_1\":\"They do not have a suitcase, so they are\",\"task_type\":\"critical\",\"concept\":\"impossible\",\"trial_type\":\"html-button-response\",\"trial_index\":18,\"time_elapsed\":209848,\"internal_node_id\":\"0.0-1.0-0.14\",\"subject_id\":\"67d411652ada0a7584b2558e\",\"study_id\":\"67e2c7f5c9ee767149702482\",\"session_id\":\"67e2d6f4489e069ff57ac4be\",\"rng_seed\":\"0.31664040557126705\",\"response_label\":1,\"provided_context\":true},{\"rt\":7118,\"stimulus\":\"<div style=\\\"font-size:20px;\\\"><p>Which scenario is more impossible?</p>\\n  Reminder: <strong>Impossible</strong> means it cannot happen in our world given the laws of nature, but may happen in a fictional world (e.g., \\\"I painted the house with my mind.\\\"). </div>\",\"response\":1,\"stimulus_0\":\"building a bridge out of\",\"stimulus_1\":\"drinking a cup full of\",\"condition_0\":\"improbable\",\"condition_1\":\"inconceivable\",\"continuation_0\":\"plastic\",\"continuation_1\":\"minutes\",\"id_0\":4,\"id_1\":28,\"context_0\":\"They do not have any steel, so they are\",\"context_1\":\"They do not have water, so they are\",\"task_type\":\"critical\",\"concept\":\"impossible\",\"trial_type\":\"html-button-response\",\"trial_index\":19,\"time_elapsed\":216966,\"internal_node_id\":\"0.0-1.0-0.15\",\"subject_id\":\"67d411652ada0a7584b2558e\",\"study_id\":\"67e2c7f5c9ee767149702482\",\"session_id\":\"67e2d6f4489e069ff57ac4be\",\"rng_seed\":\"0.31664040557126705\",\"response_label\":1,\"provided_context\":true},{\"rt\":1225,\"stimulus\":\"<div style=\\\"font-size:20px;\\\"><p>Follow the instructions below.</p></div>\",\"response\":1,\"stimulus_0\":\"building a bridge out of\",\"stimulus_1\":\"drinking a cup full of\",\"condition_0\":\"improbable\",\"condition_1\":\"inconceivable\",\"continuation_0\":\"plastic\",\"continuation_1\":\"minutes\",\"id_0\":4,\"id_1\":28,\"context_0\":\"They do not have any steel, so they are\",\"context_1\":\"They do not have water, so they are\",\"task_type\":\"attention_check\",\"choices\":[\"Don't Click This Button!\",\"Click This Button!\"],\"trial_type\":\"html-button-response\",\"trial_index\":20,\"time_elapsed\":218192,\"internal_node_id\":\"0.0-1.0-1.15-0.15\",\"subject_id\":\"67d411652ada0a7584b2558e\",\"study_id\":\"67e2c7f5c9ee767149702482\",\"session_id\":\"67e2d6f4489e069ff57ac4be\",\"rng_seed\":\"0.31664040557126705\"},{\"rt\":11072,\"stimulus\":\"<div style=\\\"font-size:20px;\\\"><p>Which scenario is more impossible?</p>\\n  Reminder: <strong>Impossible</strong> means it cannot happen in our world given the laws of nature, but may happen in a fictional world (e.g., \\\"I painted the house with my mind.\\\"). </div>\",\"response\":0,\"stimulus_0\":\"hanging a painting using\",\"stimulus_1\":\"shattering a window using\",\"condition_0\":\"inconceivable\",\"condition_1\":\"impossible\",\"continuation_0\":\"a handshake\",\"continuation_1\":\"confetti\",\"id_0\":36,\"id_1\":53,\"context_0\":\"They do not have screws, so they are\",\"context_1\":\"They do not have a stone, so they are\",\"task_type\":\"critical\",\"concept\":\"impossible\",\"trial_type\":\"html-button-response\",\"trial_index\":21,\"time_elapsed\":229266,\"internal_node_id\":\"0.0-1.0-0.16\",\"subject_id\":\"67d411652ada0a7584b2558e\",\"study_id\":\"67e2c7f5c9ee767149702482\",\"session_id\":\"67e2d6f4489e069ff57ac4be\",\"rng_seed\":\"0.31664040557126705\",\"response_label\":0,\"provided_context\":true},{\"rt\":2069,\"stimulus\":\"<div style=\\\"font-size:20px;\\\"><p>Which scenario is more impossible?</p>\\n  Reminder: <strong>Impossible</strong> means it cannot happen in our world given the laws of nature, but may happen in a fictional world (e.g., \\\"I painted the house with my mind.\\\"). </div>\",\"response\":0,\"stimulus_0\":\"denting a car with\",\"stimulus_1\":\"polishing jewelry using\",\"condition_0\":\"improbable\",\"condition_1\":\"impossible\",\"continuation_0\":\"a dumbbell\",\"continuation_1\":\"a chainsaw\",\"id_0\":23,\"id_1\":48,\"context_0\":\"They do not have a baseball bat, so they are\",\"context_1\":\"They do not have a cloth, so they are\",\"task_type\":\"critical\",\"concept\":\"impossible\",\"trial_type\":\"html-button-response\",\"trial_index\":22,\"time_elapsed\":231336,\"internal_node_id\":\"0.0-1.0-0.17\",\"subject_id\":\"67d411652ada0a7584b2558e\",\"study_id\":\"67e2c7f5c9ee767149702482\",\"session_id\":\"67e2d6f4489e069ff57ac4be\",\"rng_seed\":\"0.31664040557126705\",\"response_label\":0,\"provided_context\":true},{\"rt\":8219,\"stimulus\":\"<div style=\\\"font-size:20px;\\\"><p>Which scenario is more impossible?</p>\\n  Reminder: <strong>Impossible</strong> means it cannot happen in our world given the laws of nature, but may happen in a fictional world (e.g., \\\"I painted the house with my mind.\\\"). </div>\",\"response\":0,\"stimulus_0\":\"taking a vacation to\",\"stimulus_1\":\"drying laundry using\",\"condition_0\":\"impossible\",\"condition_1\":\"improbable\",\"continuation_0\":\"the sun\",\"continuation_1\":\"a fan\",\"id_0\":61,\"id_1\":30,\"context_0\":\"They are not near the beach, so they are\",\"context_1\":\"They do not have a clothesline, so they are\",\"task_type\":\"critical\",\"concept\":\"impossible\",\"trial_type\":\"html-button-response\",\"trial_index\":23,\"time_elapsed\":239556,\"internal_node_id\":\"0.0-1.0-0.18\",\"subject_id\":\"67d411652ada0a7584b2558e\",\"study_id\":\"67e2c7f5c9ee767149702482\",\"session_id\":\"67e2d6f4489e069ff57ac4be\",\"rng_seed\":\"0.31664040557126705\",\"response_label\":0,\"provided_context\":true},{\"rt\":9145,\"stimulus\":\"<div style=\\\"font-size:20px;\\\"><p>Which scenario is more impossible?</p>\\n  Reminder: <strong>Impossible</strong> means it cannot happen in our world given the laws of nature, but may happen in a fictional world (e.g., \\\"I painted the house with my mind.\\\"). </div>\",\"response\":1,\"stimulus_0\":\"drying laundry using\",\"stimulus_1\":\"crafting a bowl out of\",\"condition_0\":\"improbable\",\"condition_1\":\"impossible\",\"continuation_0\":\"a fan\",\"continuation_1\":\"smoke\",\"id_0\":30,\"id_1\":19,\"context_0\":\"They do not have a clothesline, so they are\",\"context_1\":\"They do not have clay, so they are\",\"task_type\":\"critical\",\"concept\":\"impossible\",\"trial_type\":\"html-button-response\",\"trial_index\":24,\"time_elapsed\":248702,\"internal_node_id\":\"0.0-1.0-0.19\",\"subject_id\":\"67d411652ada0a7584b2558e\",\"study_id\":\"67e2c7f5c9ee767149702482\",\"session_id\":\"67e2d6f4489e069ff57ac4be\",\"rng_seed\":\"0.31664040557126705\",\"response_label\":1,\"provided_context\":true},{\"rt\":1357,\"stimulus\":\"<div style=\\\"font-size:20px;\\\"><p>Follow the instructions below.</p></div>\",\"response\":1,\"stimulus_0\":\"drying laundry using\",\"stimulus_1\":\"crafting a bowl out of\",\"condition_0\":\"improbable\",\"condition_1\":\"impossible\",\"continuation_0\":\"a fan\",\"continuation_1\":\"smoke\",\"id_0\":30,\"id_1\":19,\"context_0\":\"They do not have a clothesline, so they are\",\"context_1\":\"They do not have clay, so they are\",\"task_type\":\"attention_check\",\"choices\":[\"Don't Click This Button!\",\"Click This Button!\"],\"trial_type\":\"html-button-response\",\"trial_index\":25,\"time_elapsed\":250060,\"internal_node_id\":\"0.0-1.0-1.19-0.19\",\"subject_id\":\"67d411652ada0a7584b2558e\",\"study_id\":\"67e2c7f5c9ee767149702482\",\"session_id\":\"67e2d6f4489e069ff57ac4be\",\"rng_seed\":\"0.31664040557126705\"},{\"rt\":23169,\"response\":{\"language\":\"English\",\"gender\":\"male\",\"feedback\":\"the study is cool\"},\"trial_type\":\"survey-text\",\"trial_index\":26,\"time_elapsed\":273237,\"internal_node_id\":\"0.0-2.0\",\"subject_id\":\"67d411652ada0a7584b2558e\",\"study_id\":\"67e2c7f5c9ee767149702482\",\"session_id\":\"67e2d6f4489e069ff57ac4be\",\"rng_seed\":\"0.31664040557126705\",\"task_type\":\"survey\"},{\"success\":true,\"completion_time\":\"2025-03-25T17:17:57.419Z\",\"exp_type\":\"gesture-beat-expt-pilot\"}]",
    "dir_path": "data/experiment_2_pilot"
}