{
    "prolific_data": {
        "subject_id": "66d05b7997ce961e1fe3c61c",
        "study_id": "67e2c7f5c9ee767149702482",
        "session_id": "67e2c965135615ba969ca243",
        "rng_seed": "0.4555110516981381"
    },
    "data": "[{\"rt\":6274,\"stimulus\":\"\\n  <div class=\\\"jspsych-content\\\" align=left style=\\\"width:100%;text-align: left;\\\">\\n  <h2>Hello, and welcome to our study!</h2>\\n      In this study, we will ask you to 25 questions.\\n      <p>\\n      In 20 of the questions, we will need your help deciding which statement is more <strong>improbable</strong>.\\n      </p>\\n      <strong>Improbable</strong> means it is possible, but unlikely (e.g., \\\"I painted the house with my hair.\\\").\\n      <p>\\n      The remaining questions will check to make sure that you are paying attention to the study.\\n      <p>\\n    <h3>IMPORTANT:</h3>\\n    <ul>\\n      <li>Respond as quickly as you can.</li>\\n      <li>Answer the questions based on what is possible given the physical laws of the real world.</li>\\n      <li>There are no right or wrong answers. We are simply interested in your intuitions.</li>\\n      </ul>\\n    Once you are done reading this page, please press SPACEBAR to continue.\\n    </p>\\n  </div>\\n  \",\"response\":\" \",\"trial_type\":\"html-keyboard-response\",\"trial_index\":0,\"time_elapsed\":6280,\"internal_node_id\":\"0.0-0.0\",\"subject_id\":\"66d05b7997ce961e1fe3c61c\",\"study_id\":\"67e2c7f5c9ee767149702482\",\"session_id\":\"67e2c965135615ba969ca243\",\"rng_seed\":\"0.4555110516981381\"},{\"rt\":22939,\"stimulus\":\"<div style=\\\"font-size:20px;\\\"><p>Which scenario is more improbable?</p>\\n  Reminder: <strong>Improbable</strong> means it is possible, but unlikely (e.g., \\\"I painted the house with my hair.\\\").</div>\",\"response\":0,\"stimulus_0\":\"crushing a soda can using\",\"stimulus_1\":\"squishing a blueberry using\",\"condition_0\":\"improbable\",\"condition_1\":\"improbable\",\"continuation_0\":\"a chair\",\"continuation_1\":\"[POSS] nose\",\"id_0\":20,\"id_1\":58,\"context_0\":\"They do not have a shoe, so they are\",\"context_1\":\"They do not have fingers, so they are\",\"task_type\":\"critical\",\"concept\":\"improbable\",\"trial_type\":\"html-button-response\",\"trial_index\":1,\"time_elapsed\":29222,\"internal_node_id\":\"0.0-1.0-0.0\",\"subject_id\":\"66d05b7997ce961e1fe3c61c\",\"study_id\":\"67e2c7f5c9ee767149702482\",\"session_id\":\"67e2c965135615ba969ca243\",\"rng_seed\":\"0.4555110516981381\",\"response_label\":0,\"provided_context\":true},{\"rt\":15858,\"stimulus\":\"<div style=\\\"font-size:20px;\\\"><p>Which scenario is more improbable?</p>\\n  Reminder: <strong>Improbable</strong> means it is possible, but unlikely (e.g., \\\"I painted the house with my hair.\\\").</div>\",\"response\":0,\"stimulus_0\":\"shattering a window using\",\"stimulus_1\":\"carving a statue using\",\"condition_0\":\"impossible\",\"condition_1\":\"impossible\",\"continuation_0\":\"confetti\",\"continuation_1\":\"a sock\",\"id_0\":53,\"id_1\":7,\"context_0\":\"They do not have a stone, so they are\",\"context_1\":\"They do not have a chisel, so they are\",\"task_type\":\"critical\",\"concept\":\"improbable\",\"trial_type\":\"html-button-response\",\"trial_index\":2,\"time_elapsed\":45084,\"internal_node_id\":\"0.0-1.0-0.1\",\"subject_id\":\"66d05b7997ce961e1fe3c61c\",\"study_id\":\"67e2c7f5c9ee767149702482\",\"session_id\":\"67e2c965135615ba969ca243\",\"rng_seed\":\"0.4555110516981381\",\"response_label\":0,\"provided_context\":true},{\"rt\":6782,\"stimulus\":\"<div style=\\\"font-size:20px;\\\"><p>Which scenario is more improbable?</p>\\n  Reminder: <strong>Improbable</strong> means it is possible, but unlikely (e.g., \\\"I painted the house with my hair.\\\").</div>\",\"response\":1,\"stimulus_0\":\"filling a bucket with\",\"stimulus_1\":\"sewing a shirt using\",\"condition_0\":\"impossible\",\"condition_1\":\"improbable\",\"continuation_0\":\"buildings\",\"continuation_1\":\"a toothpick\",\"id_0\":33,\"id_1\":52,\"context_0\":\"They are not near sand, so they are\",\"context_1\":\"They do not have a needle, so they are\",\"task_type\":\"critical\",\"concept\":\"improbable\",\"trial_type\":\"html-button-response\",\"trial_index\":3,\"time_elapsed\":51869,\"internal_node_id\":\"0.0-1.0-0.2\",\"subject_id\":\"66d05b7997ce961e1fe3c61c\",\"study_id\":\"67e2c7f5c9ee767149702482\",\"session_id\":\"67e2c965135615ba969ca243\",\"rng_seed\":\"0.4555110516981381\",\"response_label\":1,\"provided_context\":true},{\"rt\":4866,\"stimulus\":\"<div style=\\\"font-size:20px;\\\"><p>Which scenario is more improbable?</p>\\n  Reminder: <strong>Improbable</strong> means it is possible, but unlikely (e.g., \\\"I painted the house with my hair.\\\").</div>\",\"response\":1,\"stimulus_0\":\"shaving [POSS] beard using\",\"stimulus_1\":\"denting a car with\",\"condition_0\":\"inconceivable\",\"condition_1\":\"improbable\",\"continuation_0\":\"a belief\",\"continuation_1\":\"a dumbbell\",\"id_0\":54,\"id_1\":23,\"context_0\":\"They do not have a razor, so they are\",\"context_1\":\"They do not have a baseball bat, so they are\",\"task_type\":\"critical\",\"concept\":\"improbable\",\"trial_type\":\"html-button-response\",\"trial_index\":4,\"time_elapsed\":56739,\"internal_node_id\":\"0.0-1.0-0.3\",\"subject_id\":\"66d05b7997ce961e1fe3c61c\",\"study_id\":\"67e2c7f5c9ee767149702482\",\"session_id\":\"67e2c965135615ba969ca243\",\"rng_seed\":\"0.4555110516981381\",\"response_label\":1,\"provided_context\":true},{\"rt\":3487,\"stimulus\":\"<div style=\\\"font-size:20px;\\\"><p>Follow the instructions below.</p></div>\",\"response\":1,\"stimulus_0\":\"shaving [POSS] beard using\",\"stimulus_1\":\"denting a car with\",\"condition_0\":\"inconceivable\",\"condition_1\":\"improbable\",\"continuation_0\":\"a belief\",\"continuation_1\":\"a dumbbell\",\"id_0\":54,\"id_1\":23,\"context_0\":\"They do not have a razor, so they are\",\"context_1\":\"They do not have a baseball bat, so they are\",\"task_type\":\"attention_check\",\"choices\":[\"Don't Click This Button!\",\"Click This Button!\"],\"trial_type\":\"html-button-response\",\"trial_index\":5,\"time_elapsed\":60228,\"internal_node_id\":\"0.0-1.0-1.3-0.3\",\"subject_id\":\"66d05b7997ce961e1fe3c61c\",\"study_id\":\"67e2c7f5c9ee767149702482\",\"session_id\":\"67e2c965135615ba969ca243\",\"rng_seed\":\"0.4555110516981381\"},{\"rt\":7451,\"stimulus\":\"<div style=\\\"font-size:20px;\\\"><p>Which scenario is more improbable?</p>\\n  Reminder: <strong>Improbable</strong> means it is possible, but unlikely (e.g., \\\"I painted the house with my hair.\\\").</div>\",\"response\":1,\"stimulus_0\":\"cleaning a spill using\",\"stimulus_1\":\"lighting a candle using\",\"condition_0\":\"inconceivable\",\"condition_1\":\"impossible\",\"continuation_0\":\"a country\",\"continuation_1\":\"yogurt\",\"id_0\":11,\"id_1\":39,\"context_0\":\"They do not have a sponge, so they are\",\"context_1\":\"They do not have a match, so they are\",\"task_type\":\"critical\",\"concept\":\"improbable\",\"trial_type\":\"html-button-response\",\"trial_index\":6,\"time_elapsed\":67684,\"internal_node_id\":\"0.0-1.0-0.4\",\"subject_id\":\"66d05b7997ce961e1fe3c61c\",\"study_id\":\"67e2c7f5c9ee767149702482\",\"session_id\":\"67e2c965135615ba969ca243\",\"rng_seed\":\"0.4555110516981381\",\"response_label\":1,\"provided_context\":true},{\"rt\":7709,\"stimulus\":\"<div style=\\\"font-size:20px;\\\"><p>Which scenario is more improbable?</p>\\n  Reminder: <strong>Improbable</strong> means it is possible, but unlikely (e.g., \\\"I painted the house with my hair.\\\").</div>\",\"response\":0,\"stimulus_0\":\"carving a statue using\",\"stimulus_1\":\"drinking a cup full of\",\"condition_0\":\"impossible\",\"condition_1\":\"inconceivable\",\"continuation_0\":\"a sock\",\"continuation_1\":\"minutes\",\"id_0\":7,\"id_1\":28,\"context_0\":\"They do not have a chisel, so they are\",\"context_1\":\"They do not have water, so they are\",\"task_type\":\"critical\",\"concept\":\"improbable\",\"trial_type\":\"html-button-response\",\"trial_index\":7,\"time_elapsed\":75397,\"internal_node_id\":\"0.0-1.0-0.5\",\"subject_id\":\"66d05b7997ce961e1fe3c61c\",\"study_id\":\"67e2c7f5c9ee767149702482\",\"session_id\":\"67e2c965135615ba969ca243\",\"rng_seed\":\"0.4555110516981381\",\"response_label\":0,\"provided_context\":true},{\"rt\":10832,\"stimulus\":\"<div style=\\\"font-size:20px;\\\"><p>Which scenario is more improbable?</p>\\n  Reminder: <strong>Improbable</strong> means it is possible, but unlikely (e.g., \\\"I painted the house with my hair.\\\").</div>\",\"response\":0,\"stimulus_0\":\"shaving [POSS] beard using\",\"stimulus_1\":\"baking a cake inside\",\"condition_0\":\"inconceivable\",\"condition_1\":\"inconceivable\",\"continuation_0\":\"a belief\",\"continuation_1\":\"a sigh\",\"id_0\":54,\"id_1\":0,\"context_0\":\"They do not have a razor, so they are\",\"context_1\":\"They do not have an oven, so they are\",\"task_type\":\"critical\",\"concept\":\"improbable\",\"trial_type\":\"html-button-response\",\"trial_index\":8,\"time_elapsed\":87240,\"internal_node_id\":\"0.0-1.0-0.6\",\"subject_id\":\"66d05b7997ce961e1fe3c61c\",\"study_id\":\"67e2c7f5c9ee767149702482\",\"session_id\":\"67e2c965135615ba969ca243\",\"rng_seed\":\"0.4555110516981381\",\"response_label\":0,\"provided_context\":true},{\"rt\":5220,\"stimulus\":\"<div style=\\\"font-size:20px;\\\"><p>Which scenario is more improbable?</p>\\n  Reminder: <strong>Improbable</strong> means it is possible, but unlikely (e.g., \\\"I painted the house with my hair.\\\").</div>\",\"response\":1,\"stimulus_0\":\"plucking a hair using\",\"stimulus_1\":\"denting a car with\",\"condition_0\":\"inconceivable\",\"condition_1\":\"improbable\",\"continuation_0\":\"sympathy\",\"continuation_1\":\"a dumbbell\",\"id_0\":47,\"id_1\":23,\"context_0\":\"They do not have tweezers, so they are\",\"context_1\":\"They do not have a baseball bat, so they are\",\"task_type\":\"critical\",\"concept\":\"improbable\",\"trial_type\":\"html-button-response\",\"trial_index\":9,\"time_elapsed\":92463,\"internal_node_id\":\"0.0-1.0-0.7\",\"subject_id\":\"66d05b7997ce961e1fe3c61c\",\"study_id\":\"67e2c7f5c9ee767149702482\",\"session_id\":\"67e2c965135615ba969ca243\",\"rng_seed\":\"0.4555110516981381\",\"response_label\":1,\"provided_context\":true},{\"rt\":2510,\"stimulus\":\"<div style=\\\"font-size:20px;\\\"><p>Follow the instructions below.</p></div>\",\"response\":0,\"stimulus_0\":\"plucking a hair using\",\"stimulus_1\":\"denting a car with\",\"condition_0\":\"inconceivable\",\"condition_1\":\"improbable\",\"continuation_0\":\"sympathy\",\"continuation_1\":\"a dumbbell\",\"id_0\":47,\"id_1\":23,\"context_0\":\"They do not have tweezers, so they are\",\"context_1\":\"They do not have a baseball bat, so they are\",\"task_type\":\"attention_check\",\"choices\":[\"Click This Button!\",\"Don't Click This Button!\"],\"trial_type\":\"html-button-response\",\"trial_index\":10,\"time_elapsed\":94976,\"internal_node_id\":\"0.0-1.0-1.7-0.7\",\"subject_id\":\"66d05b7997ce961e1fe3c61c\",\"study_id\":\"67e2c7f5c9ee767149702482\",\"session_id\":\"67e2c965135615ba969ca243\",\"rng_seed\":\"0.4555110516981381\"},{\"rt\":4878,\"stimulus\":\"<div style=\\\"font-size:20px;\\\"><p>Which scenario is more improbable?</p>\\n  Reminder: <strong>Improbable</strong> means it is possible, but unlikely (e.g., \\\"I painted the house with my hair.\\\").</div>\",\"response\":0,\"stimulus_0\":\"building a bridge out of\",\"stimulus_1\":\"writing an equation on\",\"condition_0\":\"improbable\",\"condition_1\":\"inconceivable\",\"continuation_0\":\"plastic\",\"continuation_1\":\"a scream\",\"id_0\":4,\"id_1\":69,\"context_0\":\"They do not have any steel, so they are\",\"context_1\":\"They do not have a chalkboard, so they are\",\"task_type\":\"critical\",\"concept\":\"improbable\",\"trial_type\":\"html-button-response\",\"trial_index\":11,\"time_elapsed\":99858,\"internal_node_id\":\"0.0-1.0-0.8\",\"subject_id\":\"66d05b7997ce961e1fe3c61c\",\"study_id\":\"67e2c7f5c9ee767149702482\",\"session_id\":\"67e2c965135615ba969ca243\",\"rng_seed\":\"0.4555110516981381\",\"response_label\":0,\"provided_context\":true},{\"rt\":4440,\"stimulus\":\"<div style=\\\"font-size:20px;\\\"><p>Which scenario is more improbable?</p>\\n  Reminder: <strong>Improbable</strong> means it is possible, but unlikely (e.g., \\\"I painted the house with my hair.\\\").</div>\",\"response\":0,\"stimulus_0\":\"denting a car with\",\"stimulus_1\":\"filling a bucket with\",\"condition_0\":\"improbable\",\"condition_1\":\"impossible\",\"continuation_0\":\"a dumbbell\",\"continuation_1\":\"buildings\",\"id_0\":23,\"id_1\":33,\"context_0\":\"They do not have a baseball bat, so they are\",\"context_1\":\"They are not near sand, so they are\",\"task_type\":\"critical\",\"concept\":\"improbable\",\"trial_type\":\"html-button-response\",\"trial_index\":12,\"time_elapsed\":104301,\"internal_node_id\":\"0.0-1.0-0.9\",\"subject_id\":\"66d05b7997ce961e1fe3c61c\",\"study_id\":\"67e2c7f5c9ee767149702482\",\"session_id\":\"67e2c965135615ba969ca243\",\"rng_seed\":\"0.4555110516981381\",\"response_label\":0,\"provided_context\":true},{\"rt\":5670,\"stimulus\":\"<div style=\\\"font-size:20px;\\\"><p>Which scenario is more improbable?</p>\\n  Reminder: <strong>Improbable</strong> means it is possible, but unlikely (e.g., \\\"I painted the house with my hair.\\\").</div>\",\"response\":1,\"stimulus_0\":\"cooking dinner out of\",\"stimulus_1\":\"cleaning a spill using\",\"condition_0\":\"impossible\",\"condition_1\":\"inconceivable\",\"continuation_0\":\"the moon\",\"continuation_1\":\"a country\",\"id_0\":16,\"id_1\":11,\"context_0\":\"They do not have pasta, so they are\",\"context_1\":\"They do not have a sponge, so they are\",\"task_type\":\"critical\",\"concept\":\"improbable\",\"trial_type\":\"html-button-response\",\"trial_index\":13,\"time_elapsed\":109975,\"internal_node_id\":\"0.0-1.0-0.10\",\"subject_id\":\"66d05b7997ce961e1fe3c61c\",\"study_id\":\"67e2c7f5c9ee767149702482\",\"session_id\":\"67e2c965135615ba969ca243\",\"rng_seed\":\"0.4555110516981381\",\"response_label\":1,\"provided_context\":true},{\"rt\":8309,\"stimulus\":\"<div style=\\\"font-size:20px;\\\"><p>Which scenario is more improbable?</p>\\n  Reminder: <strong>Improbable</strong> means it is possible, but unlikely (e.g., \\\"I painted the house with my hair.\\\").</div>\",\"response\":0,\"stimulus_0\":\"building a bridge out of\",\"stimulus_1\":\"packing a suit inside\",\"condition_0\":\"improbable\",\"condition_1\":\"improbable\",\"continuation_0\":\"plastic\",\"continuation_1\":\"a pocket\",\"id_0\":4,\"id_1\":44,\"context_0\":\"They do not have any steel, so they are\",\"context_1\":\"They do not have a suitcase, so they are\",\"task_type\":\"critical\",\"concept\":\"improbable\",\"trial_type\":\"html-button-response\",\"trial_index\":14,\"time_elapsed\":118286,\"internal_node_id\":\"0.0-1.0-0.11\",\"subject_id\":\"66d05b7997ce961e1fe3c61c\",\"study_id\":\"67e2c7f5c9ee767149702482\",\"session_id\":\"67e2c965135615ba969ca243\",\"rng_seed\":\"0.4555110516981381\",\"response_label\":0,\"provided_context\":true},{\"rt\":2280,\"stimulus\":\"<div style=\\\"font-size:20px;\\\"><p>Follow the instructions below.</p></div>\",\"response\":1,\"stimulus_0\":\"building a bridge out of\",\"stimulus_1\":\"packing a suit inside\",\"condition_0\":\"improbable\",\"condition_1\":\"improbable\",\"continuation_0\":\"plastic\",\"continuation_1\":\"a pocket\",\"id_0\":4,\"id_1\":44,\"context_0\":\"They do not have any steel, so they are\",\"context_1\":\"They do not have a suitcase, so they are\",\"task_type\":\"attention_check\",\"choices\":[\"Don't Click This Button!\",\"Click This Button!\"],\"trial_type\":\"html-button-response\",\"trial_index\":15,\"time_elapsed\":120568,\"internal_node_id\":\"0.0-1.0-1.11-0.11\",\"subject_id\":\"66d05b7997ce961e1fe3c61c\",\"study_id\":\"67e2c7f5c9ee767149702482\",\"session_id\":\"67e2c965135615ba969ca243\",\"rng_seed\":\"0.4555110516981381\"},{\"rt\":5501,\"stimulus\":\"<div style=\\\"font-size:20px;\\\"><p>Which scenario is more improbable?</p>\\n  Reminder: <strong>Improbable</strong> means it is possible, but unlikely (e.g., \\\"I painted the house with my hair.\\\").</div>\",\"response\":1,\"stimulus_0\":\"cooling a room using\",\"stimulus_1\":\"squishing a blueberry using\",\"condition_0\":\"inconceivable\",\"condition_1\":\"improbable\",\"continuation_0\":\"a taste\",\"continuation_1\":\"[POSS] nose\",\"id_0\":17,\"id_1\":58,\"context_0\":\"They do not have a fan, so they are\",\"context_1\":\"They do not have fingers, so they are\",\"task_type\":\"critical\",\"concept\":\"improbable\",\"trial_type\":\"html-button-response\",\"trial_index\":16,\"time_elapsed\":126072,\"internal_node_id\":\"0.0-1.0-0.12\",\"subject_id\":\"66d05b7997ce961e1fe3c61c\",\"study_id\":\"67e2c7f5c9ee767149702482\",\"session_id\":\"67e2c965135615ba969ca243\",\"rng_seed\":\"0.4555110516981381\",\"response_label\":1,\"provided_context\":true},{\"rt\":6586,\"stimulus\":\"<div style=\\\"font-size:20px;\\\"><p>Which scenario is more improbable?</p>\\n  Reminder: <strong>Improbable</strong> means it is possible, but unlikely (e.g., \\\"I painted the house with my hair.\\\").</div>\",\"response\":1,\"stimulus_0\":\"drinking a cup full of\",\"stimulus_1\":\"cooling a room using\",\"condition_0\":\"inconceivable\",\"condition_1\":\"inconceivable\",\"continuation_0\":\"minutes\",\"continuation_1\":\"a taste\",\"id_0\":28,\"id_1\":17,\"context_0\":\"They do not have water, so they are\",\"context_1\":\"They do not have a fan, so they are\",\"task_type\":\"critical\",\"concept\":\"improbable\",\"trial_type\":\"html-button-response\",\"trial_index\":17,\"time_elapsed\":132662,\"internal_node_id\":\"0.0-1.0-0.13\",\"subject_id\":\"66d05b7997ce961e1fe3c61c\",\"study_id\":\"67e2c7f5c9ee767149702482\",\"session_id\":\"67e2c965135615ba969ca243\",\"rng_seed\":\"0.4555110516981381\",\"response_label\":1,\"provided_context\":true},{\"rt\":5233,\"stimulus\":\"<div style=\\\"font-size:20px;\\\"><p>Which scenario is more improbable?</p>\\n  Reminder: <strong>Improbable</strong> means it is possible, but unlikely (e.g., \\\"I painted the house with my hair.\\\").</div>\",\"response\":1,\"stimulus_0\":\"drinking a cup full of\",\"stimulus_1\":\"eating soup using\",\"condition_0\":\"inconceivable\",\"condition_1\":\"improbable\",\"continuation_0\":\"minutes\",\"continuation_1\":\"a bucket\",\"id_0\":28,\"id_1\":31,\"context_0\":\"They do not have water, so they are\",\"context_1\":\"They do not have a spoon, so they are\",\"task_type\":\"critical\",\"concept\":\"improbable\",\"trial_type\":\"html-button-response\",\"trial_index\":18,\"time_elapsed\":137896,\"internal_node_id\":\"0.0-1.0-0.14\",\"subject_id\":\"66d05b7997ce961e1fe3c61c\",\"study_id\":\"67e2c7f5c9ee767149702482\",\"session_id\":\"67e2c965135615ba969ca243\",\"rng_seed\":\"0.4555110516981381\",\"response_label\":1,\"provided_context\":true},{\"rt\":4233,\"stimulus\":\"<div style=\\\"font-size:20px;\\\"><p>Which scenario is more improbable?</p>\\n  Reminder: <strong>Improbable</strong> means it is possible, but unlikely (e.g., \\\"I painted the house with my hair.\\\").</div>\",\"response\":0,\"stimulus_0\":\"catching a fish in\",\"stimulus_1\":\"crafting a bowl out of\",\"condition_0\":\"improbable\",\"condition_1\":\"impossible\",\"continuation_0\":\"a puddle\",\"continuation_1\":\"smoke\",\"id_0\":8,\"id_1\":19,\"context_0\":\"They are not near a lake, so they are\",\"context_1\":\"They do not have clay, so they are\",\"task_type\":\"critical\",\"concept\":\"improbable\",\"trial_type\":\"html-button-response\",\"trial_index\":19,\"time_elapsed\":142132,\"internal_node_id\":\"0.0-1.0-0.15\",\"subject_id\":\"66d05b7997ce961e1fe3c61c\",\"study_id\":\"67e2c7f5c9ee767149702482\",\"session_id\":\"67e2c965135615ba969ca243\",\"rng_seed\":\"0.4555110516981381\",\"response_label\":0,\"provided_context\":true},{\"rt\":1864,\"stimulus\":\"<div style=\\\"font-size:20px;\\\"><p>Follow the instructions below.</p></div>\",\"response\":1,\"stimulus_0\":\"catching a fish in\",\"stimulus_1\":\"crafting a bowl out of\",\"condition_0\":\"improbable\",\"condition_1\":\"impossible\",\"continuation_0\":\"a puddle\",\"continuation_1\":\"smoke\",\"id_0\":8,\"id_1\":19,\"context_0\":\"They are not near a lake, so they are\",\"context_1\":\"They do not have clay, so they are\",\"task_type\":\"attention_check\",\"choices\":[\"Don't Click This Button!\",\"Click This Button!\"],\"trial_type\":\"html-button-response\",\"trial_index\":20,\"time_elapsed\":144000,\"internal_node_id\":\"0.0-1.0-1.15-0.15\",\"subject_id\":\"66d05b7997ce961e1fe3c61c\",\"study_id\":\"67e2c7f5c9ee767149702482\",\"session_id\":\"67e2c965135615ba969ca243\",\"rng_seed\":\"0.4555110516981381\"},{\"rt\":4694,\"stimulus\":\"<div style=\\\"font-size:20px;\\\"><p>Which scenario is more improbable?</p>\\n  Reminder: <strong>Improbable</strong> means it is possible, but unlikely (e.g., \\\"I painted the house with my hair.\\\").</div>\",\"response\":0,\"stimulus_0\":\"denting a car with\",\"stimulus_1\":\"catching a fish in\",\"condition_0\":\"improbable\",\"condition_1\":\"improbable\",\"continuation_0\":\"a dumbbell\",\"continuation_1\":\"a puddle\",\"id_0\":23,\"id_1\":8,\"context_0\":\"They do not have a baseball bat, so they are\",\"context_1\":\"They are not near a lake, so they are\",\"task_type\":\"critical\",\"concept\":\"improbable\",\"trial_type\":\"html-button-response\",\"trial_index\":21,\"time_elapsed\":148697,\"internal_node_id\":\"0.0-1.0-0.16\",\"subject_id\":\"66d05b7997ce961e1fe3c61c\",\"study_id\":\"67e2c7f5c9ee767149702482\",\"session_id\":\"67e2c965135615ba969ca243\",\"rng_seed\":\"0.4555110516981381\",\"response_label\":0,\"provided_context\":true},{\"rt\":3147,\"stimulus\":\"<div style=\\\"font-size:20px;\\\"><p>Which scenario is more improbable?</p>\\n  Reminder: <strong>Improbable</strong> means it is possible, but unlikely (e.g., \\\"I painted the house with my hair.\\\").</div>\",\"response\":1,\"stimulus_0\":\"cooling a room using\",\"stimulus_1\":\"squishing a blueberry using\",\"condition_0\":\"inconceivable\",\"condition_1\":\"improbable\",\"continuation_0\":\"a taste\",\"continuation_1\":\"[POSS] nose\",\"id_0\":17,\"id_1\":58,\"context_0\":\"They do not have a fan, so they are\",\"context_1\":\"They do not have fingers, so they are\",\"task_type\":\"critical\",\"concept\":\"improbable\",\"trial_type\":\"html-button-response\",\"trial_index\":22,\"time_elapsed\":151847,\"internal_node_id\":\"0.0-1.0-0.17\",\"subject_id\":\"66d05b7997ce961e1fe3c61c\",\"study_id\":\"67e2c7f5c9ee767149702482\",\"session_id\":\"67e2c965135615ba969ca243\",\"rng_seed\":\"0.4555110516981381\",\"response_label\":1,\"provided_context\":true},{\"rt\":4965,\"stimulus\":\"<div style=\\\"font-size:20px;\\\"><p>Which scenario is more improbable?</p>\\n  Reminder: <strong>Improbable</strong> means it is possible, but unlikely (e.g., \\\"I painted the house with my hair.\\\").</div>\",\"response\":1,\"stimulus_0\":\"packing a suit inside\",\"stimulus_1\":\"denting a car with\",\"condition_0\":\"improbable\",\"condition_1\":\"improbable\",\"continuation_0\":\"a pocket\",\"continuation_1\":\"a dumbbell\",\"id_0\":44,\"id_1\":23,\"context_0\":\"They do not have a suitcase, so they are\",\"context_1\":\"They do not have a baseball bat, so they are\",\"task_type\":\"critical\",\"concept\":\"improbable\",\"trial_type\":\"html-button-response\",\"trial_index\":23,\"time_elapsed\":156815,\"internal_node_id\":\"0.0-1.0-0.18\",\"subject_id\":\"66d05b7997ce961e1fe3c61c\",\"study_id\":\"67e2c7f5c9ee767149702482\",\"session_id\":\"67e2c965135615ba969ca243\",\"rng_seed\":\"0.4555110516981381\",\"response_label\":1,\"provided_context\":true},{\"rt\":4708,\"stimulus\":\"<div style=\\\"font-size:20px;\\\"><p>Which scenario is more improbable?</p>\\n  Reminder: <strong>Improbable</strong> means it is possible, but unlikely (e.g., \\\"I painted the house with my hair.\\\").</div>\",\"response\":0,\"stimulus_0\":\"cooking dinner out of\",\"stimulus_1\":\"plucking a hair using\",\"condition_0\":\"impossible\",\"condition_1\":\"inconceivable\",\"continuation_0\":\"the moon\",\"continuation_1\":\"sympathy\",\"id_0\":16,\"id_1\":47,\"context_0\":\"They do not have pasta, so they are\",\"context_1\":\"They do not have tweezers, so they are\",\"task_type\":\"critical\",\"concept\":\"improbable\",\"trial_type\":\"html-button-response\",\"trial_index\":24,\"time_elapsed\":161524,\"internal_node_id\":\"0.0-1.0-0.19\",\"subject_id\":\"66d05b7997ce961e1fe3c61c\",\"study_id\":\"67e2c7f5c9ee767149702482\",\"session_id\":\"67e2c965135615ba969ca243\",\"rng_seed\":\"0.4555110516981381\",\"response_label\":0,\"provided_context\":true},{\"rt\":1768,\"stimulus\":\"<div style=\\\"font-size:20px;\\\"><p>Follow the instructions below.</p></div>\",\"response\":0,\"stimulus_0\":\"cooking dinner out of\",\"stimulus_1\":\"plucking a hair using\",\"condition_0\":\"impossible\",\"condition_1\":\"inconceivable\",\"continuation_0\":\"the moon\",\"continuation_1\":\"sympathy\",\"id_0\":16,\"id_1\":47,\"context_0\":\"They do not have pasta, so they are\",\"context_1\":\"They do not have tweezers, so they are\",\"task_type\":\"attention_check\",\"choices\":[\"Click This Button!\",\"Don't Click This Button!\"],\"trial_type\":\"html-button-response\",\"trial_index\":25,\"time_elapsed\":163294,\"internal_node_id\":\"0.0-1.0-1.19-0.19\",\"subject_id\":\"66d05b7997ce961e1fe3c61c\",\"study_id\":\"67e2c7f5c9ee767149702482\",\"session_id\":\"67e2c965135615ba969ca243\",\"rng_seed\":\"0.4555110516981381\"},{\"rt\":10126,\"response\":{\"language\":\"English\",\"gender\":\"Male\",\"feedback\":\"\"},\"trial_type\":\"survey-text\",\"trial_index\":26,\"time_elapsed\":173513,\"internal_node_id\":\"0.0-2.0\",\"subject_id\":\"66d05b7997ce961e1fe3c61c\",\"study_id\":\"67e2c7f5c9ee767149702482\",\"session_id\":\"67e2c965135615ba969ca243\",\"rng_seed\":\"0.4555110516981381\",\"task_type\":\"survey\"},{\"success\":true,\"completion_time\":\"2025-03-25T15:22:22.638Z\",\"exp_type\":\"gesture-beat-expt-pilot\"}]",
    "dir_path": "data/experiment_2_pilot"
}