{
    "prolific_data": {
        "subject_id": "653fed546a45118a32fe378e",
        "study_id": "67e2c7f5c9ee767149702482",
        "session_id": "67e2d11da18461676c50b5a9",
        "rng_seed": "0.20522016272309673"
    },
    "data": "[{\"rt\":15947,\"stimulus\":\"\\n  <div class=\\\"jspsych-content\\\" align=left style=\\\"width:100%;text-align: left;\\\">\\n  <h2>Hello, and welcome to our study!</h2>\\n      In this study, we will ask you to 25 questions.\\n      <p>\\n      In 20 of the questions, we will need your help deciding which statement is more <strong>impossible</strong>.\\n      </p>\\n      <strong>Impossible</strong> means it cannot happen in our world given the laws of nature, but may happen in a fictional world (e.g., \\\"I painted the house with my mind.\\\"). \\n      <p>\\n      The remaining questions will check to make sure that you are paying attention to the study.\\n      <p>\\n    <h3>IMPORTANT:</h3>\\n    <ul>\\n      <li>Respond as quickly as you can.</li>\\n      <li>Answer the questions based on what is possible given the physical laws of the real world.</li>\\n      <li>There are no right or wrong answers. We are simply interested in your intuitions.</li>\\n      </ul>\\n    Once you are done reading this page, please press SPACEBAR to continue.\\n    </p>\\n  </div>\\n  \",\"response\":\" \",\"trial_type\":\"html-keyboard-response\",\"trial_index\":0,\"time_elapsed\":15954,\"internal_node_id\":\"0.0-0.0\",\"subject_id\":\"653fed546a45118a32fe378e\",\"study_id\":\"67e2c7f5c9ee767149702482\",\"session_id\":\"67e2d11da18461676c50b5a9\",\"rng_seed\":\"0.20522016272309673\"},{\"rt\":16985,\"stimulus\":\"<div style=\\\"font-size:20px;\\\"><p>Which scenario is more impossible?</p>\\n  Reminder: <strong>Impossible</strong> means it cannot happen in our world given the laws of nature, but may happen in a fictional world (e.g., \\\"I painted the house with my mind.\\\"). </div>\",\"response\":1,\"stimulus_0\":\"filling a bucket with\",\"stimulus_1\":\"shattering a window using\",\"condition_0\":\"impossible\",\"condition_1\":\"impossible\",\"continuation_0\":\"buildings\",\"continuation_1\":\"confetti\",\"id_0\":33,\"id_1\":53,\"context_0\":\"They are not near sand, so they are\",\"context_1\":\"They do not have a stone, so they are\",\"task_type\":\"critical\",\"concept\":\"impossible\",\"trial_type\":\"html-button-response\",\"trial_index\":1,\"time_elapsed\":32944,\"internal_node_id\":\"0.0-1.0-0.0\",\"subject_id\":\"653fed546a45118a32fe378e\",\"study_id\":\"67e2c7f5c9ee767149702482\",\"session_id\":\"67e2d11da18461676c50b5a9\",\"rng_seed\":\"0.20522016272309673\",\"response_label\":1,\"provided_context\":true},{\"rt\":9587,\"stimulus\":\"<div style=\\\"font-size:20px;\\\"><p>Which scenario is more impossible?</p>\\n  Reminder: <strong>Impossible</strong> means it cannot happen in our world given the laws of nature, but may happen in a fictional world (e.g., \\\"I painted the house with my mind.\\\"). </div>\",\"response\":1,\"stimulus_0\":\"writing an equation on\",\"stimulus_1\":\"cooking dinner out of\",\"condition_0\":\"inconceivable\",\"condition_1\":\"impossible\",\"continuation_0\":\"a scream\",\"continuation_1\":\"the moon\",\"id_0\":69,\"id_1\":16,\"context_0\":\"They do not have a chalkboard, so they are\",\"context_1\":\"They do not have pasta, so they are\",\"task_type\":\"critical\",\"concept\":\"impossible\",\"trial_type\":\"html-button-response\",\"trial_index\":2,\"time_elapsed\":42535,\"internal_node_id\":\"0.0-1.0-0.1\",\"subject_id\":\"653fed546a45118a32fe378e\",\"study_id\":\"67e2c7f5c9ee767149702482\",\"session_id\":\"67e2d11da18461676c50b5a9\",\"rng_seed\":\"0.20522016272309673\",\"response_label\":1,\"provided_context\":true},{\"rt\":5679,\"stimulus\":\"<div style=\\\"font-size:20px;\\\"><p>Which scenario is more impossible?</p>\\n  Reminder: <strong>Impossible</strong> means it cannot happen in our world given the laws of nature, but may happen in a fictional world (e.g., \\\"I painted the house with my mind.\\\"). </div>\",\"response\":1,\"stimulus_0\":\"drying laundry using\",\"stimulus_1\":\"cooking dinner out of\",\"condition_0\":\"improbable\",\"condition_1\":\"impossible\",\"continuation_0\":\"a fan\",\"continuation_1\":\"the moon\",\"id_0\":30,\"id_1\":16,\"context_0\":\"They do not have a clothesline, so they are\",\"context_1\":\"They do not have pasta, so they are\",\"task_type\":\"critical\",\"concept\":\"impossible\",\"trial_type\":\"html-button-response\",\"trial_index\":3,\"time_elapsed\":48216,\"internal_node_id\":\"0.0-1.0-0.2\",\"subject_id\":\"653fed546a45118a32fe378e\",\"study_id\":\"67e2c7f5c9ee767149702482\",\"session_id\":\"67e2d11da18461676c50b5a9\",\"rng_seed\":\"0.20522016272309673\",\"response_label\":1,\"provided_context\":true},{\"rt\":9699,\"stimulus\":\"<div style=\\\"font-size:20px;\\\"><p>Which scenario is more impossible?</p>\\n  Reminder: <strong>Impossible</strong> means it cannot happen in our world given the laws of nature, but may happen in a fictional world (e.g., \\\"I painted the house with my mind.\\\"). </div>\",\"response\":1,\"stimulus_0\":\"packing a suit inside\",\"stimulus_1\":\"squishing a blueberry using\",\"condition_0\":\"improbable\",\"condition_1\":\"improbable\",\"continuation_0\":\"a pocket\",\"continuation_1\":\"[POSS] nose\",\"id_0\":44,\"id_1\":58,\"context_0\":\"They do not have a suitcase, so they are\",\"context_1\":\"They do not have fingers, so they are\",\"task_type\":\"critical\",\"concept\":\"impossible\",\"trial_type\":\"html-button-response\",\"trial_index\":4,\"time_elapsed\":57918,\"internal_node_id\":\"0.0-1.0-0.3\",\"subject_id\":\"653fed546a45118a32fe378e\",\"study_id\":\"67e2c7f5c9ee767149702482\",\"session_id\":\"67e2d11da18461676c50b5a9\",\"rng_seed\":\"0.20522016272309673\",\"response_label\":1,\"provided_context\":true},{\"rt\":4751,\"stimulus\":\"<div style=\\\"font-size:20px;\\\"><p>Follow the instructions below.</p></div>\",\"response\":0,\"stimulus_0\":\"packing a suit inside\",\"stimulus_1\":\"squishing a blueberry using\",\"condition_0\":\"improbable\",\"condition_1\":\"improbable\",\"continuation_0\":\"a pocket\",\"continuation_1\":\"[POSS] nose\",\"id_0\":44,\"id_1\":58,\"context_0\":\"They do not have a suitcase, so they are\",\"context_1\":\"They do not have fingers, so they are\",\"task_type\":\"attention_check\",\"choices\":[\"Click This Button!\",\"Don't Click This Button!\"],\"trial_type\":\"html-button-response\",\"trial_index\":5,\"time_elapsed\":62672,\"internal_node_id\":\"0.0-1.0-1.3-0.3\",\"subject_id\":\"653fed546a45118a32fe378e\",\"study_id\":\"67e2c7f5c9ee767149702482\",\"session_id\":\"67e2d11da18461676c50b5a9\",\"rng_seed\":\"0.20522016272309673\"},{\"rt\":8457,\"stimulus\":\"<div style=\\\"font-size:20px;\\\"><p>Which scenario is more impossible?</p>\\n  Reminder: <strong>Impossible</strong> means it cannot happen in our world given the laws of nature, but may happen in a fictional world (e.g., \\\"I painted the house with my mind.\\\"). </div>\",\"response\":1,\"stimulus_0\":\"hanging a painting using\",\"stimulus_1\":\"cooking dinner out of\",\"condition_0\":\"inconceivable\",\"condition_1\":\"impossible\",\"continuation_0\":\"a handshake\",\"continuation_1\":\"the moon\",\"id_0\":36,\"id_1\":16,\"context_0\":\"They do not have screws, so they are\",\"context_1\":\"They do not have pasta, so they are\",\"task_type\":\"critical\",\"concept\":\"impossible\",\"trial_type\":\"html-button-response\",\"trial_index\":6,\"time_elapsed\":71133,\"internal_node_id\":\"0.0-1.0-0.4\",\"subject_id\":\"653fed546a45118a32fe378e\",\"study_id\":\"67e2c7f5c9ee767149702482\",\"session_id\":\"67e2d11da18461676c50b5a9\",\"rng_seed\":\"0.20522016272309673\",\"response_label\":1,\"provided_context\":true},{\"rt\":5769,\"stimulus\":\"<div style=\\\"font-size:20px;\\\"><p>Which scenario is more impossible?</p>\\n  Reminder: <strong>Impossible</strong> means it cannot happen in our world given the laws of nature, but may happen in a fictional world (e.g., \\\"I painted the house with my mind.\\\"). </div>\",\"response\":0,\"stimulus_0\":\"sewing a shirt using\",\"stimulus_1\":\"drying laundry using\",\"condition_0\":\"improbable\",\"condition_1\":\"improbable\",\"continuation_0\":\"a toothpick\",\"continuation_1\":\"a fan\",\"id_0\":52,\"id_1\":30,\"context_0\":\"They do not have a needle, so they are\",\"context_1\":\"They do not have a clothesline, so they are\",\"task_type\":\"critical\",\"concept\":\"impossible\",\"trial_type\":\"html-button-response\",\"trial_index\":7,\"time_elapsed\":76904,\"internal_node_id\":\"0.0-1.0-0.5\",\"subject_id\":\"653fed546a45118a32fe378e\",\"study_id\":\"67e2c7f5c9ee767149702482\",\"session_id\":\"67e2d11da18461676c50b5a9\",\"rng_seed\":\"0.20522016272309673\",\"response_label\":0,\"provided_context\":true},{\"rt\":5636,\"stimulus\":\"<div style=\\\"font-size:20px;\\\"><p>Which scenario is more impossible?</p>\\n  Reminder: <strong>Impossible</strong> means it cannot happen in our world given the laws of nature, but may happen in a fictional world (e.g., \\\"I painted the house with my mind.\\\"). </div>\",\"response\":0,\"stimulus_0\":\"building a bridge out of\",\"stimulus_1\":\"drying laundry using\",\"condition_0\":\"improbable\",\"condition_1\":\"improbable\",\"continuation_0\":\"plastic\",\"continuation_1\":\"a fan\",\"id_0\":4,\"id_1\":30,\"context_0\":\"They do not have any steel, so they are\",\"context_1\":\"They do not have a clothesline, so they are\",\"task_type\":\"critical\",\"concept\":\"impossible\",\"trial_type\":\"html-button-response\",\"trial_index\":8,\"time_elapsed\":82543,\"internal_node_id\":\"0.0-1.0-0.6\",\"subject_id\":\"653fed546a45118a32fe378e\",\"study_id\":\"67e2c7f5c9ee767149702482\",\"session_id\":\"67e2d11da18461676c50b5a9\",\"rng_seed\":\"0.20522016272309673\",\"response_label\":0,\"provided_context\":true},{\"rt\":7887,\"stimulus\":\"<div style=\\\"font-size:20px;\\\"><p>Which scenario is more impossible?</p>\\n  Reminder: <strong>Impossible</strong> means it cannot happen in our world given the laws of nature, but may happen in a fictional world (e.g., \\\"I painted the house with my mind.\\\"). </div>\",\"response\":1,\"stimulus_0\":\"squishing a blueberry using\",\"stimulus_1\":\"shattering a window using\",\"condition_0\":\"improbable\",\"condition_1\":\"impossible\",\"continuation_0\":\"[POSS] nose\",\"continuation_1\":\"confetti\",\"id_0\":58,\"id_1\":53,\"context_0\":\"They do not have fingers, so they are\",\"context_1\":\"They do not have a stone, so they are\",\"task_type\":\"critical\",\"concept\":\"impossible\",\"trial_type\":\"html-button-response\",\"trial_index\":9,\"time_elapsed\":90433,\"internal_node_id\":\"0.0-1.0-0.7\",\"subject_id\":\"653fed546a45118a32fe378e\",\"study_id\":\"67e2c7f5c9ee767149702482\",\"session_id\":\"67e2d11da18461676c50b5a9\",\"rng_seed\":\"0.20522016272309673\",\"response_label\":1,\"provided_context\":true},{\"rt\":1624,\"stimulus\":\"<div style=\\\"font-size:20px;\\\"><p>Follow the instructions below.</p></div>\",\"response\":0,\"stimulus_0\":\"squishing a blueberry using\",\"stimulus_1\":\"shattering a window using\",\"condition_0\":\"improbable\",\"condition_1\":\"impossible\",\"continuation_0\":\"[POSS] nose\",\"continuation_1\":\"confetti\",\"id_0\":58,\"id_1\":53,\"context_0\":\"They do not have fingers, so they are\",\"context_1\":\"They do not have a stone, so they are\",\"task_type\":\"attention_check\",\"choices\":[\"Click This Button!\",\"Don't Click This Button!\"],\"trial_type\":\"html-button-response\",\"trial_index\":10,\"time_elapsed\":92059,\"internal_node_id\":\"0.0-1.0-1.7-0.7\",\"subject_id\":\"653fed546a45118a32fe378e\",\"study_id\":\"67e2c7f5c9ee767149702482\",\"session_id\":\"67e2d11da18461676c50b5a9\",\"rng_seed\":\"0.20522016272309673\"},{\"rt\":7166,\"stimulus\":\"<div style=\\\"font-size:20px;\\\"><p>Which scenario is more impossible?</p>\\n  Reminder: <strong>Impossible</strong> means it cannot happen in our world given the laws of nature, but may happen in a fictional world (e.g., \\\"I painted the house with my mind.\\\"). </div>\",\"response\":0,\"stimulus_0\":\"plucking a hair using\",\"stimulus_1\":\"crushing a soda can using\",\"condition_0\":\"inconceivable\",\"condition_1\":\"improbable\",\"continuation_0\":\"sympathy\",\"continuation_1\":\"a chair\",\"id_0\":47,\"id_1\":20,\"context_0\":\"They do not have tweezers, so they are\",\"context_1\":\"They do not have a shoe, so they are\",\"task_type\":\"critical\",\"concept\":\"impossible\",\"trial_type\":\"html-button-response\",\"trial_index\":11,\"time_elapsed\":99226,\"internal_node_id\":\"0.0-1.0-0.8\",\"subject_id\":\"653fed546a45118a32fe378e\",\"study_id\":\"67e2c7f5c9ee767149702482\",\"session_id\":\"67e2d11da18461676c50b5a9\",\"rng_seed\":\"0.20522016272309673\",\"response_label\":0,\"provided_context\":true},{\"rt\":5916,\"stimulus\":\"<div style=\\\"font-size:20px;\\\"><p>Which scenario is more impossible?</p>\\n  Reminder: <strong>Impossible</strong> means it cannot happen in our world given the laws of nature, but may happen in a fictional world (e.g., \\\"I painted the house with my mind.\\\"). </div>\",\"response\":1,\"stimulus_0\":\"catching a fish in\",\"stimulus_1\":\"crafting a bowl out of\",\"condition_0\":\"improbable\",\"condition_1\":\"impossible\",\"continuation_0\":\"a puddle\",\"continuation_1\":\"smoke\",\"id_0\":8,\"id_1\":19,\"context_0\":\"They are not near a lake, so they are\",\"context_1\":\"They do not have clay, so they are\",\"task_type\":\"critical\",\"concept\":\"impossible\",\"trial_type\":\"html-button-response\",\"trial_index\":12,\"time_elapsed\":105145,\"internal_node_id\":\"0.0-1.0-0.9\",\"subject_id\":\"653fed546a45118a32fe378e\",\"study_id\":\"67e2c7f5c9ee767149702482\",\"session_id\":\"67e2d11da18461676c50b5a9\",\"rng_seed\":\"0.20522016272309673\",\"response_label\":1,\"provided_context\":true},{\"rt\":5535,\"stimulus\":\"<div style=\\\"font-size:20px;\\\"><p>Which scenario is more impossible?</p>\\n  Reminder: <strong>Impossible</strong> means it cannot happen in our world given the laws of nature, but may happen in a fictional world (e.g., \\\"I painted the house with my mind.\\\"). </div>\",\"response\":1,\"stimulus_0\":\"digging a hole using\",\"stimulus_1\":\"baking a cake inside\",\"condition_0\":\"impossible\",\"condition_1\":\"inconceivable\",\"continuation_0\":\"dirt\",\"continuation_1\":\"a sigh\",\"id_0\":24,\"id_1\":0,\"context_0\":\"They do not have a shovel, so they are\",\"context_1\":\"They do not have an oven, so they are\",\"task_type\":\"critical\",\"concept\":\"impossible\",\"trial_type\":\"html-button-response\",\"trial_index\":13,\"time_elapsed\":110683,\"internal_node_id\":\"0.0-1.0-0.10\",\"subject_id\":\"653fed546a45118a32fe378e\",\"study_id\":\"67e2c7f5c9ee767149702482\",\"session_id\":\"67e2d11da18461676c50b5a9\",\"rng_seed\":\"0.20522016272309673\",\"response_label\":1,\"provided_context\":true},{\"rt\":5568,\"stimulus\":\"<div style=\\\"font-size:20px;\\\"><p>Which scenario is more impossible?</p>\\n  Reminder: <strong>Impossible</strong> means it cannot happen in our world given the laws of nature, but may happen in a fictional world (e.g., \\\"I painted the house with my mind.\\\"). </div>\",\"response\":1,\"stimulus_0\":\"writing an equation on\",\"stimulus_1\":\"polishing jewelry using\",\"condition_0\":\"inconceivable\",\"condition_1\":\"impossible\",\"continuation_0\":\"a scream\",\"continuation_1\":\"a chainsaw\",\"id_0\":69,\"id_1\":48,\"context_0\":\"They do not have a chalkboard, so they are\",\"context_1\":\"They do not have a cloth, so they are\",\"task_type\":\"critical\",\"concept\":\"impossible\",\"trial_type\":\"html-button-response\",\"trial_index\":14,\"time_elapsed\":116254,\"internal_node_id\":\"0.0-1.0-0.11\",\"subject_id\":\"653fed546a45118a32fe378e\",\"study_id\":\"67e2c7f5c9ee767149702482\",\"session_id\":\"67e2d11da18461676c50b5a9\",\"rng_seed\":\"0.20522016272309673\",\"response_label\":1,\"provided_context\":true},{\"rt\":2911,\"stimulus\":\"<div style=\\\"font-size:20px;\\\"><p>Follow the instructions below.</p></div>\",\"response\":1,\"stimulus_0\":\"writing an equation on\",\"stimulus_1\":\"polishing jewelry using\",\"condition_0\":\"inconceivable\",\"condition_1\":\"impossible\",\"continuation_0\":\"a scream\",\"continuation_1\":\"a chainsaw\",\"id_0\":69,\"id_1\":48,\"context_0\":\"They do not have a chalkboard, so they are\",\"context_1\":\"They do not have a cloth, so they are\",\"task_type\":\"attention_check\",\"choices\":[\"Don't Click This Button!\",\"Click This Button!\"],\"trial_type\":\"html-button-response\",\"trial_index\":15,\"time_elapsed\":119166,\"internal_node_id\":\"0.0-1.0-1.11-0.11\",\"subject_id\":\"653fed546a45118a32fe378e\",\"study_id\":\"67e2c7f5c9ee767149702482\",\"session_id\":\"67e2d11da18461676c50b5a9\",\"rng_seed\":\"0.20522016272309673\"},{\"rt\":7742,\"stimulus\":\"<div style=\\\"font-size:20px;\\\"><p>Which scenario is more impossible?</p>\\n  Reminder: <strong>Impossible</strong> means it cannot happen in our world given the laws of nature, but may happen in a fictional world (e.g., \\\"I painted the house with my mind.\\\"). </div>\",\"response\":0,\"stimulus_0\":\"crafting a bowl out of\",\"stimulus_1\":\"cutting cardboard using\",\"condition_0\":\"impossible\",\"condition_1\":\"inconceivable\",\"continuation_0\":\"smoke\",\"continuation_1\":\"a snore\",\"id_0\":19,\"id_1\":22,\"context_0\":\"They do not have clay, so they are\",\"context_1\":\"They do not have scissors, so they are\",\"task_type\":\"critical\",\"concept\":\"impossible\",\"trial_type\":\"html-button-response\",\"trial_index\":16,\"time_elapsed\":126910,\"internal_node_id\":\"0.0-1.0-0.12\",\"subject_id\":\"653fed546a45118a32fe378e\",\"study_id\":\"67e2c7f5c9ee767149702482\",\"session_id\":\"67e2d11da18461676c50b5a9\",\"rng_seed\":\"0.20522016272309673\",\"response_label\":0,\"provided_context\":true},{\"rt\":5093,\"stimulus\":\"<div style=\\\"font-size:20px;\\\"><p>Which scenario is more impossible?</p>\\n  Reminder: <strong>Impossible</strong> means it cannot happen in our world given the laws of nature, but may happen in a fictional world (e.g., \\\"I painted the house with my mind.\\\"). </div>\",\"response\":0,\"stimulus_0\":\"building a bridge out of\",\"stimulus_1\":\"writing an equation on\",\"condition_0\":\"improbable\",\"condition_1\":\"inconceivable\",\"continuation_0\":\"plastic\",\"continuation_1\":\"a scream\",\"id_0\":4,\"id_1\":69,\"context_0\":\"They do not have any steel, so they are\",\"context_1\":\"They do not have a chalkboard, so they are\",\"task_type\":\"critical\",\"concept\":\"impossible\",\"trial_type\":\"html-button-response\",\"trial_index\":17,\"time_elapsed\":132005,\"internal_node_id\":\"0.0-1.0-0.13\",\"subject_id\":\"653fed546a45118a32fe378e\",\"study_id\":\"67e2c7f5c9ee767149702482\",\"session_id\":\"67e2d11da18461676c50b5a9\",\"rng_seed\":\"0.20522016272309673\",\"response_label\":0,\"provided_context\":true},{\"rt\":4984,\"stimulus\":\"<div style=\\\"font-size:20px;\\\"><p>Which scenario is more impossible?</p>\\n  Reminder: <strong>Impossible</strong> means it cannot happen in our world given the laws of nature, but may happen in a fictional world (e.g., \\\"I painted the house with my mind.\\\"). </div>\",\"response\":1,\"stimulus_0\":\"eating soup using\",\"stimulus_1\":\"carving a statue using\",\"condition_0\":\"improbable\",\"condition_1\":\"impossible\",\"continuation_0\":\"a bucket\",\"continuation_1\":\"a sock\",\"id_0\":31,\"id_1\":7,\"context_0\":\"They do not have a spoon, so they are\",\"context_1\":\"They do not have a chisel, so they are\",\"task_type\":\"critical\",\"concept\":\"impossible\",\"trial_type\":\"html-button-response\",\"trial_index\":18,\"time_elapsed\":136992,\"internal_node_id\":\"0.0-1.0-0.14\",\"subject_id\":\"653fed546a45118a32fe378e\",\"study_id\":\"67e2c7f5c9ee767149702482\",\"session_id\":\"67e2d11da18461676c50b5a9\",\"rng_seed\":\"0.20522016272309673\",\"response_label\":1,\"provided_context\":true},{\"rt\":6502,\"stimulus\":\"<div style=\\\"font-size:20px;\\\"><p>Which scenario is more impossible?</p>\\n  Reminder: <strong>Impossible</strong> means it cannot happen in our world given the laws of nature, but may happen in a fictional world (e.g., \\\"I painted the house with my mind.\\\"). </div>\",\"response\":0,\"stimulus_0\":\"cleaning a spill using\",\"stimulus_1\":\"building a bridge out of\",\"condition_0\":\"inconceivable\",\"condition_1\":\"improbable\",\"continuation_0\":\"a country\",\"continuation_1\":\"plastic\",\"id_0\":11,\"id_1\":4,\"context_0\":\"They do not have a sponge, so they are\",\"context_1\":\"They do not have any steel, so they are\",\"task_type\":\"critical\",\"concept\":\"impossible\",\"trial_type\":\"html-button-response\",\"trial_index\":19,\"time_elapsed\":143496,\"internal_node_id\":\"0.0-1.0-0.15\",\"subject_id\":\"653fed546a45118a32fe378e\",\"study_id\":\"67e2c7f5c9ee767149702482\",\"session_id\":\"67e2d11da18461676c50b5a9\",\"rng_seed\":\"0.20522016272309673\",\"response_label\":0,\"provided_context\":true},{\"rt\":1304,\"stimulus\":\"<div style=\\\"font-size:20px;\\\"><p>Follow the instructions below.</p></div>\",\"response\":0,\"stimulus_0\":\"cleaning a spill using\",\"stimulus_1\":\"building a bridge out of\",\"condition_0\":\"inconceivable\",\"condition_1\":\"improbable\",\"continuation_0\":\"a country\",\"continuation_1\":\"plastic\",\"id_0\":11,\"id_1\":4,\"context_0\":\"They do not have a sponge, so they are\",\"context_1\":\"They do not have any steel, so they are\",\"task_type\":\"attention_check\",\"choices\":[\"Click This Button!\",\"Don't Click This Button!\"],\"trial_type\":\"html-button-response\",\"trial_index\":20,\"time_elapsed\":144802,\"internal_node_id\":\"0.0-1.0-1.15-0.15\",\"subject_id\":\"653fed546a45118a32fe378e\",\"study_id\":\"67e2c7f5c9ee767149702482\",\"session_id\":\"67e2d11da18461676c50b5a9\",\"rng_seed\":\"0.20522016272309673\"},{\"rt\":4375,\"stimulus\":\"<div style=\\\"font-size:20px;\\\"><p>Which scenario is more impossible?</p>\\n  Reminder: <strong>Impossible</strong> means it cannot happen in our world given the laws of nature, but may happen in a fictional world (e.g., \\\"I painted the house with my mind.\\\"). </div>\",\"response\":1,\"stimulus_0\":\"catching a fish in\",\"stimulus_1\":\"squishing a blueberry using\",\"condition_0\":\"improbable\",\"condition_1\":\"improbable\",\"continuation_0\":\"a puddle\",\"continuation_1\":\"[POSS] nose\",\"id_0\":8,\"id_1\":58,\"context_0\":\"They are not near a lake, so they are\",\"context_1\":\"They do not have fingers, so they are\",\"task_type\":\"critical\",\"concept\":\"impossible\",\"trial_type\":\"html-button-response\",\"trial_index\":21,\"time_elapsed\":149180,\"internal_node_id\":\"0.0-1.0-0.16\",\"subject_id\":\"653fed546a45118a32fe378e\",\"study_id\":\"67e2c7f5c9ee767149702482\",\"session_id\":\"67e2d11da18461676c50b5a9\",\"rng_seed\":\"0.20522016272309673\",\"response_label\":1,\"provided_context\":true},{\"rt\":6555,\"stimulus\":\"<div style=\\\"font-size:20px;\\\"><p>Which scenario is more impossible?</p>\\n  Reminder: <strong>Impossible</strong> means it cannot happen in our world given the laws of nature, but may happen in a fictional world (e.g., \\\"I painted the house with my mind.\\\"). </div>\",\"response\":0,\"stimulus_0\":\"cooling a room using\",\"stimulus_1\":\"carrying groceries inside\",\"condition_0\":\"inconceivable\",\"condition_1\":\"improbable\",\"continuation_0\":\"a taste\",\"continuation_1\":\"a backpack\",\"id_0\":17,\"id_1\":6,\"context_0\":\"They do not have a fan, so they are\",\"context_1\":\"They do not have a tote bag, so they are\",\"task_type\":\"critical\",\"concept\":\"impossible\",\"trial_type\":\"html-button-response\",\"trial_index\":22,\"time_elapsed\":155738,\"internal_node_id\":\"0.0-1.0-0.17\",\"subject_id\":\"653fed546a45118a32fe378e\",\"study_id\":\"67e2c7f5c9ee767149702482\",\"session_id\":\"67e2d11da18461676c50b5a9\",\"rng_seed\":\"0.20522016272309673\",\"response_label\":0,\"provided_context\":true},{\"rt\":4989,\"stimulus\":\"<div style=\\\"font-size:20px;\\\"><p>Which scenario is more impossible?</p>\\n  Reminder: <strong>Impossible</strong> means it cannot happen in our world given the laws of nature, but may happen in a fictional world (e.g., \\\"I painted the house with my mind.\\\"). </div>\",\"response\":0,\"stimulus_0\":\"painting a wall using\",\"stimulus_1\":\"packing a suit inside\",\"condition_0\":\"inconceivable\",\"condition_1\":\"improbable\",\"continuation_0\":\"a whisper\",\"continuation_1\":\"a pocket\",\"id_0\":45,\"id_1\":44,\"context_0\":\"They do not have a brush, so they are\",\"context_1\":\"They do not have a suitcase, so they are\",\"task_type\":\"critical\",\"concept\":\"impossible\",\"trial_type\":\"html-button-response\",\"trial_index\":23,\"time_elapsed\":160728,\"internal_node_id\":\"0.0-1.0-0.18\",\"subject_id\":\"653fed546a45118a32fe378e\",\"study_id\":\"67e2c7f5c9ee767149702482\",\"session_id\":\"67e2d11da18461676c50b5a9\",\"rng_seed\":\"0.20522016272309673\",\"response_label\":0,\"provided_context\":true},{\"rt\":5085,\"stimulus\":\"<div style=\\\"font-size:20px;\\\"><p>Which scenario is more impossible?</p>\\n  Reminder: <strong>Impossible</strong> means it cannot happen in our world given the laws of nature, but may happen in a fictional world (e.g., \\\"I painted the house with my mind.\\\"). </div>\",\"response\":1,\"stimulus_0\":\"baking a cake inside\",\"stimulus_1\":\"shattering a window using\",\"condition_0\":\"inconceivable\",\"condition_1\":\"impossible\",\"continuation_0\":\"a sigh\",\"continuation_1\":\"confetti\",\"id_0\":0,\"id_1\":53,\"context_0\":\"They do not have an oven, so they are\",\"context_1\":\"They do not have a stone, so they are\",\"task_type\":\"critical\",\"concept\":\"impossible\",\"trial_type\":\"html-button-response\",\"trial_index\":24,\"time_elapsed\":165816,\"internal_node_id\":\"0.0-1.0-0.19\",\"subject_id\":\"653fed546a45118a32fe378e\",\"study_id\":\"67e2c7f5c9ee767149702482\",\"session_id\":\"67e2d11da18461676c50b5a9\",\"rng_seed\":\"0.20522016272309673\",\"response_label\":1,\"provided_context\":true},{\"rt\":1267,\"stimulus\":\"<div style=\\\"font-size:20px;\\\"><p>Follow the instructions below.</p></div>\",\"response\":1,\"stimulus_0\":\"baking a cake inside\",\"stimulus_1\":\"shattering a window using\",\"condition_0\":\"inconceivable\",\"condition_1\":\"impossible\",\"continuation_0\":\"a sigh\",\"continuation_1\":\"confetti\",\"id_0\":0,\"id_1\":53,\"context_0\":\"They do not have an oven, so they are\",\"context_1\":\"They do not have a stone, so they are\",\"task_type\":\"attention_check\",\"choices\":[\"Don't Click This Button!\",\"Click This Button!\"],\"trial_type\":\"html-button-response\",\"trial_index\":25,\"time_elapsed\":167085,\"internal_node_id\":\"0.0-1.0-1.19-0.19\",\"subject_id\":\"653fed546a45118a32fe378e\",\"study_id\":\"67e2c7f5c9ee767149702482\",\"session_id\":\"67e2d11da18461676c50b5a9\",\"rng_seed\":\"0.20522016272309673\"},{\"rt\":9921,\"response\":{\"language\":\"English\",\"gender\":\"Female\",\"feedback\":\"\"},\"trial_type\":\"survey-text\",\"trial_index\":26,\"time_elapsed\":177014,\"internal_node_id\":\"0.0-2.0\",\"subject_id\":\"653fed546a45118a32fe378e\",\"study_id\":\"67e2c7f5c9ee767149702482\",\"session_id\":\"67e2d11da18461676c50b5a9\",\"rng_seed\":\"0.20522016272309673\",\"task_type\":\"survey\"},{\"success\":true,\"completion_time\":\"2025-03-25T15:59:09.348Z\",\"exp_type\":\"gesture-beat-expt-pilot\"}]",
    "dir_path": "data/experiment_2_pilot"
}