{
    "prolific_data": {
        "subject_id": "678a248a5b3533c5db59bfc0",
        "study_id": "67e2c7f5c9ee767149702482",
        "session_id": "67e2d653e1632be2166749ca",
        "rng_seed": "0.9500112911057332"
    },
    "data": "[{\"rt\":168165,\"stimulus\":\"\\n  <div class=\\\"jspsych-content\\\" align=left style=\\\"width:100%;text-align: left;\\\">\\n  <h2>Hello, and welcome to our study!</h2>\\n      In this study, we will ask you to 25 questions.\\n      <p>\\n      In 20 of the questions, we will need your help deciding which statement is more <strong>nonsensical</strong>.\\n      </p>\\n      <strong>Nonsensical</strong> means it does not make sense due to some basic conceptual error (\\\"I painted the house with my number.\\\"). \\n      <p>\\n      The remaining questions will check to make sure that you are paying attention to the study.\\n      <p>\\n    <h3>IMPORTANT:</h3>\\n    <ul>\\n      <li>Respond as quickly as you can.</li>\\n      <li>Answer the questions based on what is possible given the physical laws of the real world.</li>\\n      <li>There are no right or wrong answers. We are simply interested in your intuitions.</li>\\n      </ul>\\n    Once you are done reading this page, please press SPACEBAR to continue.\\n    </p>\\n  </div>\\n  \",\"response\":\" \",\"trial_type\":\"html-keyboard-response\",\"trial_index\":0,\"time_elapsed\":168170,\"internal_node_id\":\"0.0-0.0\",\"subject_id\":\"678a248a5b3533c5db59bfc0\",\"study_id\":\"67e2c7f5c9ee767149702482\",\"session_id\":\"67e2d653e1632be2166749ca\",\"rng_seed\":\"0.9500112911057332\"},{\"rt\":72975,\"stimulus\":\"<div style=\\\"font-size:20px;\\\"><p>Which scenario is more nonsensical?</p>\\n  Reminder: <strong>Nonsensical</strong> means it does not make sense due to some basic conceptual error (\\\"I painted the house with my number.\\\"). </div>\",\"response\":0,\"stimulus_0\":\"lighting a candle using\",\"stimulus_1\":\"unlocking a door using\",\"condition_0\":\"impossible\",\"condition_1\":\"impossible\",\"continuation_0\":\"yogurt\",\"continuation_1\":\"a marshmallow\",\"id_0\":39,\"id_1\":64,\"context_0\":\"They do not have a match, so they are\",\"context_1\":\"They do not have a key, so they are\",\"task_type\":\"critical\",\"concept\":\"inconceivable\",\"trial_type\":\"html-button-response\",\"trial_index\":1,\"time_elapsed\":241147,\"internal_node_id\":\"0.0-1.0-0.0\",\"subject_id\":\"678a248a5b3533c5db59bfc0\",\"study_id\":\"67e2c7f5c9ee767149702482\",\"session_id\":\"67e2d653e1632be2166749ca\",\"rng_seed\":\"0.9500112911057332\",\"response_label\":0,\"provided_context\":true},{\"rt\":6964,\"stimulus\":\"<div style=\\\"font-size:20px;\\\"><p>Which scenario is more nonsensical?</p>\\n  Reminder: <strong>Nonsensical</strong> means it does not make sense due to some basic conceptual error (\\\"I painted the house with my number.\\\"). </div>\",\"response\":0,\"stimulus_0\":\"shaving [POSS] beard using\",\"stimulus_1\":\"squishing a blueberry using\",\"condition_0\":\"inconceivable\",\"condition_1\":\"improbable\",\"continuation_0\":\"a belief\",\"continuation_1\":\"[POSS] nose\",\"id_0\":54,\"id_1\":58,\"context_0\":\"They do not have a razor, so they are\",\"context_1\":\"They do not have fingers, so they are\",\"task_type\":\"critical\",\"concept\":\"inconceivable\",\"trial_type\":\"html-button-response\",\"trial_index\":2,\"time_elapsed\":248114,\"internal_node_id\":\"0.0-1.0-0.1\",\"subject_id\":\"678a248a5b3533c5db59bfc0\",\"study_id\":\"67e2c7f5c9ee767149702482\",\"session_id\":\"67e2d653e1632be2166749ca\",\"rng_seed\":\"0.9500112911057332\",\"response_label\":0,\"provided_context\":true},{\"rt\":8253,\"stimulus\":\"<div style=\\\"font-size:20px;\\\"><p>Which scenario is more nonsensical?</p>\\n  Reminder: <strong>Nonsensical</strong> means it does not make sense due to some basic conceptual error (\\\"I painted the house with my number.\\\"). </div>\",\"response\":1,\"stimulus_0\":\"baking a cake inside\",\"stimulus_1\":\"painting a wall using\",\"condition_0\":\"inconceivable\",\"condition_1\":\"inconceivable\",\"continuation_0\":\"a sigh\",\"continuation_1\":\"a whisper\",\"id_0\":0,\"id_1\":45,\"context_0\":\"They do not have an oven, so they are\",\"context_1\":\"They do not have a brush, so they are\",\"task_type\":\"critical\",\"concept\":\"inconceivable\",\"trial_type\":\"html-button-response\",\"trial_index\":3,\"time_elapsed\":256368,\"internal_node_id\":\"0.0-1.0-0.2\",\"subject_id\":\"678a248a5b3533c5db59bfc0\",\"study_id\":\"67e2c7f5c9ee767149702482\",\"session_id\":\"67e2d653e1632be2166749ca\",\"rng_seed\":\"0.9500112911057332\",\"response_label\":1,\"provided_context\":true},{\"rt\":6805,\"stimulus\":\"<div style=\\\"font-size:20px;\\\"><p>Which scenario is more nonsensical?</p>\\n  Reminder: <strong>Nonsensical</strong> means it does not make sense due to some basic conceptual error (\\\"I painted the house with my number.\\\"). </div>\",\"response\":1,\"stimulus_0\":\"carrying groceries inside\",\"stimulus_1\":\"shaving [POSS] beard using\",\"condition_0\":\"improbable\",\"condition_1\":\"inconceivable\",\"continuation_0\":\"a backpack\",\"continuation_1\":\"a belief\",\"id_0\":6,\"id_1\":54,\"context_0\":\"They do not have a tote bag, so they are\",\"context_1\":\"They do not have a razor, so they are\",\"task_type\":\"critical\",\"concept\":\"inconceivable\",\"trial_type\":\"html-button-response\",\"trial_index\":4,\"time_elapsed\":263175,\"internal_node_id\":\"0.0-1.0-0.3\",\"subject_id\":\"678a248a5b3533c5db59bfc0\",\"study_id\":\"67e2c7f5c9ee767149702482\",\"session_id\":\"67e2d653e1632be2166749ca\",\"rng_seed\":\"0.9500112911057332\",\"response_label\":1,\"provided_context\":true},{\"rt\":5600,\"stimulus\":\"<div style=\\\"font-size:20px;\\\"><p>Follow the instructions below.</p></div>\",\"response\":0,\"stimulus_0\":\"carrying groceries inside\",\"stimulus_1\":\"shaving [POSS] beard using\",\"condition_0\":\"improbable\",\"condition_1\":\"inconceivable\",\"continuation_0\":\"a backpack\",\"continuation_1\":\"a belief\",\"id_0\":6,\"id_1\":54,\"context_0\":\"They do not have a tote bag, so they are\",\"context_1\":\"They do not have a razor, so they are\",\"task_type\":\"attention_check\",\"choices\":[\"Click This Button!\",\"Don't Click This Button!\"],\"trial_type\":\"html-button-response\",\"trial_index\":5,\"time_elapsed\":268776,\"internal_node_id\":\"0.0-1.0-1.3-0.3\",\"subject_id\":\"678a248a5b3533c5db59bfc0\",\"study_id\":\"67e2c7f5c9ee767149702482\",\"session_id\":\"67e2d653e1632be2166749ca\",\"rng_seed\":\"0.9500112911057332\"},{\"rt\":3443,\"stimulus\":\"<div style=\\\"font-size:20px;\\\"><p>Which scenario is more nonsensical?</p>\\n  Reminder: <strong>Nonsensical</strong> means it does not make sense due to some basic conceptual error (\\\"I painted the house with my number.\\\"). </div>\",\"response\":0,\"stimulus_0\":\"hanging a painting using\",\"stimulus_1\":\"shaving [POSS] beard using\",\"condition_0\":\"inconceivable\",\"condition_1\":\"inconceivable\",\"continuation_0\":\"a handshake\",\"continuation_1\":\"a belief\",\"id_0\":36,\"id_1\":54,\"context_0\":\"They do not have screws, so they are\",\"context_1\":\"They do not have a razor, so they are\",\"task_type\":\"critical\",\"concept\":\"inconceivable\",\"trial_type\":\"html-button-response\",\"trial_index\":6,\"time_elapsed\":272221,\"internal_node_id\":\"0.0-1.0-0.4\",\"subject_id\":\"678a248a5b3533c5db59bfc0\",\"study_id\":\"67e2c7f5c9ee767149702482\",\"session_id\":\"67e2d653e1632be2166749ca\",\"rng_seed\":\"0.9500112911057332\",\"response_label\":0,\"provided_context\":true},{\"rt\":2261,\"stimulus\":\"<div style=\\\"font-size:20px;\\\"><p>Which scenario is more nonsensical?</p>\\n  Reminder: <strong>Nonsensical</strong> means it does not make sense due to some basic conceptual error (\\\"I painted the house with my number.\\\"). </div>\",\"response\":0,\"stimulus_0\":\"filling a bucket with\",\"stimulus_1\":\"cutting cardboard using\",\"condition_0\":\"impossible\",\"condition_1\":\"inconceivable\",\"continuation_0\":\"buildings\",\"continuation_1\":\"a snore\",\"id_0\":33,\"id_1\":22,\"context_0\":\"They are not near sand, so they are\",\"context_1\":\"They do not have scissors, so they are\",\"task_type\":\"critical\",\"concept\":\"inconceivable\",\"trial_type\":\"html-button-response\",\"trial_index\":7,\"time_elapsed\":274483,\"internal_node_id\":\"0.0-1.0-0.5\",\"subject_id\":\"678a248a5b3533c5db59bfc0\",\"study_id\":\"67e2c7f5c9ee767149702482\",\"session_id\":\"67e2d653e1632be2166749ca\",\"rng_seed\":\"0.9500112911057332\",\"response_label\":0,\"provided_context\":true},{\"rt\":6215,\"stimulus\":\"<div style=\\\"font-size:20px;\\\"><p>Which scenario is more nonsensical?</p>\\n  Reminder: <strong>Nonsensical</strong> means it does not make sense due to some basic conceptual error (\\\"I painted the house with my number.\\\"). </div>\",\"response\":0,\"stimulus_0\":\"painting a wall using\",\"stimulus_1\":\"plucking a hair using\",\"condition_0\":\"inconceivable\",\"condition_1\":\"inconceivable\",\"continuation_0\":\"a whisper\",\"continuation_1\":\"sympathy\",\"id_0\":45,\"id_1\":47,\"context_0\":\"They do not have a brush, so they are\",\"context_1\":\"They do not have tweezers, so they are\",\"task_type\":\"critical\",\"concept\":\"inconceivable\",\"trial_type\":\"html-button-response\",\"trial_index\":8,\"time_elapsed\":280700,\"internal_node_id\":\"0.0-1.0-0.6\",\"subject_id\":\"678a248a5b3533c5db59bfc0\",\"study_id\":\"67e2c7f5c9ee767149702482\",\"session_id\":\"67e2d653e1632be2166749ca\",\"rng_seed\":\"0.9500112911057332\",\"response_label\":0,\"provided_context\":true},{\"rt\":6888,\"stimulus\":\"<div style=\\\"font-size:20px;\\\"><p>Which scenario is more nonsensical?</p>\\n  Reminder: <strong>Nonsensical</strong> means it does not make sense due to some basic conceptual error (\\\"I painted the house with my number.\\\"). </div>\",\"response\":0,\"stimulus_0\":\"carving a statue using\",\"stimulus_1\":\"baking a cake inside\",\"condition_0\":\"impossible\",\"condition_1\":\"inconceivable\",\"continuation_0\":\"a sock\",\"continuation_1\":\"a sigh\",\"id_0\":7,\"id_1\":0,\"context_0\":\"They do not have a chisel, so they are\",\"context_1\":\"They do not have an oven, so they are\",\"task_type\":\"critical\",\"concept\":\"inconceivable\",\"trial_type\":\"html-button-response\",\"trial_index\":9,\"time_elapsed\":287590,\"internal_node_id\":\"0.0-1.0-0.7\",\"subject_id\":\"678a248a5b3533c5db59bfc0\",\"study_id\":\"67e2c7f5c9ee767149702482\",\"session_id\":\"67e2d653e1632be2166749ca\",\"rng_seed\":\"0.9500112911057332\",\"response_label\":0,\"provided_context\":true},{\"rt\":371,\"stimulus\":\"<div style=\\\"font-size:20px;\\\"><p>Follow the instructions below.</p></div>\",\"response\":0,\"stimulus_0\":\"carving a statue using\",\"stimulus_1\":\"baking a cake inside\",\"condition_0\":\"impossible\",\"condition_1\":\"inconceivable\",\"continuation_0\":\"a sock\",\"continuation_1\":\"a sigh\",\"id_0\":7,\"id_1\":0,\"context_0\":\"They do not have a chisel, so they are\",\"context_1\":\"They do not have an oven, so they are\",\"task_type\":\"attention_check\",\"choices\":[\"Don't Click This Button!\",\"Click This Button!\"],\"trial_type\":\"html-button-response\",\"trial_index\":10,\"time_elapsed\":287962,\"internal_node_id\":\"0.0-1.0-1.7-0.7\",\"subject_id\":\"678a248a5b3533c5db59bfc0\",\"study_id\":\"67e2c7f5c9ee767149702482\",\"session_id\":\"67e2d653e1632be2166749ca\",\"rng_seed\":\"0.9500112911057332\"},{\"rt\":2349,\"stimulus\":\"<div style=\\\"font-size:20px;\\\"><p>Which scenario is more nonsensical?</p>\\n  Reminder: <strong>Nonsensical</strong> means it does not make sense due to some basic conceptual error (\\\"I painted the house with my number.\\\"). </div>\",\"response\":0,\"stimulus_0\":\"catching a fish in\",\"stimulus_1\":\"taking a vacation to\",\"condition_0\":\"improbable\",\"condition_1\":\"impossible\",\"continuation_0\":\"a puddle\",\"continuation_1\":\"the sun\",\"id_0\":8,\"id_1\":61,\"context_0\":\"They are not near a lake, so they are\",\"context_1\":\"They are not near the beach, so they are\",\"task_type\":\"critical\",\"concept\":\"inconceivable\",\"trial_type\":\"html-button-response\",\"trial_index\":11,\"time_elapsed\":290312,\"internal_node_id\":\"0.0-1.0-0.8\",\"subject_id\":\"678a248a5b3533c5db59bfc0\",\"study_id\":\"67e2c7f5c9ee767149702482\",\"session_id\":\"67e2d653e1632be2166749ca\",\"rng_seed\":\"0.9500112911057332\",\"response_label\":0,\"provided_context\":true},{\"rt\":2985,\"stimulus\":\"<div style=\\\"font-size:20px;\\\"><p>Which scenario is more nonsensical?</p>\\n  Reminder: <strong>Nonsensical</strong> means it does not make sense due to some basic conceptual error (\\\"I painted the house with my number.\\\"). </div>\",\"response\":1,\"stimulus_0\":\"polishing jewelry using\",\"stimulus_1\":\"shattering a window using\",\"condition_0\":\"impossible\",\"condition_1\":\"impossible\",\"continuation_0\":\"a chainsaw\",\"continuation_1\":\"confetti\",\"id_0\":48,\"id_1\":53,\"context_0\":\"They do not have a cloth, so they are\",\"context_1\":\"They do not have a stone, so they are\",\"task_type\":\"critical\",\"concept\":\"inconceivable\",\"trial_type\":\"html-button-response\",\"trial_index\":12,\"time_elapsed\":293298,\"internal_node_id\":\"0.0-1.0-0.9\",\"subject_id\":\"678a248a5b3533c5db59bfc0\",\"study_id\":\"67e2c7f5c9ee767149702482\",\"session_id\":\"67e2d653e1632be2166749ca\",\"rng_seed\":\"0.9500112911057332\",\"response_label\":1,\"provided_context\":true},{\"rt\":2432,\"stimulus\":\"<div style=\\\"font-size:20px;\\\"><p>Which scenario is more nonsensical?</p>\\n  Reminder: <strong>Nonsensical</strong> means it does not make sense due to some basic conceptual error (\\\"I painted the house with my number.\\\"). </div>\",\"response\":1,\"stimulus_0\":\"crafting a bowl out of\",\"stimulus_1\":\"cooling a room using\",\"condition_0\":\"impossible\",\"condition_1\":\"inconceivable\",\"continuation_0\":\"smoke\",\"continuation_1\":\"a taste\",\"id_0\":19,\"id_1\":17,\"context_0\":\"They do not have clay, so they are\",\"context_1\":\"They do not have a fan, so they are\",\"task_type\":\"critical\",\"concept\":\"inconceivable\",\"trial_type\":\"html-button-response\",\"trial_index\":13,\"time_elapsed\":295732,\"internal_node_id\":\"0.0-1.0-0.10\",\"subject_id\":\"678a248a5b3533c5db59bfc0\",\"study_id\":\"67e2c7f5c9ee767149702482\",\"session_id\":\"67e2d653e1632be2166749ca\",\"rng_seed\":\"0.9500112911057332\",\"response_label\":1,\"provided_context\":true},{\"rt\":1863,\"stimulus\":\"<div style=\\\"font-size:20px;\\\"><p>Which scenario is more nonsensical?</p>\\n  Reminder: <strong>Nonsensical</strong> means it does not make sense due to some basic conceptual error (\\\"I painted the house with my number.\\\"). </div>\",\"response\":0,\"stimulus_0\":\"unlocking a door using\",\"stimulus_1\":\"filling a bucket with\",\"condition_0\":\"impossible\",\"condition_1\":\"impossible\",\"continuation_0\":\"a marshmallow\",\"continuation_1\":\"buildings\",\"id_0\":64,\"id_1\":33,\"context_0\":\"They do not have a key, so they are\",\"context_1\":\"They are not near sand, so they are\",\"task_type\":\"critical\",\"concept\":\"inconceivable\",\"trial_type\":\"html-button-response\",\"trial_index\":14,\"time_elapsed\":297596,\"internal_node_id\":\"0.0-1.0-0.11\",\"subject_id\":\"678a248a5b3533c5db59bfc0\",\"study_id\":\"67e2c7f5c9ee767149702482\",\"session_id\":\"67e2d653e1632be2166749ca\",\"rng_seed\":\"0.9500112911057332\",\"response_label\":0,\"provided_context\":true},{\"rt\":1830,\"stimulus\":\"<div style=\\\"font-size:20px;\\\"><p>Follow the instructions below.</p></div>\",\"response\":1,\"stimulus_0\":\"unlocking a door using\",\"stimulus_1\":\"filling a bucket with\",\"condition_0\":\"impossible\",\"condition_1\":\"impossible\",\"continuation_0\":\"a marshmallow\",\"continuation_1\":\"buildings\",\"id_0\":64,\"id_1\":33,\"context_0\":\"They do not have a key, so they are\",\"context_1\":\"They are not near sand, so they are\",\"task_type\":\"attention_check\",\"choices\":[\"Click This Button!\",\"Don't Click This Button!\"],\"trial_type\":\"html-button-response\",\"trial_index\":15,\"time_elapsed\":299427,\"internal_node_id\":\"0.0-1.0-1.11-0.11\",\"subject_id\":\"678a248a5b3533c5db59bfc0\",\"study_id\":\"67e2c7f5c9ee767149702482\",\"session_id\":\"67e2d653e1632be2166749ca\",\"rng_seed\":\"0.9500112911057332\"},{\"rt\":2413,\"stimulus\":\"<div style=\\\"font-size:20px;\\\"><p>Which scenario is more nonsensical?</p>\\n  Reminder: <strong>Nonsensical</strong> means it does not make sense due to some basic conceptual error (\\\"I painted the house with my number.\\\"). </div>\",\"response\":0,\"stimulus_0\":\"digging a hole using\",\"stimulus_1\":\"squishing a blueberry using\",\"condition_0\":\"impossible\",\"condition_1\":\"improbable\",\"continuation_0\":\"dirt\",\"continuation_1\":\"[POSS] nose\",\"id_0\":24,\"id_1\":58,\"context_0\":\"They do not have a shovel, so they are\",\"context_1\":\"They do not have fingers, so they are\",\"task_type\":\"critical\",\"concept\":\"inconceivable\",\"trial_type\":\"html-button-response\",\"trial_index\":16,\"time_elapsed\":301841,\"internal_node_id\":\"0.0-1.0-0.12\",\"subject_id\":\"678a248a5b3533c5db59bfc0\",\"study_id\":\"67e2c7f5c9ee767149702482\",\"session_id\":\"67e2d653e1632be2166749ca\",\"rng_seed\":\"0.9500112911057332\",\"response_label\":0,\"provided_context\":true},{\"rt\":2153,\"stimulus\":\"<div style=\\\"font-size:20px;\\\"><p>Which scenario is more nonsensical?</p>\\n  Reminder: <strong>Nonsensical</strong> means it does not make sense due to some basic conceptual error (\\\"I painted the house with my number.\\\"). </div>\",\"response\":1,\"stimulus_0\":\"plucking a hair using\",\"stimulus_1\":\"packing a suit inside\",\"condition_0\":\"inconceivable\",\"condition_1\":\"improbable\",\"continuation_0\":\"sympathy\",\"continuation_1\":\"a pocket\",\"id_0\":47,\"id_1\":44,\"context_0\":\"They do not have tweezers, so they are\",\"context_1\":\"They do not have a suitcase, so they are\",\"task_type\":\"critical\",\"concept\":\"inconceivable\",\"trial_type\":\"html-button-response\",\"trial_index\":17,\"time_elapsed\":303996,\"internal_node_id\":\"0.0-1.0-0.13\",\"subject_id\":\"678a248a5b3533c5db59bfc0\",\"study_id\":\"67e2c7f5c9ee767149702482\",\"session_id\":\"67e2d653e1632be2166749ca\",\"rng_seed\":\"0.9500112911057332\",\"response_label\":1,\"provided_context\":true},{\"rt\":1252,\"stimulus\":\"<div style=\\\"font-size:20px;\\\"><p>Which scenario is more nonsensical?</p>\\n  Reminder: <strong>Nonsensical</strong> means it does not make sense due to some basic conceptual error (\\\"I painted the house with my number.\\\"). </div>\",\"response\":0,\"stimulus_0\":\"drying laundry using\",\"stimulus_1\":\"cutting cardboard using\",\"condition_0\":\"improbable\",\"condition_1\":\"inconceivable\",\"continuation_0\":\"a fan\",\"continuation_1\":\"a snore\",\"id_0\":30,\"id_1\":22,\"context_0\":\"They do not have a clothesline, so they are\",\"context_1\":\"They do not have scissors, so they are\",\"task_type\":\"critical\",\"concept\":\"inconceivable\",\"trial_type\":\"html-button-response\",\"trial_index\":18,\"time_elapsed\":305250,\"internal_node_id\":\"0.0-1.0-0.14\",\"subject_id\":\"678a248a5b3533c5db59bfc0\",\"study_id\":\"67e2c7f5c9ee767149702482\",\"session_id\":\"67e2d653e1632be2166749ca\",\"rng_seed\":\"0.9500112911057332\",\"response_label\":0,\"provided_context\":true},{\"rt\":3281,\"stimulus\":\"<div style=\\\"font-size:20px;\\\"><p>Which scenario is more nonsensical?</p>\\n  Reminder: <strong>Nonsensical</strong> means it does not make sense due to some basic conceptual error (\\\"I painted the house with my number.\\\"). </div>\",\"response\":0,\"stimulus_0\":\"cooling a room using\",\"stimulus_1\":\"drying laundry using\",\"condition_0\":\"inconceivable\",\"condition_1\":\"improbable\",\"continuation_0\":\"a taste\",\"continuation_1\":\"a fan\",\"id_0\":17,\"id_1\":30,\"context_0\":\"They do not have a fan, so they are\",\"context_1\":\"They do not have a clothesline, so they are\",\"task_type\":\"critical\",\"concept\":\"inconceivable\",\"trial_type\":\"html-button-response\",\"trial_index\":19,\"time_elapsed\":308532,\"internal_node_id\":\"0.0-1.0-0.15\",\"subject_id\":\"678a248a5b3533c5db59bfc0\",\"study_id\":\"67e2c7f5c9ee767149702482\",\"session_id\":\"67e2d653e1632be2166749ca\",\"rng_seed\":\"0.9500112911057332\",\"response_label\":0,\"provided_context\":true},{\"rt\":3034,\"stimulus\":\"<div style=\\\"font-size:20px;\\\"><p>Follow the instructions below.</p></div>\",\"response\":1,\"stimulus_0\":\"cooling a room using\",\"stimulus_1\":\"drying laundry using\",\"condition_0\":\"inconceivable\",\"condition_1\":\"improbable\",\"continuation_0\":\"a taste\",\"continuation_1\":\"a fan\",\"id_0\":17,\"id_1\":30,\"context_0\":\"They do not have a fan, so they are\",\"context_1\":\"They do not have a clothesline, so they are\",\"task_type\":\"attention_check\",\"choices\":[\"Don't Click This Button!\",\"Click This Button!\"],\"trial_type\":\"html-button-response\",\"trial_index\":20,\"time_elapsed\":311567,\"internal_node_id\":\"0.0-1.0-1.15-0.15\",\"subject_id\":\"678a248a5b3533c5db59bfc0\",\"study_id\":\"67e2c7f5c9ee767149702482\",\"session_id\":\"67e2d653e1632be2166749ca\",\"rng_seed\":\"0.9500112911057332\"},{\"rt\":2838,\"stimulus\":\"<div style=\\\"font-size:20px;\\\"><p>Which scenario is more nonsensical?</p>\\n  Reminder: <strong>Nonsensical</strong> means it does not make sense due to some basic conceptual error (\\\"I painted the house with my number.\\\"). </div>\",\"response\":1,\"stimulus_0\":\"sewing a shirt using\",\"stimulus_1\":\"crafting a bowl out of\",\"condition_0\":\"improbable\",\"condition_1\":\"impossible\",\"continuation_0\":\"a toothpick\",\"continuation_1\":\"smoke\",\"id_0\":52,\"id_1\":19,\"context_0\":\"They do not have a needle, so they are\",\"context_1\":\"They do not have clay, so they are\",\"task_type\":\"critical\",\"concept\":\"inconceivable\",\"trial_type\":\"html-button-response\",\"trial_index\":21,\"time_elapsed\":314406,\"internal_node_id\":\"0.0-1.0-0.16\",\"subject_id\":\"678a248a5b3533c5db59bfc0\",\"study_id\":\"67e2c7f5c9ee767149702482\",\"session_id\":\"67e2d653e1632be2166749ca\",\"rng_seed\":\"0.9500112911057332\",\"response_label\":1,\"provided_context\":true},{\"rt\":2743,\"stimulus\":\"<div style=\\\"font-size:20px;\\\"><p>Which scenario is more nonsensical?</p>\\n  Reminder: <strong>Nonsensical</strong> means it does not make sense due to some basic conceptual error (\\\"I painted the house with my number.\\\"). </div>\",\"response\":1,\"stimulus_0\":\"denting a car with\",\"stimulus_1\":\"cooling a room using\",\"condition_0\":\"improbable\",\"condition_1\":\"inconceivable\",\"continuation_0\":\"a dumbbell\",\"continuation_1\":\"a taste\",\"id_0\":23,\"id_1\":17,\"context_0\":\"They do not have a baseball bat, so they are\",\"context_1\":\"They do not have a fan, so they are\",\"task_type\":\"critical\",\"concept\":\"inconceivable\",\"trial_type\":\"html-button-response\",\"trial_index\":22,\"time_elapsed\":317150,\"internal_node_id\":\"0.0-1.0-0.17\",\"subject_id\":\"678a248a5b3533c5db59bfc0\",\"study_id\":\"67e2c7f5c9ee767149702482\",\"session_id\":\"67e2d653e1632be2166749ca\",\"rng_seed\":\"0.9500112911057332\",\"response_label\":1,\"provided_context\":true},{\"rt\":5803,\"stimulus\":\"<div style=\\\"font-size:20px;\\\"><p>Which scenario is more nonsensical?</p>\\n  Reminder: <strong>Nonsensical</strong> means it does not make sense due to some basic conceptual error (\\\"I painted the house with my number.\\\"). </div>\",\"response\":1,\"stimulus_0\":\"carrying groceries inside\",\"stimulus_1\":\"cooling a room using\",\"condition_0\":\"improbable\",\"condition_1\":\"inconceivable\",\"continuation_0\":\"a backpack\",\"continuation_1\":\"a taste\",\"id_0\":6,\"id_1\":17,\"context_0\":\"They do not have a tote bag, so they are\",\"context_1\":\"They do not have a fan, so they are\",\"task_type\":\"critical\",\"concept\":\"inconceivable\",\"trial_type\":\"html-button-response\",\"trial_index\":23,\"time_elapsed\":322955,\"internal_node_id\":\"0.0-1.0-0.18\",\"subject_id\":\"678a248a5b3533c5db59bfc0\",\"study_id\":\"67e2c7f5c9ee767149702482\",\"session_id\":\"67e2d653e1632be2166749ca\",\"rng_seed\":\"0.9500112911057332\",\"response_label\":1,\"provided_context\":true},{\"rt\":2627,\"stimulus\":\"<div style=\\\"font-size:20px;\\\"><p>Which scenario is more nonsensical?</p>\\n  Reminder: <strong>Nonsensical</strong> means it does not make sense due to some basic conceptual error (\\\"I painted the house with my number.\\\"). </div>\",\"response\":1,\"stimulus_0\":\"polishing jewelry using\",\"stimulus_1\":\"cooking dinner out of\",\"condition_0\":\"impossible\",\"condition_1\":\"impossible\",\"continuation_0\":\"a chainsaw\",\"continuation_1\":\"the moon\",\"id_0\":48,\"id_1\":16,\"context_0\":\"They do not have a cloth, so they are\",\"context_1\":\"They do not have pasta, so they are\",\"task_type\":\"critical\",\"concept\":\"inconceivable\",\"trial_type\":\"html-button-response\",\"trial_index\":24,\"time_elapsed\":325584,\"internal_node_id\":\"0.0-1.0-0.19\",\"subject_id\":\"678a248a5b3533c5db59bfc0\",\"study_id\":\"67e2c7f5c9ee767149702482\",\"session_id\":\"67e2d653e1632be2166749ca\",\"rng_seed\":\"0.9500112911057332\",\"response_label\":1,\"provided_context\":true},{\"rt\":1805,\"stimulus\":\"<div style=\\\"font-size:20px;\\\"><p>Follow the instructions below.</p></div>\",\"response\":1,\"stimulus_0\":\"polishing jewelry using\",\"stimulus_1\":\"cooking dinner out of\",\"condition_0\":\"impossible\",\"condition_1\":\"impossible\",\"continuation_0\":\"a chainsaw\",\"continuation_1\":\"the moon\",\"id_0\":48,\"id_1\":16,\"context_0\":\"They do not have a cloth, so they are\",\"context_1\":\"They do not have pasta, so they are\",\"task_type\":\"attention_check\",\"choices\":[\"Don't Click This Button!\",\"Click This Button!\"],\"trial_type\":\"html-button-response\",\"trial_index\":25,\"time_elapsed\":327390,\"internal_node_id\":\"0.0-1.0-1.19-0.19\",\"subject_id\":\"678a248a5b3533c5db59bfc0\",\"study_id\":\"67e2c7f5c9ee767149702482\",\"session_id\":\"67e2d653e1632be2166749ca\",\"rng_seed\":\"0.9500112911057332\"},{\"rt\":16666,\"response\":{\"language\":\"english\",\"gender\":\"Female\",\"feedback\":\"\"},\"trial_type\":\"survey-text\",\"trial_index\":26,\"time_elapsed\":344062,\"internal_node_id\":\"0.0-2.0\",\"subject_id\":\"678a248a5b3533c5db59bfc0\",\"study_id\":\"67e2c7f5c9ee767149702482\",\"session_id\":\"67e2d653e1632be2166749ca\",\"rng_seed\":\"0.9500112911057332\",\"task_type\":\"survey\"},{\"success\":true,\"completion_time\":\"2025-03-25T16:23:07.858Z\",\"exp_type\":\"gesture-beat-expt-pilot\"}]",
    "dir_path": "data/experiment_2_pilot"
}