{
    "prolific_data": {
        "subject_id": "62a1d8a912b04419efd7d02c",
        "study_id": "67e2c7f5c9ee767149702482",
        "session_id": "67e2d39aa8c61502b99932ac",
        "rng_seed": "0.7949099320504798"
    },
    "data": "[{\"rt\":20335,\"stimulus\":\"\\n  <div class=\\\"jspsych-content\\\" align=left style=\\\"width:100%;text-align: left;\\\">\\n  <h2>Hello, and welcome to our study!</h2>\\n      In this study, we will ask you to 25 questions.\\n      <p>\\n      In 20 of the questions, we will need your help deciding which statement is more <strong>improbable</strong>.\\n      </p>\\n      <strong>Improbable</strong> means it is possible, but unlikely (e.g., \\\"I painted the house with my hair.\\\").\\n      <p>\\n      The remaining questions will check to make sure that you are paying attention to the study.\\n      <p>\\n    <h3>IMPORTANT:</h3>\\n    <ul>\\n      <li>Respond as quickly as you can.</li>\\n      <li>Answer the questions based on what is possible given the physical laws of the real world.</li>\\n      <li>There are no right or wrong answers. We are simply interested in your intuitions.</li>\\n      </ul>\\n    Once you are done reading this page, please press SPACEBAR to continue.\\n    </p>\\n  </div>\\n  \",\"response\":\" \",\"trial_type\":\"html-keyboard-response\",\"trial_index\":0,\"time_elapsed\":20337,\"internal_node_id\":\"0.0-0.0\",\"subject_id\":\"62a1d8a912b04419efd7d02c\",\"study_id\":\"67e2c7f5c9ee767149702482\",\"session_id\":\"67e2d39aa8c61502b99932ac\",\"rng_seed\":\"0.7949099320504798\"},{\"rt\":34285,\"stimulus\":\"<div style=\\\"font-size:20px;\\\"><p>Which scenario is more improbable?</p>\\n  Reminder: <strong>Improbable</strong> means it is possible, but unlikely (e.g., \\\"I painted the house with my hair.\\\").</div>\",\"response\":0,\"stimulus_0\":\"shaving [POSS] beard using\",\"stimulus_1\":\"taking a vacation to\",\"condition_0\":\"inconceivable\",\"condition_1\":\"impossible\",\"continuation_0\":\"a belief\",\"continuation_1\":\"the sun\",\"id_0\":54,\"id_1\":61,\"context_0\":\"They do not have a razor, so they are\",\"context_1\":\"They are not near the beach, so they are\",\"task_type\":\"critical\",\"concept\":\"improbable\",\"trial_type\":\"html-button-response\",\"trial_index\":1,\"time_elapsed\":54623,\"internal_node_id\":\"0.0-1.0-0.0\",\"subject_id\":\"62a1d8a912b04419efd7d02c\",\"study_id\":\"67e2c7f5c9ee767149702482\",\"session_id\":\"67e2d39aa8c61502b99932ac\",\"rng_seed\":\"0.7949099320504798\",\"response_label\":0,\"provided_context\":true},{\"rt\":13730,\"stimulus\":\"<div style=\\\"font-size:20px;\\\"><p>Which scenario is more improbable?</p>\\n  Reminder: <strong>Improbable</strong> means it is possible, but unlikely (e.g., \\\"I painted the house with my hair.\\\").</div>\",\"response\":0,\"stimulus_0\":\"cleaning a spill using\",\"stimulus_1\":\"building a bridge out of\",\"condition_0\":\"inconceivable\",\"condition_1\":\"improbable\",\"continuation_0\":\"a country\",\"continuation_1\":\"plastic\",\"id_0\":11,\"id_1\":4,\"context_0\":\"They do not have a sponge, so they are\",\"context_1\":\"They do not have any steel, so they are\",\"task_type\":\"critical\",\"concept\":\"improbable\",\"trial_type\":\"html-button-response\",\"trial_index\":2,\"time_elapsed\":68354,\"internal_node_id\":\"0.0-1.0-0.1\",\"subject_id\":\"62a1d8a912b04419efd7d02c\",\"study_id\":\"67e2c7f5c9ee767149702482\",\"session_id\":\"67e2d39aa8c61502b99932ac\",\"rng_seed\":\"0.7949099320504798\",\"response_label\":0,\"provided_context\":true},{\"rt\":13290,\"stimulus\":\"<div style=\\\"font-size:20px;\\\"><p>Which scenario is more improbable?</p>\\n  Reminder: <strong>Improbable</strong> means it is possible, but unlikely (e.g., \\\"I painted the house with my hair.\\\").</div>\",\"response\":0,\"stimulus_0\":\"filling a bucket with\",\"stimulus_1\":\"squishing a blueberry using\",\"condition_0\":\"impossible\",\"condition_1\":\"improbable\",\"continuation_0\":\"buildings\",\"continuation_1\":\"[POSS] nose\",\"id_0\":33,\"id_1\":58,\"context_0\":\"They are not near sand, so they are\",\"context_1\":\"They do not have fingers, so they are\",\"task_type\":\"critical\",\"concept\":\"improbable\",\"trial_type\":\"html-button-response\",\"trial_index\":3,\"time_elapsed\":81645,\"internal_node_id\":\"0.0-1.0-0.2\",\"subject_id\":\"62a1d8a912b04419efd7d02c\",\"study_id\":\"67e2c7f5c9ee767149702482\",\"session_id\":\"67e2d39aa8c61502b99932ac\",\"rng_seed\":\"0.7949099320504798\",\"response_label\":0,\"provided_context\":true},{\"rt\":5032,\"stimulus\":\"<div style=\\\"font-size:20px;\\\"><p>Which scenario is more improbable?</p>\\n  Reminder: <strong>Improbable</strong> means it is possible, but unlikely (e.g., \\\"I painted the house with my hair.\\\").</div>\",\"response\":0,\"stimulus_0\":\"taking a vacation to\",\"stimulus_1\":\"denting a car with\",\"condition_0\":\"impossible\",\"condition_1\":\"improbable\",\"continuation_0\":\"the sun\",\"continuation_1\":\"a dumbbell\",\"id_0\":61,\"id_1\":23,\"context_0\":\"They are not near the beach, so they are\",\"context_1\":\"They do not have a baseball bat, so they are\",\"task_type\":\"critical\",\"concept\":\"improbable\",\"trial_type\":\"html-button-response\",\"trial_index\":4,\"time_elapsed\":86677,\"internal_node_id\":\"0.0-1.0-0.3\",\"subject_id\":\"62a1d8a912b04419efd7d02c\",\"study_id\":\"67e2c7f5c9ee767149702482\",\"session_id\":\"67e2d39aa8c61502b99932ac\",\"rng_seed\":\"0.7949099320504798\",\"response_label\":0,\"provided_context\":true},{\"rt\":3907,\"stimulus\":\"<div style=\\\"font-size:20px;\\\"><p>Follow the instructions below.</p></div>\",\"response\":0,\"stimulus_0\":\"taking a vacation to\",\"stimulus_1\":\"denting a car with\",\"condition_0\":\"impossible\",\"condition_1\":\"improbable\",\"continuation_0\":\"the sun\",\"continuation_1\":\"a dumbbell\",\"id_0\":61,\"id_1\":23,\"context_0\":\"They are not near the beach, so they are\",\"context_1\":\"They do not have a baseball bat, so they are\",\"task_type\":\"attention_check\",\"choices\":[\"Click This Button!\",\"Don't Click This Button!\"],\"trial_type\":\"html-button-response\",\"trial_index\":5,\"time_elapsed\":90584,\"internal_node_id\":\"0.0-1.0-1.3-0.3\",\"subject_id\":\"62a1d8a912b04419efd7d02c\",\"study_id\":\"67e2c7f5c9ee767149702482\",\"session_id\":\"67e2d39aa8c61502b99932ac\",\"rng_seed\":\"0.7949099320504798\"},{\"rt\":9269,\"stimulus\":\"<div style=\\\"font-size:20px;\\\"><p>Which scenario is more improbable?</p>\\n  Reminder: <strong>Improbable</strong> means it is possible, but unlikely (e.g., \\\"I painted the house with my hair.\\\").</div>\",\"response\":0,\"stimulus_0\":\"building a bridge out of\",\"stimulus_1\":\"drying laundry using\",\"condition_0\":\"improbable\",\"condition_1\":\"improbable\",\"continuation_0\":\"plastic\",\"continuation_1\":\"a fan\",\"id_0\":4,\"id_1\":30,\"context_0\":\"They do not have any steel, so they are\",\"context_1\":\"They do not have a clothesline, so they are\",\"task_type\":\"critical\",\"concept\":\"improbable\",\"trial_type\":\"html-button-response\",\"trial_index\":6,\"time_elapsed\":99854,\"internal_node_id\":\"0.0-1.0-0.4\",\"subject_id\":\"62a1d8a912b04419efd7d02c\",\"study_id\":\"67e2c7f5c9ee767149702482\",\"session_id\":\"67e2d39aa8c61502b99932ac\",\"rng_seed\":\"0.7949099320504798\",\"response_label\":0,\"provided_context\":true},{\"rt\":9442,\"stimulus\":\"<div style=\\\"font-size:20px;\\\"><p>Which scenario is more improbable?</p>\\n  Reminder: <strong>Improbable</strong> means it is possible, but unlikely (e.g., \\\"I painted the house with my hair.\\\").</div>\",\"response\":1,\"stimulus_0\":\"catching a fish in\",\"stimulus_1\":\"cleaning a spill using\",\"condition_0\":\"improbable\",\"condition_1\":\"inconceivable\",\"continuation_0\":\"a puddle\",\"continuation_1\":\"a country\",\"id_0\":8,\"id_1\":11,\"context_0\":\"They are not near a lake, so they are\",\"context_1\":\"They do not have a sponge, so they are\",\"task_type\":\"critical\",\"concept\":\"improbable\",\"trial_type\":\"html-button-response\",\"trial_index\":7,\"time_elapsed\":109297,\"internal_node_id\":\"0.0-1.0-0.5\",\"subject_id\":\"62a1d8a912b04419efd7d02c\",\"study_id\":\"67e2c7f5c9ee767149702482\",\"session_id\":\"67e2d39aa8c61502b99932ac\",\"rng_seed\":\"0.7949099320504798\",\"response_label\":1,\"provided_context\":true},{\"rt\":8190,\"stimulus\":\"<div style=\\\"font-size:20px;\\\"><p>Which scenario is more improbable?</p>\\n  Reminder: <strong>Improbable</strong> means it is possible, but unlikely (e.g., \\\"I painted the house with my hair.\\\").</div>\",\"response\":0,\"stimulus_0\":\"plucking a hair using\",\"stimulus_1\":\"unlocking a door using\",\"condition_0\":\"inconceivable\",\"condition_1\":\"impossible\",\"continuation_0\":\"sympathy\",\"continuation_1\":\"a marshmallow\",\"id_0\":47,\"id_1\":64,\"context_0\":\"They do not have tweezers, so they are\",\"context_1\":\"They do not have a key, so they are\",\"task_type\":\"critical\",\"concept\":\"improbable\",\"trial_type\":\"html-button-response\",\"trial_index\":8,\"time_elapsed\":117487,\"internal_node_id\":\"0.0-1.0-0.6\",\"subject_id\":\"62a1d8a912b04419efd7d02c\",\"study_id\":\"67e2c7f5c9ee767149702482\",\"session_id\":\"67e2d39aa8c61502b99932ac\",\"rng_seed\":\"0.7949099320504798\",\"response_label\":0,\"provided_context\":true},{\"rt\":9457,\"stimulus\":\"<div style=\\\"font-size:20px;\\\"><p>Which scenario is more improbable?</p>\\n  Reminder: <strong>Improbable</strong> means it is possible, but unlikely (e.g., \\\"I painted the house with my hair.\\\").</div>\",\"response\":1,\"stimulus_0\":\"carrying groceries inside\",\"stimulus_1\":\"hanging a painting using\",\"condition_0\":\"improbable\",\"condition_1\":\"inconceivable\",\"continuation_0\":\"a backpack\",\"continuation_1\":\"a handshake\",\"id_0\":6,\"id_1\":36,\"context_0\":\"They do not have a tote bag, so they are\",\"context_1\":\"They do not have screws, so they are\",\"task_type\":\"critical\",\"concept\":\"improbable\",\"trial_type\":\"html-button-response\",\"trial_index\":9,\"time_elapsed\":126944,\"internal_node_id\":\"0.0-1.0-0.7\",\"subject_id\":\"62a1d8a912b04419efd7d02c\",\"study_id\":\"67e2c7f5c9ee767149702482\",\"session_id\":\"67e2d39aa8c61502b99932ac\",\"rng_seed\":\"0.7949099320504798\",\"response_label\":1,\"provided_context\":true},{\"rt\":1882,\"stimulus\":\"<div style=\\\"font-size:20px;\\\"><p>Follow the instructions below.</p></div>\",\"response\":1,\"stimulus_0\":\"carrying groceries inside\",\"stimulus_1\":\"hanging a painting using\",\"condition_0\":\"improbable\",\"condition_1\":\"inconceivable\",\"continuation_0\":\"a backpack\",\"continuation_1\":\"a handshake\",\"id_0\":6,\"id_1\":36,\"context_0\":\"They do not have a tote bag, so they are\",\"context_1\":\"They do not have screws, so they are\",\"task_type\":\"attention_check\",\"choices\":[\"Don't Click This Button!\",\"Click This Button!\"],\"trial_type\":\"html-button-response\",\"trial_index\":10,\"time_elapsed\":128827,\"internal_node_id\":\"0.0-1.0-1.7-0.7\",\"subject_id\":\"62a1d8a912b04419efd7d02c\",\"study_id\":\"67e2c7f5c9ee767149702482\",\"session_id\":\"67e2d39aa8c61502b99932ac\",\"rng_seed\":\"0.7949099320504798\"},{\"rt\":8865,\"stimulus\":\"<div style=\\\"font-size:20px;\\\"><p>Which scenario is more improbable?</p>\\n  Reminder: <strong>Improbable</strong> means it is possible, but unlikely (e.g., \\\"I painted the house with my hair.\\\").</div>\",\"response\":0,\"stimulus_0\":\"digging a hole using\",\"stimulus_1\":\"carrying groceries inside\",\"condition_0\":\"impossible\",\"condition_1\":\"improbable\",\"continuation_0\":\"dirt\",\"continuation_1\":\"a backpack\",\"id_0\":24,\"id_1\":6,\"context_0\":\"They do not have a shovel, so they are\",\"context_1\":\"They do not have a tote bag, so they are\",\"task_type\":\"critical\",\"concept\":\"improbable\",\"trial_type\":\"html-button-response\",\"trial_index\":11,\"time_elapsed\":137692,\"internal_node_id\":\"0.0-1.0-0.8\",\"subject_id\":\"62a1d8a912b04419efd7d02c\",\"study_id\":\"67e2c7f5c9ee767149702482\",\"session_id\":\"67e2d39aa8c61502b99932ac\",\"rng_seed\":\"0.7949099320504798\",\"response_label\":0,\"provided_context\":true},{\"rt\":8707,\"stimulus\":\"<div style=\\\"font-size:20px;\\\"><p>Which scenario is more improbable?</p>\\n  Reminder: <strong>Improbable</strong> means it is possible, but unlikely (e.g., \\\"I painted the house with my hair.\\\").</div>\",\"response\":1,\"stimulus_0\":\"polishing jewelry using\",\"stimulus_1\":\"cooling a room using\",\"condition_0\":\"impossible\",\"condition_1\":\"inconceivable\",\"continuation_0\":\"a chainsaw\",\"continuation_1\":\"a taste\",\"id_0\":48,\"id_1\":17,\"context_0\":\"They do not have a cloth, so they are\",\"context_1\":\"They do not have a fan, so they are\",\"task_type\":\"critical\",\"concept\":\"improbable\",\"trial_type\":\"html-button-response\",\"trial_index\":12,\"time_elapsed\":146399,\"internal_node_id\":\"0.0-1.0-0.9\",\"subject_id\":\"62a1d8a912b04419efd7d02c\",\"study_id\":\"67e2c7f5c9ee767149702482\",\"session_id\":\"67e2d39aa8c61502b99932ac\",\"rng_seed\":\"0.7949099320504798\",\"response_label\":1,\"provided_context\":true},{\"rt\":5572,\"stimulus\":\"<div style=\\\"font-size:20px;\\\"><p>Which scenario is more improbable?</p>\\n  Reminder: <strong>Improbable</strong> means it is possible, but unlikely (e.g., \\\"I painted the house with my hair.\\\").</div>\",\"response\":1,\"stimulus_0\":\"sewing a shirt using\",\"stimulus_1\":\"polishing jewelry using\",\"condition_0\":\"improbable\",\"condition_1\":\"impossible\",\"continuation_0\":\"a toothpick\",\"continuation_1\":\"a chainsaw\",\"id_0\":52,\"id_1\":48,\"context_0\":\"They do not have a needle, so they are\",\"context_1\":\"They do not have a cloth, so they are\",\"task_type\":\"critical\",\"concept\":\"improbable\",\"trial_type\":\"html-button-response\",\"trial_index\":13,\"time_elapsed\":151972,\"internal_node_id\":\"0.0-1.0-0.10\",\"subject_id\":\"62a1d8a912b04419efd7d02c\",\"study_id\":\"67e2c7f5c9ee767149702482\",\"session_id\":\"67e2d39aa8c61502b99932ac\",\"rng_seed\":\"0.7949099320504798\",\"response_label\":1,\"provided_context\":true},{\"rt\":8910,\"stimulus\":\"<div style=\\\"font-size:20px;\\\"><p>Which scenario is more improbable?</p>\\n  Reminder: <strong>Improbable</strong> means it is possible, but unlikely (e.g., \\\"I painted the house with my hair.\\\").</div>\",\"response\":1,\"stimulus_0\":\"shattering a window using\",\"stimulus_1\":\"lighting a candle using\",\"condition_0\":\"impossible\",\"condition_1\":\"impossible\",\"continuation_0\":\"confetti\",\"continuation_1\":\"yogurt\",\"id_0\":53,\"id_1\":39,\"context_0\":\"They do not have a stone, so they are\",\"context_1\":\"They do not have a match, so they are\",\"task_type\":\"critical\",\"concept\":\"improbable\",\"trial_type\":\"html-button-response\",\"trial_index\":14,\"time_elapsed\":160882,\"internal_node_id\":\"0.0-1.0-0.11\",\"subject_id\":\"62a1d8a912b04419efd7d02c\",\"study_id\":\"67e2c7f5c9ee767149702482\",\"session_id\":\"67e2d39aa8c61502b99932ac\",\"rng_seed\":\"0.7949099320504798\",\"response_label\":1,\"provided_context\":true},{\"rt\":1927,\"stimulus\":\"<div style=\\\"font-size:20px;\\\"><p>Follow the instructions below.</p></div>\",\"response\":0,\"stimulus_0\":\"shattering a window using\",\"stimulus_1\":\"lighting a candle using\",\"condition_0\":\"impossible\",\"condition_1\":\"impossible\",\"continuation_0\":\"confetti\",\"continuation_1\":\"yogurt\",\"id_0\":53,\"id_1\":39,\"context_0\":\"They do not have a stone, so they are\",\"context_1\":\"They do not have a match, so they are\",\"task_type\":\"attention_check\",\"choices\":[\"Click This Button!\",\"Don't Click This Button!\"],\"trial_type\":\"html-button-response\",\"trial_index\":15,\"time_elapsed\":162809,\"internal_node_id\":\"0.0-1.0-1.11-0.11\",\"subject_id\":\"62a1d8a912b04419efd7d02c\",\"study_id\":\"67e2c7f5c9ee767149702482\",\"session_id\":\"67e2d39aa8c61502b99932ac\",\"rng_seed\":\"0.7949099320504798\"},{\"rt\":9855,\"stimulus\":\"<div style=\\\"font-size:20px;\\\"><p>Which scenario is more improbable?</p>\\n  Reminder: <strong>Improbable</strong> means it is possible, but unlikely (e.g., \\\"I painted the house with my hair.\\\").</div>\",\"response\":1,\"stimulus_0\":\"cooling a room using\",\"stimulus_1\":\"shaving [POSS] beard using\",\"condition_0\":\"inconceivable\",\"condition_1\":\"inconceivable\",\"continuation_0\":\"a taste\",\"continuation_1\":\"a belief\",\"id_0\":17,\"id_1\":54,\"context_0\":\"They do not have a fan, so they are\",\"context_1\":\"They do not have a razor, so they are\",\"task_type\":\"critical\",\"concept\":\"improbable\",\"trial_type\":\"html-button-response\",\"trial_index\":16,\"time_elapsed\":172664,\"internal_node_id\":\"0.0-1.0-0.12\",\"subject_id\":\"62a1d8a912b04419efd7d02c\",\"study_id\":\"67e2c7f5c9ee767149702482\",\"session_id\":\"67e2d39aa8c61502b99932ac\",\"rng_seed\":\"0.7949099320504798\",\"response_label\":1,\"provided_context\":true},{\"rt\":14549,\"stimulus\":\"<div style=\\\"font-size:20px;\\\"><p>Which scenario is more improbable?</p>\\n  Reminder: <strong>Improbable</strong> means it is possible, but unlikely (e.g., \\\"I painted the house with my hair.\\\").</div>\",\"response\":0,\"stimulus_0\":\"catching a fish in\",\"stimulus_1\":\"crushing a soda can using\",\"condition_0\":\"improbable\",\"condition_1\":\"improbable\",\"continuation_0\":\"a puddle\",\"continuation_1\":\"a chair\",\"id_0\":8,\"id_1\":20,\"context_0\":\"They are not near a lake, so they are\",\"context_1\":\"They do not have a shoe, so they are\",\"task_type\":\"critical\",\"concept\":\"improbable\",\"trial_type\":\"html-button-response\",\"trial_index\":17,\"time_elapsed\":187214,\"internal_node_id\":\"0.0-1.0-0.13\",\"subject_id\":\"62a1d8a912b04419efd7d02c\",\"study_id\":\"67e2c7f5c9ee767149702482\",\"session_id\":\"67e2d39aa8c61502b99932ac\",\"rng_seed\":\"0.7949099320504798\",\"response_label\":0,\"provided_context\":true},{\"rt\":11760,\"stimulus\":\"<div style=\\\"font-size:20px;\\\"><p>Which scenario is more improbable?</p>\\n  Reminder: <strong>Improbable</strong> means it is possible, but unlikely (e.g., \\\"I painted the house with my hair.\\\").</div>\",\"response\":1,\"stimulus_0\":\"hanging a painting using\",\"stimulus_1\":\"cleaning a spill using\",\"condition_0\":\"inconceivable\",\"condition_1\":\"inconceivable\",\"continuation_0\":\"a handshake\",\"continuation_1\":\"a country\",\"id_0\":36,\"id_1\":11,\"context_0\":\"They do not have screws, so they are\",\"context_1\":\"They do not have a sponge, so they are\",\"task_type\":\"critical\",\"concept\":\"improbable\",\"trial_type\":\"html-button-response\",\"trial_index\":18,\"time_elapsed\":198974,\"internal_node_id\":\"0.0-1.0-0.14\",\"subject_id\":\"62a1d8a912b04419efd7d02c\",\"study_id\":\"67e2c7f5c9ee767149702482\",\"session_id\":\"67e2d39aa8c61502b99932ac\",\"rng_seed\":\"0.7949099320504798\",\"response_label\":1,\"provided_context\":true},{\"rt\":5467,\"stimulus\":\"<div style=\\\"font-size:20px;\\\"><p>Which scenario is more improbable?</p>\\n  Reminder: <strong>Improbable</strong> means it is possible, but unlikely (e.g., \\\"I painted the house with my hair.\\\").</div>\",\"response\":1,\"stimulus_0\":\"polishing jewelry using\",\"stimulus_1\":\"cleaning a spill using\",\"condition_0\":\"impossible\",\"condition_1\":\"inconceivable\",\"continuation_0\":\"a chainsaw\",\"continuation_1\":\"a country\",\"id_0\":48,\"id_1\":11,\"context_0\":\"They do not have a cloth, so they are\",\"context_1\":\"They do not have a sponge, so they are\",\"task_type\":\"critical\",\"concept\":\"improbable\",\"trial_type\":\"html-button-response\",\"trial_index\":19,\"time_elapsed\":204442,\"internal_node_id\":\"0.0-1.0-0.15\",\"subject_id\":\"62a1d8a912b04419efd7d02c\",\"study_id\":\"67e2c7f5c9ee767149702482\",\"session_id\":\"67e2d39aa8c61502b99932ac\",\"rng_seed\":\"0.7949099320504798\",\"response_label\":1,\"provided_context\":true},{\"rt\":1327,\"stimulus\":\"<div style=\\\"font-size:20px;\\\"><p>Follow the instructions below.</p></div>\",\"response\":0,\"stimulus_0\":\"polishing jewelry using\",\"stimulus_1\":\"cleaning a spill using\",\"condition_0\":\"impossible\",\"condition_1\":\"inconceivable\",\"continuation_0\":\"a chainsaw\",\"continuation_1\":\"a country\",\"id_0\":48,\"id_1\":11,\"context_0\":\"They do not have a cloth, so they are\",\"context_1\":\"They do not have a sponge, so they are\",\"task_type\":\"attention_check\",\"choices\":[\"Click This Button!\",\"Don't Click This Button!\"],\"trial_type\":\"html-button-response\",\"trial_index\":20,\"time_elapsed\":205769,\"internal_node_id\":\"0.0-1.0-1.15-0.15\",\"subject_id\":\"62a1d8a912b04419efd7d02c\",\"study_id\":\"67e2c7f5c9ee767149702482\",\"session_id\":\"67e2d39aa8c61502b99932ac\",\"rng_seed\":\"0.7949099320504798\"},{\"rt\":5969,\"stimulus\":\"<div style=\\\"font-size:20px;\\\"><p>Which scenario is more improbable?</p>\\n  Reminder: <strong>Improbable</strong> means it is possible, but unlikely (e.g., \\\"I painted the house with my hair.\\\").</div>\",\"response\":1,\"stimulus_0\":\"sewing a shirt using\",\"stimulus_1\":\"hanging a painting using\",\"condition_0\":\"improbable\",\"condition_1\":\"inconceivable\",\"continuation_0\":\"a toothpick\",\"continuation_1\":\"a handshake\",\"id_0\":52,\"id_1\":36,\"context_0\":\"They do not have a needle, so they are\",\"context_1\":\"They do not have screws, so they are\",\"task_type\":\"critical\",\"concept\":\"improbable\",\"trial_type\":\"html-button-response\",\"trial_index\":21,\"time_elapsed\":211739,\"internal_node_id\":\"0.0-1.0-0.16\",\"subject_id\":\"62a1d8a912b04419efd7d02c\",\"study_id\":\"67e2c7f5c9ee767149702482\",\"session_id\":\"67e2d39aa8c61502b99932ac\",\"rng_seed\":\"0.7949099320504798\",\"response_label\":1,\"provided_context\":true},{\"rt\":6383,\"stimulus\":\"<div style=\\\"font-size:20px;\\\"><p>Which scenario is more improbable?</p>\\n  Reminder: <strong>Improbable</strong> means it is possible, but unlikely (e.g., \\\"I painted the house with my hair.\\\").</div>\",\"response\":1,\"stimulus_0\":\"crafting a bowl out of\",\"stimulus_1\":\"taking a vacation to\",\"condition_0\":\"impossible\",\"condition_1\":\"impossible\",\"continuation_0\":\"smoke\",\"continuation_1\":\"the sun\",\"id_0\":19,\"id_1\":61,\"context_0\":\"They do not have clay, so they are\",\"context_1\":\"They are not near the beach, so they are\",\"task_type\":\"critical\",\"concept\":\"improbable\",\"trial_type\":\"html-button-response\",\"trial_index\":22,\"time_elapsed\":218122,\"internal_node_id\":\"0.0-1.0-0.17\",\"subject_id\":\"62a1d8a912b04419efd7d02c\",\"study_id\":\"67e2c7f5c9ee767149702482\",\"session_id\":\"67e2d39aa8c61502b99932ac\",\"rng_seed\":\"0.7949099320504798\",\"response_label\":1,\"provided_context\":true},{\"rt\":7116,\"stimulus\":\"<div style=\\\"font-size:20px;\\\"><p>Which scenario is more improbable?</p>\\n  Reminder: <strong>Improbable</strong> means it is possible, but unlikely (e.g., \\\"I painted the house with my hair.\\\").</div>\",\"response\":0,\"stimulus_0\":\"cooking dinner out of\",\"stimulus_1\":\"plucking a hair using\",\"condition_0\":\"impossible\",\"condition_1\":\"inconceivable\",\"continuation_0\":\"the moon\",\"continuation_1\":\"sympathy\",\"id_0\":16,\"id_1\":47,\"context_0\":\"They do not have pasta, so they are\",\"context_1\":\"They do not have tweezers, so they are\",\"task_type\":\"critical\",\"concept\":\"improbable\",\"trial_type\":\"html-button-response\",\"trial_index\":23,\"time_elapsed\":225239,\"internal_node_id\":\"0.0-1.0-0.18\",\"subject_id\":\"62a1d8a912b04419efd7d02c\",\"study_id\":\"67e2c7f5c9ee767149702482\",\"session_id\":\"67e2d39aa8c61502b99932ac\",\"rng_seed\":\"0.7949099320504798\",\"response_label\":0,\"provided_context\":true},{\"rt\":7335,\"stimulus\":\"<div style=\\\"font-size:20px;\\\"><p>Which scenario is more improbable?</p>\\n  Reminder: <strong>Improbable</strong> means it is possible, but unlikely (e.g., \\\"I painted the house with my hair.\\\").</div>\",\"response\":1,\"stimulus_0\":\"sewing a shirt using\",\"stimulus_1\":\"crafting a bowl out of\",\"condition_0\":\"improbable\",\"condition_1\":\"impossible\",\"continuation_0\":\"a toothpick\",\"continuation_1\":\"smoke\",\"id_0\":52,\"id_1\":19,\"context_0\":\"They do not have a needle, so they are\",\"context_1\":\"They do not have clay, so they are\",\"task_type\":\"critical\",\"concept\":\"improbable\",\"trial_type\":\"html-button-response\",\"trial_index\":24,\"time_elapsed\":232574,\"internal_node_id\":\"0.0-1.0-0.19\",\"subject_id\":\"62a1d8a912b04419efd7d02c\",\"study_id\":\"67e2c7f5c9ee767149702482\",\"session_id\":\"67e2d39aa8c61502b99932ac\",\"rng_seed\":\"0.7949099320504798\",\"response_label\":1,\"provided_context\":true},{\"rt\":1365,\"stimulus\":\"<div style=\\\"font-size:20px;\\\"><p>Follow the instructions below.</p></div>\",\"response\":1,\"stimulus_0\":\"sewing a shirt using\",\"stimulus_1\":\"crafting a bowl out of\",\"condition_0\":\"improbable\",\"condition_1\":\"impossible\",\"continuation_0\":\"a toothpick\",\"continuation_1\":\"smoke\",\"id_0\":52,\"id_1\":19,\"context_0\":\"They do not have a needle, so they are\",\"context_1\":\"They do not have clay, so they are\",\"task_type\":\"attention_check\",\"choices\":[\"Don't Click This Button!\",\"Click This Button!\"],\"trial_type\":\"html-button-response\",\"trial_index\":25,\"time_elapsed\":233939,\"internal_node_id\":\"0.0-1.0-1.19-0.19\",\"subject_id\":\"62a1d8a912b04419efd7d02c\",\"study_id\":\"67e2c7f5c9ee767149702482\",\"session_id\":\"67e2d39aa8c61502b99932ac\",\"rng_seed\":\"0.7949099320504798\"},{\"rt\":8173,\"response\":{\"language\":\"english\",\"gender\":\"male\",\"feedback\":\"\"},\"trial_type\":\"survey-text\",\"trial_index\":26,\"time_elapsed\":242114,\"internal_node_id\":\"0.0-2.0\",\"subject_id\":\"62a1d8a912b04419efd7d02c\",\"study_id\":\"67e2c7f5c9ee767149702482\",\"session_id\":\"67e2d39aa8c61502b99932ac\",\"rng_seed\":\"0.7949099320504798\",\"task_type\":\"survey\"},{\"success\":true,\"completion_time\":\"2025-03-25T16:07:03.967Z\",\"exp_type\":\"gesture-beat-expt-pilot\"}]",
    "dir_path": "data/experiment_2_pilot"
}