{
    "prolific_data": {
        "subject_id": "583f12f545073d0001fac52d",
        "study_id": "67e2c7f5c9ee767149702482",
        "session_id": "67e2d7216c00732bc436573c",
        "rng_seed": "0.1966941558594104"
    },
    "data": "[{\"rt\":56842,\"stimulus\":\"\\n  <div class=\\\"jspsych-content\\\" align=left style=\\\"width:100%;text-align: left;\\\">\\n  <h2>Hello, and welcome to our study!</h2>\\n      In this study, we will ask you to 25 questions.\\n      <p>\\n      In 20 of the questions, we will need your help deciding which statement is more <strong>impossible</strong>.\\n      </p>\\n      <strong>Impossible</strong> means it cannot happen in our world given the laws of nature, but may happen in a fictional world (e.g., \\\"I painted the house with my mind.\\\"). \\n      <p>\\n      The remaining questions will check to make sure that you are paying attention to the study.\\n      <p>\\n    <h3>IMPORTANT:</h3>\\n    <ul>\\n      <li>Respond as quickly as you can.</li>\\n      <li>Answer the questions based on what is possible given the physical laws of the real world.</li>\\n      <li>There are no right or wrong answers. We are simply interested in your intuitions.</li>\\n      </ul>\\n    Once you are done reading this page, please press SPACEBAR to continue.\\n    </p>\\n  </div>\\n  \",\"response\":\" \",\"trial_type\":\"html-keyboard-response\",\"trial_index\":0,\"time_elapsed\":56846,\"internal_node_id\":\"0.0-0.0\",\"subject_id\":\"583f12f545073d0001fac52d\",\"study_id\":\"67e2c7f5c9ee767149702482\",\"session_id\":\"67e2d7216c00732bc436573c\",\"rng_seed\":\"0.1966941558594104\"},{\"rt\":64742,\"stimulus\":\"<div style=\\\"font-size:20px;\\\"><p>Which scenario is more impossible?</p>\\n  Reminder: <strong>Impossible</strong> means it cannot happen in our world given the laws of nature, but may happen in a fictional world (e.g., \\\"I painted the house with my mind.\\\"). </div>\",\"response\":0,\"stimulus_0\":\"lighting a candle using\",\"stimulus_1\":\"catching a fish in\",\"condition_0\":\"impossible\",\"condition_1\":\"improbable\",\"continuation_0\":\"yogurt\",\"continuation_1\":\"a puddle\",\"id_0\":39,\"id_1\":8,\"context_0\":\"They do not have a match, so they are\",\"context_1\":\"They are not near a lake, so they are\",\"task_type\":\"critical\",\"concept\":\"impossible\",\"trial_type\":\"html-button-response\",\"trial_index\":1,\"time_elapsed\":121589,\"internal_node_id\":\"0.0-1.0-0.0\",\"subject_id\":\"583f12f545073d0001fac52d\",\"study_id\":\"67e2c7f5c9ee767149702482\",\"session_id\":\"67e2d7216c00732bc436573c\",\"rng_seed\":\"0.1966941558594104\",\"response_label\":0,\"provided_context\":true},{\"rt\":22574,\"stimulus\":\"<div style=\\\"font-size:20px;\\\"><p>Which scenario is more impossible?</p>\\n  Reminder: <strong>Impossible</strong> means it cannot happen in our world given the laws of nature, but may happen in a fictional world (e.g., \\\"I painted the house with my mind.\\\"). </div>\",\"response\":1,\"stimulus_0\":\"eating soup using\",\"stimulus_1\":\"digging a hole using\",\"condition_0\":\"improbable\",\"condition_1\":\"impossible\",\"continuation_0\":\"a bucket\",\"continuation_1\":\"dirt\",\"id_0\":31,\"id_1\":24,\"context_0\":\"They do not have a spoon, so they are\",\"context_1\":\"They do not have a shovel, so they are\",\"task_type\":\"critical\",\"concept\":\"impossible\",\"trial_type\":\"html-button-response\",\"trial_index\":2,\"time_elapsed\":144165,\"internal_node_id\":\"0.0-1.0-0.1\",\"subject_id\":\"583f12f545073d0001fac52d\",\"study_id\":\"67e2c7f5c9ee767149702482\",\"session_id\":\"67e2d7216c00732bc436573c\",\"rng_seed\":\"0.1966941558594104\",\"response_label\":1,\"provided_context\":true},{\"rt\":13199,\"stimulus\":\"<div style=\\\"font-size:20px;\\\"><p>Which scenario is more impossible?</p>\\n  Reminder: <strong>Impossible</strong> means it cannot happen in our world given the laws of nature, but may happen in a fictional world (e.g., \\\"I painted the house with my mind.\\\"). </div>\",\"response\":0,\"stimulus_0\":\"painting a wall using\",\"stimulus_1\":\"baking a cake inside\",\"condition_0\":\"inconceivable\",\"condition_1\":\"inconceivable\",\"continuation_0\":\"a whisper\",\"continuation_1\":\"a sigh\",\"id_0\":45,\"id_1\":0,\"context_0\":\"They do not have a brush, so they are\",\"context_1\":\"They do not have an oven, so they are\",\"task_type\":\"critical\",\"concept\":\"impossible\",\"trial_type\":\"html-button-response\",\"trial_index\":3,\"time_elapsed\":157365,\"internal_node_id\":\"0.0-1.0-0.2\",\"subject_id\":\"583f12f545073d0001fac52d\",\"study_id\":\"67e2c7f5c9ee767149702482\",\"session_id\":\"67e2d7216c00732bc436573c\",\"rng_seed\":\"0.1966941558594104\",\"response_label\":0,\"provided_context\":true},{\"rt\":20279,\"stimulus\":\"<div style=\\\"font-size:20px;\\\"><p>Which scenario is more impossible?</p>\\n  Reminder: <strong>Impossible</strong> means it cannot happen in our world given the laws of nature, but may happen in a fictional world (e.g., \\\"I painted the house with my mind.\\\"). </div>\",\"response\":1,\"stimulus_0\":\"denting a car with\",\"stimulus_1\":\"cooling a room using\",\"condition_0\":\"improbable\",\"condition_1\":\"inconceivable\",\"continuation_0\":\"a dumbbell\",\"continuation_1\":\"a taste\",\"id_0\":23,\"id_1\":17,\"context_0\":\"They do not have a baseball bat, so they are\",\"context_1\":\"They do not have a fan, so they are\",\"task_type\":\"critical\",\"concept\":\"impossible\",\"trial_type\":\"html-button-response\",\"trial_index\":4,\"time_elapsed\":177645,\"internal_node_id\":\"0.0-1.0-0.3\",\"subject_id\":\"583f12f545073d0001fac52d\",\"study_id\":\"67e2c7f5c9ee767149702482\",\"session_id\":\"67e2d7216c00732bc436573c\",\"rng_seed\":\"0.1966941558594104\",\"response_label\":1,\"provided_context\":true},{\"rt\":21911,\"stimulus\":\"<div style=\\\"font-size:20px;\\\"><p>Follow the instructions below.</p></div>\",\"response\":1,\"stimulus_0\":\"denting a car with\",\"stimulus_1\":\"cooling a room using\",\"condition_0\":\"improbable\",\"condition_1\":\"inconceivable\",\"continuation_0\":\"a dumbbell\",\"continuation_1\":\"a taste\",\"id_0\":23,\"id_1\":17,\"context_0\":\"They do not have a baseball bat, so they are\",\"context_1\":\"They do not have a fan, so they are\",\"task_type\":\"attention_check\",\"choices\":[\"Don't Click This Button!\",\"Click This Button!\"],\"trial_type\":\"html-button-response\",\"trial_index\":5,\"time_elapsed\":199557,\"internal_node_id\":\"0.0-1.0-1.3-0.3\",\"subject_id\":\"583f12f545073d0001fac52d\",\"study_id\":\"67e2c7f5c9ee767149702482\",\"session_id\":\"67e2d7216c00732bc436573c\",\"rng_seed\":\"0.1966941558594104\"},{\"rt\":10983,\"stimulus\":\"<div style=\\\"font-size:20px;\\\"><p>Which scenario is more impossible?</p>\\n  Reminder: <strong>Impossible</strong> means it cannot happen in our world given the laws of nature, but may happen in a fictional world (e.g., \\\"I painted the house with my mind.\\\"). </div>\",\"response\":0,\"stimulus_0\":\"shattering a window using\",\"stimulus_1\":\"packing a suit inside\",\"condition_0\":\"impossible\",\"condition_1\":\"improbable\",\"continuation_0\":\"confetti\",\"continuation_1\":\"a pocket\",\"id_0\":53,\"id_1\":44,\"context_0\":\"They do not have a stone, so they are\",\"context_1\":\"They do not have a suitcase, so they are\",\"task_type\":\"critical\",\"concept\":\"impossible\",\"trial_type\":\"html-button-response\",\"trial_index\":6,\"time_elapsed\":210541,\"internal_node_id\":\"0.0-1.0-0.4\",\"subject_id\":\"583f12f545073d0001fac52d\",\"study_id\":\"67e2c7f5c9ee767149702482\",\"session_id\":\"67e2d7216c00732bc436573c\",\"rng_seed\":\"0.1966941558594104\",\"response_label\":0,\"provided_context\":true},{\"rt\":11519,\"stimulus\":\"<div style=\\\"font-size:20px;\\\"><p>Which scenario is more impossible?</p>\\n  Reminder: <strong>Impossible</strong> means it cannot happen in our world given the laws of nature, but may happen in a fictional world (e.g., \\\"I painted the house with my mind.\\\"). </div>\",\"response\":0,\"stimulus_0\":\"eating soup using\",\"stimulus_1\":\"drying laundry using\",\"condition_0\":\"improbable\",\"condition_1\":\"improbable\",\"continuation_0\":\"a bucket\",\"continuation_1\":\"a fan\",\"id_0\":31,\"id_1\":30,\"context_0\":\"They do not have a spoon, so they are\",\"context_1\":\"They do not have a clothesline, so they are\",\"task_type\":\"critical\",\"concept\":\"impossible\",\"trial_type\":\"html-button-response\",\"trial_index\":7,\"time_elapsed\":222061,\"internal_node_id\":\"0.0-1.0-0.5\",\"subject_id\":\"583f12f545073d0001fac52d\",\"study_id\":\"67e2c7f5c9ee767149702482\",\"session_id\":\"67e2d7216c00732bc436573c\",\"rng_seed\":\"0.1966941558594104\",\"response_label\":0,\"provided_context\":true},{\"rt\":12719,\"stimulus\":\"<div style=\\\"font-size:20px;\\\"><p>Which scenario is more impossible?</p>\\n  Reminder: <strong>Impossible</strong> means it cannot happen in our world given the laws of nature, but may happen in a fictional world (e.g., \\\"I painted the house with my mind.\\\"). </div>\",\"response\":1,\"stimulus_0\":\"shattering a window using\",\"stimulus_1\":\"cutting cardboard using\",\"condition_0\":\"impossible\",\"condition_1\":\"inconceivable\",\"continuation_0\":\"confetti\",\"continuation_1\":\"a snore\",\"id_0\":53,\"id_1\":22,\"context_0\":\"They do not have a stone, so they are\",\"context_1\":\"They do not have scissors, so they are\",\"task_type\":\"critical\",\"concept\":\"impossible\",\"trial_type\":\"html-button-response\",\"trial_index\":8,\"time_elapsed\":234781,\"internal_node_id\":\"0.0-1.0-0.6\",\"subject_id\":\"583f12f545073d0001fac52d\",\"study_id\":\"67e2c7f5c9ee767149702482\",\"session_id\":\"67e2d7216c00732bc436573c\",\"rng_seed\":\"0.1966941558594104\",\"response_label\":1,\"provided_context\":true},{\"rt\":12927,\"stimulus\":\"<div style=\\\"font-size:20px;\\\"><p>Which scenario is more impossible?</p>\\n  Reminder: <strong>Impossible</strong> means it cannot happen in our world given the laws of nature, but may happen in a fictional world (e.g., \\\"I painted the house with my mind.\\\"). </div>\",\"response\":0,\"stimulus_0\":\"plucking a hair using\",\"stimulus_1\":\"crushing a soda can using\",\"condition_0\":\"inconceivable\",\"condition_1\":\"improbable\",\"continuation_0\":\"sympathy\",\"continuation_1\":\"a chair\",\"id_0\":47,\"id_1\":20,\"context_0\":\"They do not have tweezers, so they are\",\"context_1\":\"They do not have a shoe, so they are\",\"task_type\":\"critical\",\"concept\":\"impossible\",\"trial_type\":\"html-button-response\",\"trial_index\":9,\"time_elapsed\":247709,\"internal_node_id\":\"0.0-1.0-0.7\",\"subject_id\":\"583f12f545073d0001fac52d\",\"study_id\":\"67e2c7f5c9ee767149702482\",\"session_id\":\"67e2d7216c00732bc436573c\",\"rng_seed\":\"0.1966941558594104\",\"response_label\":0,\"provided_context\":true},{\"rt\":10391,\"stimulus\":\"<div style=\\\"font-size:20px;\\\"><p>Follow the instructions below.</p></div>\",\"response\":0,\"stimulus_0\":\"plucking a hair using\",\"stimulus_1\":\"crushing a soda can using\",\"condition_0\":\"inconceivable\",\"condition_1\":\"improbable\",\"continuation_0\":\"sympathy\",\"continuation_1\":\"a chair\",\"id_0\":47,\"id_1\":20,\"context_0\":\"They do not have tweezers, so they are\",\"context_1\":\"They do not have a shoe, so they are\",\"task_type\":\"attention_check\",\"choices\":[\"Click This Button!\",\"Don't Click This Button!\"],\"trial_type\":\"html-button-response\",\"trial_index\":10,\"time_elapsed\":258101,\"internal_node_id\":\"0.0-1.0-1.7-0.7\",\"subject_id\":\"583f12f545073d0001fac52d\",\"study_id\":\"67e2c7f5c9ee767149702482\",\"session_id\":\"67e2d7216c00732bc436573c\",\"rng_seed\":\"0.1966941558594104\"},{\"rt\":12224,\"stimulus\":\"<div style=\\\"font-size:20px;\\\"><p>Which scenario is more impossible?</p>\\n  Reminder: <strong>Impossible</strong> means it cannot happen in our world given the laws of nature, but may happen in a fictional world (e.g., \\\"I painted the house with my mind.\\\"). </div>\",\"response\":0,\"stimulus_0\":\"cooling a room using\",\"stimulus_1\":\"shaving [POSS] beard using\",\"condition_0\":\"inconceivable\",\"condition_1\":\"inconceivable\",\"continuation_0\":\"a taste\",\"continuation_1\":\"a belief\",\"id_0\":17,\"id_1\":54,\"context_0\":\"They do not have a fan, so they are\",\"context_1\":\"They do not have a razor, so they are\",\"task_type\":\"critical\",\"concept\":\"impossible\",\"trial_type\":\"html-button-response\",\"trial_index\":11,\"time_elapsed\":270325,\"internal_node_id\":\"0.0-1.0-0.8\",\"subject_id\":\"583f12f545073d0001fac52d\",\"study_id\":\"67e2c7f5c9ee767149702482\",\"session_id\":\"67e2d7216c00732bc436573c\",\"rng_seed\":\"0.1966941558594104\",\"response_label\":0,\"provided_context\":true},{\"rt\":13151,\"stimulus\":\"<div style=\\\"font-size:20px;\\\"><p>Which scenario is more impossible?</p>\\n  Reminder: <strong>Impossible</strong> means it cannot happen in our world given the laws of nature, but may happen in a fictional world (e.g., \\\"I painted the house with my mind.\\\"). </div>\",\"response\":1,\"stimulus_0\":\"building a bridge out of\",\"stimulus_1\":\"shattering a window using\",\"condition_0\":\"improbable\",\"condition_1\":\"impossible\",\"continuation_0\":\"plastic\",\"continuation_1\":\"confetti\",\"id_0\":4,\"id_1\":53,\"context_0\":\"They do not have any steel, so they are\",\"context_1\":\"They do not have a stone, so they are\",\"task_type\":\"critical\",\"concept\":\"impossible\",\"trial_type\":\"html-button-response\",\"trial_index\":12,\"time_elapsed\":283477,\"internal_node_id\":\"0.0-1.0-0.9\",\"subject_id\":\"583f12f545073d0001fac52d\",\"study_id\":\"67e2c7f5c9ee767149702482\",\"session_id\":\"67e2d7216c00732bc436573c\",\"rng_seed\":\"0.1966941558594104\",\"response_label\":1,\"provided_context\":true},{\"rt\":11503,\"stimulus\":\"<div style=\\\"font-size:20px;\\\"><p>Which scenario is more impossible?</p>\\n  Reminder: <strong>Impossible</strong> means it cannot happen in our world given the laws of nature, but may happen in a fictional world (e.g., \\\"I painted the house with my mind.\\\"). </div>\",\"response\":0,\"stimulus_0\":\"baking a cake inside\",\"stimulus_1\":\"carving a statue using\",\"condition_0\":\"inconceivable\",\"condition_1\":\"impossible\",\"continuation_0\":\"a sigh\",\"continuation_1\":\"a sock\",\"id_0\":0,\"id_1\":7,\"context_0\":\"They do not have an oven, so they are\",\"context_1\":\"They do not have a chisel, so they are\",\"task_type\":\"critical\",\"concept\":\"impossible\",\"trial_type\":\"html-button-response\",\"trial_index\":13,\"time_elapsed\":294981,\"internal_node_id\":\"0.0-1.0-0.10\",\"subject_id\":\"583f12f545073d0001fac52d\",\"study_id\":\"67e2c7f5c9ee767149702482\",\"session_id\":\"67e2d7216c00732bc436573c\",\"rng_seed\":\"0.1966941558594104\",\"response_label\":0,\"provided_context\":true},{\"rt\":11247,\"stimulus\":\"<div style=\\\"font-size:20px;\\\"><p>Which scenario is more impossible?</p>\\n  Reminder: <strong>Impossible</strong> means it cannot happen in our world given the laws of nature, but may happen in a fictional world (e.g., \\\"I painted the house with my mind.\\\"). </div>\",\"response\":0,\"stimulus_0\":\"cooling a room using\",\"stimulus_1\":\"cleaning a spill using\",\"condition_0\":\"inconceivable\",\"condition_1\":\"inconceivable\",\"continuation_0\":\"a taste\",\"continuation_1\":\"a country\",\"id_0\":17,\"id_1\":11,\"context_0\":\"They do not have a fan, so they are\",\"context_1\":\"They do not have a sponge, so they are\",\"task_type\":\"critical\",\"concept\":\"impossible\",\"trial_type\":\"html-button-response\",\"trial_index\":14,\"time_elapsed\":306229,\"internal_node_id\":\"0.0-1.0-0.11\",\"subject_id\":\"583f12f545073d0001fac52d\",\"study_id\":\"67e2c7f5c9ee767149702482\",\"session_id\":\"67e2d7216c00732bc436573c\",\"rng_seed\":\"0.1966941558594104\",\"response_label\":0,\"provided_context\":true},{\"rt\":5192,\"stimulus\":\"<div style=\\\"font-size:20px;\\\"><p>Follow the instructions below.</p></div>\",\"response\":0,\"stimulus_0\":\"cooling a room using\",\"stimulus_1\":\"cleaning a spill using\",\"condition_0\":\"inconceivable\",\"condition_1\":\"inconceivable\",\"continuation_0\":\"a taste\",\"continuation_1\":\"a country\",\"id_0\":17,\"id_1\":11,\"context_0\":\"They do not have a fan, so they are\",\"context_1\":\"They do not have a sponge, so they are\",\"task_type\":\"attention_check\",\"choices\":[\"Click This Button!\",\"Don't Click This Button!\"],\"trial_type\":\"html-button-response\",\"trial_index\":15,\"time_elapsed\":311421,\"internal_node_id\":\"0.0-1.0-1.11-0.11\",\"subject_id\":\"583f12f545073d0001fac52d\",\"study_id\":\"67e2c7f5c9ee767149702482\",\"session_id\":\"67e2d7216c00732bc436573c\",\"rng_seed\":\"0.1966941558594104\"},{\"rt\":11791,\"stimulus\":\"<div style=\\\"font-size:20px;\\\"><p>Which scenario is more impossible?</p>\\n  Reminder: <strong>Impossible</strong> means it cannot happen in our world given the laws of nature, but may happen in a fictional world (e.g., \\\"I painted the house with my mind.\\\"). </div>\",\"response\":0,\"stimulus_0\":\"drinking a cup full of\",\"stimulus_1\":\"crushing a soda can using\",\"condition_0\":\"inconceivable\",\"condition_1\":\"improbable\",\"continuation_0\":\"minutes\",\"continuation_1\":\"a chair\",\"id_0\":28,\"id_1\":20,\"context_0\":\"They do not have water, so they are\",\"context_1\":\"They do not have a shoe, so they are\",\"task_type\":\"critical\",\"concept\":\"impossible\",\"trial_type\":\"html-button-response\",\"trial_index\":16,\"time_elapsed\":323213,\"internal_node_id\":\"0.0-1.0-0.12\",\"subject_id\":\"583f12f545073d0001fac52d\",\"study_id\":\"67e2c7f5c9ee767149702482\",\"session_id\":\"67e2d7216c00732bc436573c\",\"rng_seed\":\"0.1966941558594104\",\"response_label\":0,\"provided_context\":true},{\"rt\":12135,\"stimulus\":\"<div style=\\\"font-size:20px;\\\"><p>Which scenario is more impossible?</p>\\n  Reminder: <strong>Impossible</strong> means it cannot happen in our world given the laws of nature, but may happen in a fictional world (e.g., \\\"I painted the house with my mind.\\\"). </div>\",\"response\":1,\"stimulus_0\":\"drying laundry using\",\"stimulus_1\":\"lighting a candle using\",\"condition_0\":\"improbable\",\"condition_1\":\"impossible\",\"continuation_0\":\"a fan\",\"continuation_1\":\"yogurt\",\"id_0\":30,\"id_1\":39,\"context_0\":\"They do not have a clothesline, so they are\",\"context_1\":\"They do not have a match, so they are\",\"task_type\":\"critical\",\"concept\":\"impossible\",\"trial_type\":\"html-button-response\",\"trial_index\":17,\"time_elapsed\":335349,\"internal_node_id\":\"0.0-1.0-0.13\",\"subject_id\":\"583f12f545073d0001fac52d\",\"study_id\":\"67e2c7f5c9ee767149702482\",\"session_id\":\"67e2d7216c00732bc436573c\",\"rng_seed\":\"0.1966941558594104\",\"response_label\":1,\"provided_context\":true},{\"rt\":14391,\"stimulus\":\"<div style=\\\"font-size:20px;\\\"><p>Which scenario is more impossible?</p>\\n  Reminder: <strong>Impossible</strong> means it cannot happen in our world given the laws of nature, but may happen in a fictional world (e.g., \\\"I painted the house with my mind.\\\"). </div>\",\"response\":0,\"stimulus_0\":\"crafting a bowl out of\",\"stimulus_1\":\"baking a cake inside\",\"condition_0\":\"impossible\",\"condition_1\":\"inconceivable\",\"continuation_0\":\"smoke\",\"continuation_1\":\"a sigh\",\"id_0\":19,\"id_1\":0,\"context_0\":\"They do not have clay, so they are\",\"context_1\":\"They do not have an oven, so they are\",\"task_type\":\"critical\",\"concept\":\"impossible\",\"trial_type\":\"html-button-response\",\"trial_index\":18,\"time_elapsed\":349741,\"internal_node_id\":\"0.0-1.0-0.14\",\"subject_id\":\"583f12f545073d0001fac52d\",\"study_id\":\"67e2c7f5c9ee767149702482\",\"session_id\":\"67e2d7216c00732bc436573c\",\"rng_seed\":\"0.1966941558594104\",\"response_label\":0,\"provided_context\":true},{\"rt\":10759,\"stimulus\":\"<div style=\\\"font-size:20px;\\\"><p>Which scenario is more impossible?</p>\\n  Reminder: <strong>Impossible</strong> means it cannot happen in our world given the laws of nature, but may happen in a fictional world (e.g., \\\"I painted the house with my mind.\\\"). </div>\",\"response\":0,\"stimulus_0\":\"taking a vacation to\",\"stimulus_1\":\"plucking a hair using\",\"condition_0\":\"impossible\",\"condition_1\":\"inconceivable\",\"continuation_0\":\"the sun\",\"continuation_1\":\"sympathy\",\"id_0\":61,\"id_1\":47,\"context_0\":\"They are not near the beach, so they are\",\"context_1\":\"They do not have tweezers, so they are\",\"task_type\":\"critical\",\"concept\":\"impossible\",\"trial_type\":\"html-button-response\",\"trial_index\":19,\"time_elapsed\":360501,\"internal_node_id\":\"0.0-1.0-0.15\",\"subject_id\":\"583f12f545073d0001fac52d\",\"study_id\":\"67e2c7f5c9ee767149702482\",\"session_id\":\"67e2d7216c00732bc436573c\",\"rng_seed\":\"0.1966941558594104\",\"response_label\":0,\"provided_context\":true},{\"rt\":3968,\"stimulus\":\"<div style=\\\"font-size:20px;\\\"><p>Follow the instructions below.</p></div>\",\"response\":1,\"stimulus_0\":\"taking a vacation to\",\"stimulus_1\":\"plucking a hair using\",\"condition_0\":\"impossible\",\"condition_1\":\"inconceivable\",\"continuation_0\":\"the sun\",\"continuation_1\":\"sympathy\",\"id_0\":61,\"id_1\":47,\"context_0\":\"They are not near the beach, so they are\",\"context_1\":\"They do not have tweezers, so they are\",\"task_type\":\"attention_check\",\"choices\":[\"Don't Click This Button!\",\"Click This Button!\"],\"trial_type\":\"html-button-response\",\"trial_index\":20,\"time_elapsed\":364469,\"internal_node_id\":\"0.0-1.0-1.15-0.15\",\"subject_id\":\"583f12f545073d0001fac52d\",\"study_id\":\"67e2c7f5c9ee767149702482\",\"session_id\":\"67e2d7216c00732bc436573c\",\"rng_seed\":\"0.1966941558594104\"},{\"rt\":11599,\"stimulus\":\"<div style=\\\"font-size:20px;\\\"><p>Which scenario is more impossible?</p>\\n  Reminder: <strong>Impossible</strong> means it cannot happen in our world given the laws of nature, but may happen in a fictional world (e.g., \\\"I painted the house with my mind.\\\"). </div>\",\"response\":0,\"stimulus_0\":\"cleaning a spill using\",\"stimulus_1\":\"eating soup using\",\"condition_0\":\"inconceivable\",\"condition_1\":\"improbable\",\"continuation_0\":\"a country\",\"continuation_1\":\"a bucket\",\"id_0\":11,\"id_1\":31,\"context_0\":\"They do not have a sponge, so they are\",\"context_1\":\"They do not have a spoon, so they are\",\"task_type\":\"critical\",\"concept\":\"impossible\",\"trial_type\":\"html-button-response\",\"trial_index\":21,\"time_elapsed\":376069,\"internal_node_id\":\"0.0-1.0-0.16\",\"subject_id\":\"583f12f545073d0001fac52d\",\"study_id\":\"67e2c7f5c9ee767149702482\",\"session_id\":\"67e2d7216c00732bc436573c\",\"rng_seed\":\"0.1966941558594104\",\"response_label\":0,\"provided_context\":true},{\"rt\":12696,\"stimulus\":\"<div style=\\\"font-size:20px;\\\"><p>Which scenario is more impossible?</p>\\n  Reminder: <strong>Impossible</strong> means it cannot happen in our world given the laws of nature, but may happen in a fictional world (e.g., \\\"I painted the house with my mind.\\\"). </div>\",\"response\":1,\"stimulus_0\":\"polishing jewelry using\",\"stimulus_1\":\"cleaning a spill using\",\"condition_0\":\"impossible\",\"condition_1\":\"inconceivable\",\"continuation_0\":\"a chainsaw\",\"continuation_1\":\"a country\",\"id_0\":48,\"id_1\":11,\"context_0\":\"They do not have a cloth, so they are\",\"context_1\":\"They do not have a sponge, so they are\",\"task_type\":\"critical\",\"concept\":\"impossible\",\"trial_type\":\"html-button-response\",\"trial_index\":22,\"time_elapsed\":388765,\"internal_node_id\":\"0.0-1.0-0.17\",\"subject_id\":\"583f12f545073d0001fac52d\",\"study_id\":\"67e2c7f5c9ee767149702482\",\"session_id\":\"67e2d7216c00732bc436573c\",\"rng_seed\":\"0.1966941558594104\",\"response_label\":1,\"provided_context\":true},{\"rt\":10607,\"stimulus\":\"<div style=\\\"font-size:20px;\\\"><p>Which scenario is more impossible?</p>\\n  Reminder: <strong>Impossible</strong> means it cannot happen in our world given the laws of nature, but may happen in a fictional world (e.g., \\\"I painted the house with my mind.\\\"). </div>\",\"response\":1,\"stimulus_0\":\"plucking a hair using\",\"stimulus_1\":\"crafting a bowl out of\",\"condition_0\":\"inconceivable\",\"condition_1\":\"impossible\",\"continuation_0\":\"sympathy\",\"continuation_1\":\"smoke\",\"id_0\":47,\"id_1\":19,\"context_0\":\"They do not have tweezers, so they are\",\"context_1\":\"They do not have clay, so they are\",\"task_type\":\"critical\",\"concept\":\"impossible\",\"trial_type\":\"html-button-response\",\"trial_index\":23,\"time_elapsed\":399373,\"internal_node_id\":\"0.0-1.0-0.18\",\"subject_id\":\"583f12f545073d0001fac52d\",\"study_id\":\"67e2c7f5c9ee767149702482\",\"session_id\":\"67e2d7216c00732bc436573c\",\"rng_seed\":\"0.1966941558594104\",\"response_label\":1,\"provided_context\":true},{\"rt\":11527,\"stimulus\":\"<div style=\\\"font-size:20px;\\\"><p>Which scenario is more impossible?</p>\\n  Reminder: <strong>Impossible</strong> means it cannot happen in our world given the laws of nature, but may happen in a fictional world (e.g., \\\"I painted the house with my mind.\\\"). </div>\",\"response\":1,\"stimulus_0\":\"shattering a window using\",\"stimulus_1\":\"baking a cake inside\",\"condition_0\":\"impossible\",\"condition_1\":\"inconceivable\",\"continuation_0\":\"confetti\",\"continuation_1\":\"a sigh\",\"id_0\":53,\"id_1\":0,\"context_0\":\"They do not have a stone, so they are\",\"context_1\":\"They do not have an oven, so they are\",\"task_type\":\"critical\",\"concept\":\"impossible\",\"trial_type\":\"html-button-response\",\"trial_index\":24,\"time_elapsed\":410901,\"internal_node_id\":\"0.0-1.0-0.19\",\"subject_id\":\"583f12f545073d0001fac52d\",\"study_id\":\"67e2c7f5c9ee767149702482\",\"session_id\":\"67e2d7216c00732bc436573c\",\"rng_seed\":\"0.1966941558594104\",\"response_label\":1,\"provided_context\":true},{\"rt\":5031,\"stimulus\":\"<div style=\\\"font-size:20px;\\\"><p>Follow the instructions below.</p></div>\",\"response\":1,\"stimulus_0\":\"shattering a window using\",\"stimulus_1\":\"baking a cake inside\",\"condition_0\":\"impossible\",\"condition_1\":\"inconceivable\",\"continuation_0\":\"confetti\",\"continuation_1\":\"a sigh\",\"id_0\":53,\"id_1\":0,\"context_0\":\"They do not have a stone, so they are\",\"context_1\":\"They do not have an oven, so they are\",\"task_type\":\"attention_check\",\"choices\":[\"Don't Click This Button!\",\"Click This Button!\"],\"trial_type\":\"html-button-response\",\"trial_index\":25,\"time_elapsed\":415933,\"internal_node_id\":\"0.0-1.0-1.19-0.19\",\"subject_id\":\"583f12f545073d0001fac52d\",\"study_id\":\"67e2c7f5c9ee767149702482\",\"session_id\":\"67e2d7216c00732bc436573c\",\"rng_seed\":\"0.1966941558594104\"},{\"rt\":14964,\"response\":{\"language\":\"English\",\"gender\":\"Male\",\"feedback\":\"None\"},\"trial_type\":\"survey-text\",\"trial_index\":26,\"time_elapsed\":430902,\"internal_node_id\":\"0.0-2.0\",\"subject_id\":\"583f12f545073d0001fac52d\",\"study_id\":\"67e2c7f5c9ee767149702482\",\"session_id\":\"67e2d7216c00732bc436573c\",\"rng_seed\":\"0.1966941558594104\",\"task_type\":\"survey\"},{\"success\":true,\"completion_time\":\"2025-03-25T16:30:21.264Z\",\"exp_type\":\"gesture-beat-expt-pilot\"}]",
    "dir_path": "data/experiment_2_pilot"
}