{
    "prolific_data": {
        "subject_id": "6658bd2031847f8a05c3d65a",
        "study_id": "67e2c7f5c9ee767149702482",
        "session_id": "67e2d1b79bf4833424460891",
        "rng_seed": "0.13129657081190493"
    },
    "data": "[{\"rt\":15983,\"stimulus\":\"\\n  <div class=\\\"jspsych-content\\\" align=left style=\\\"width:100%;text-align: left;\\\">\\n  <h2>Hello, and welcome to our study!</h2>\\n      In this study, we will ask you to 25 questions.\\n      <p>\\n      In 20 of the questions, we will need your help deciding which statement is more <strong>nonsensical</strong>.\\n      </p>\\n      <strong>Nonsensical</strong> means it does not make sense due to some basic conceptual error (\\\"I painted the house with my number.\\\"). \\n      <p>\\n      The remaining questions will check to make sure that you are paying attention to the study.\\n      <p>\\n    <h3>IMPORTANT:</h3>\\n    <ul>\\n      <li>Respond as quickly as you can.</li>\\n      <li>Answer the questions based on what is possible given the physical laws of the real world.</li>\\n      <li>There are no right or wrong answers. We are simply interested in your intuitions.</li>\\n      </ul>\\n    Once you are done reading this page, please press SPACEBAR to continue.\\n    </p>\\n  </div>\\n  \",\"response\":\" \",\"trial_type\":\"html-keyboard-response\",\"trial_index\":0,\"time_elapsed\":15986,\"internal_node_id\":\"0.0-0.0\",\"subject_id\":\"6658bd2031847f8a05c3d65a\",\"study_id\":\"67e2c7f5c9ee767149702482\",\"session_id\":\"67e2d1b79bf4833424460891\",\"rng_seed\":\"0.13129657081190493\"},{\"rt\":12262,\"stimulus\":\"<div style=\\\"font-size:20px;\\\"><p>Which scenario is more nonsensical?</p>\\n  Reminder: <strong>Nonsensical</strong> means it does not make sense due to some basic conceptual error (\\\"I painted the house with my number.\\\"). </div>\",\"response\":0,\"stimulus_0\":\"writing an equation on\",\"stimulus_1\":\"squishing a blueberry using\",\"condition_0\":\"inconceivable\",\"condition_1\":\"improbable\",\"continuation_0\":\"a scream\",\"continuation_1\":\"[POSS] nose\",\"id_0\":69,\"id_1\":58,\"context_0\":\"They do not have a chalkboard, so they are\",\"context_1\":\"They do not have fingers, so they are\",\"task_type\":\"critical\",\"concept\":\"inconceivable\",\"trial_type\":\"html-button-response\",\"trial_index\":1,\"time_elapsed\":28250,\"internal_node_id\":\"0.0-1.0-0.0\",\"subject_id\":\"6658bd2031847f8a05c3d65a\",\"study_id\":\"67e2c7f5c9ee767149702482\",\"session_id\":\"67e2d1b79bf4833424460891\",\"rng_seed\":\"0.13129657081190493\",\"response_label\":0,\"provided_context\":true},{\"rt\":6675,\"stimulus\":\"<div style=\\\"font-size:20px;\\\"><p>Which scenario is more nonsensical?</p>\\n  Reminder: <strong>Nonsensical</strong> means it does not make sense due to some basic conceptual error (\\\"I painted the house with my number.\\\"). </div>\",\"response\":1,\"stimulus_0\":\"writing an equation on\",\"stimulus_1\":\"shaving [POSS] beard using\",\"condition_0\":\"inconceivable\",\"condition_1\":\"inconceivable\",\"continuation_0\":\"a scream\",\"continuation_1\":\"a belief\",\"id_0\":69,\"id_1\":54,\"context_0\":\"They do not have a chalkboard, so they are\",\"context_1\":\"They do not have a razor, so they are\",\"task_type\":\"critical\",\"concept\":\"inconceivable\",\"trial_type\":\"html-button-response\",\"trial_index\":2,\"time_elapsed\":34925,\"internal_node_id\":\"0.0-1.0-0.1\",\"subject_id\":\"6658bd2031847f8a05c3d65a\",\"study_id\":\"67e2c7f5c9ee767149702482\",\"session_id\":\"67e2d1b79bf4833424460891\",\"rng_seed\":\"0.13129657081190493\",\"response_label\":1,\"provided_context\":true},{\"rt\":12287,\"stimulus\":\"<div style=\\\"font-size:20px;\\\"><p>Which scenario is more nonsensical?</p>\\n  Reminder: <strong>Nonsensical</strong> means it does not make sense due to some basic conceptual error (\\\"I painted the house with my number.\\\"). </div>\",\"response\":0,\"stimulus_0\":\"hanging a painting using\",\"stimulus_1\":\"unlocking a door using\",\"condition_0\":\"inconceivable\",\"condition_1\":\"impossible\",\"continuation_0\":\"a handshake\",\"continuation_1\":\"a marshmallow\",\"id_0\":36,\"id_1\":64,\"context_0\":\"They do not have screws, so they are\",\"context_1\":\"They do not have a key, so they are\",\"task_type\":\"critical\",\"concept\":\"inconceivable\",\"trial_type\":\"html-button-response\",\"trial_index\":3,\"time_elapsed\":47213,\"internal_node_id\":\"0.0-1.0-0.2\",\"subject_id\":\"6658bd2031847f8a05c3d65a\",\"study_id\":\"67e2c7f5c9ee767149702482\",\"session_id\":\"67e2d1b79bf4833424460891\",\"rng_seed\":\"0.13129657081190493\",\"response_label\":0,\"provided_context\":true},{\"rt\":53888,\"stimulus\":\"<div style=\\\"font-size:20px;\\\"><p>Which scenario is more nonsensical?</p>\\n  Reminder: <strong>Nonsensical</strong> means it does not make sense due to some basic conceptual error (\\\"I painted the house with my number.\\\"). </div>\",\"response\":1,\"stimulus_0\":\"catching a fish in\",\"stimulus_1\":\"carving a statue using\",\"condition_0\":\"improbable\",\"condition_1\":\"impossible\",\"continuation_0\":\"a puddle\",\"continuation_1\":\"a sock\",\"id_0\":8,\"id_1\":7,\"context_0\":\"They are not near a lake, so they are\",\"context_1\":\"They do not have a chisel, so they are\",\"task_type\":\"critical\",\"concept\":\"inconceivable\",\"trial_type\":\"html-button-response\",\"trial_index\":4,\"time_elapsed\":101102,\"internal_node_id\":\"0.0-1.0-0.3\",\"subject_id\":\"6658bd2031847f8a05c3d65a\",\"study_id\":\"67e2c7f5c9ee767149702482\",\"session_id\":\"67e2d1b79bf4833424460891\",\"rng_seed\":\"0.13129657081190493\",\"response_label\":1,\"provided_context\":true},{\"rt\":2859,\"stimulus\":\"<div style=\\\"font-size:20px;\\\"><p>Follow the instructions below.</p></div>\",\"response\":0,\"stimulus_0\":\"catching a fish in\",\"stimulus_1\":\"carving a statue using\",\"condition_0\":\"improbable\",\"condition_1\":\"impossible\",\"continuation_0\":\"a puddle\",\"continuation_1\":\"a sock\",\"id_0\":8,\"id_1\":7,\"context_0\":\"They are not near a lake, so they are\",\"context_1\":\"They do not have a chisel, so they are\",\"task_type\":\"attention_check\",\"choices\":[\"Click This Button!\",\"Don't Click This Button!\"],\"trial_type\":\"html-button-response\",\"trial_index\":5,\"time_elapsed\":103962,\"internal_node_id\":\"0.0-1.0-1.3-0.3\",\"subject_id\":\"6658bd2031847f8a05c3d65a\",\"study_id\":\"67e2c7f5c9ee767149702482\",\"session_id\":\"67e2d1b79bf4833424460891\",\"rng_seed\":\"0.13129657081190493\"},{\"rt\":5527,\"stimulus\":\"<div style=\\\"font-size:20px;\\\"><p>Which scenario is more nonsensical?</p>\\n  Reminder: <strong>Nonsensical</strong> means it does not make sense due to some basic conceptual error (\\\"I painted the house with my number.\\\"). </div>\",\"response\":1,\"stimulus_0\":\"carving a statue using\",\"stimulus_1\":\"baking a cake inside\",\"condition_0\":\"impossible\",\"condition_1\":\"inconceivable\",\"continuation_0\":\"a sock\",\"continuation_1\":\"a sigh\",\"id_0\":7,\"id_1\":0,\"context_0\":\"They do not have a chisel, so they are\",\"context_1\":\"They do not have an oven, so they are\",\"task_type\":\"critical\",\"concept\":\"inconceivable\",\"trial_type\":\"html-button-response\",\"trial_index\":6,\"time_elapsed\":109490,\"internal_node_id\":\"0.0-1.0-0.4\",\"subject_id\":\"6658bd2031847f8a05c3d65a\",\"study_id\":\"67e2c7f5c9ee767149702482\",\"session_id\":\"67e2d1b79bf4833424460891\",\"rng_seed\":\"0.13129657081190493\",\"response_label\":1,\"provided_context\":true},{\"rt\":6003,\"stimulus\":\"<div style=\\\"font-size:20px;\\\"><p>Which scenario is more nonsensical?</p>\\n  Reminder: <strong>Nonsensical</strong> means it does not make sense due to some basic conceptual error (\\\"I painted the house with my number.\\\"). </div>\",\"response\":0,\"stimulus_0\":\"squishing a blueberry using\",\"stimulus_1\":\"drying laundry using\",\"condition_0\":\"improbable\",\"condition_1\":\"improbable\",\"continuation_0\":\"[POSS] nose\",\"continuation_1\":\"a fan\",\"id_0\":58,\"id_1\":30,\"context_0\":\"They do not have fingers, so they are\",\"context_1\":\"They do not have a clothesline, so they are\",\"task_type\":\"critical\",\"concept\":\"inconceivable\",\"trial_type\":\"html-button-response\",\"trial_index\":7,\"time_elapsed\":115494,\"internal_node_id\":\"0.0-1.0-0.5\",\"subject_id\":\"6658bd2031847f8a05c3d65a\",\"study_id\":\"67e2c7f5c9ee767149702482\",\"session_id\":\"67e2d1b79bf4833424460891\",\"rng_seed\":\"0.13129657081190493\",\"response_label\":0,\"provided_context\":true},{\"rt\":6755,\"stimulus\":\"<div style=\\\"font-size:20px;\\\"><p>Which scenario is more nonsensical?</p>\\n  Reminder: <strong>Nonsensical</strong> means it does not make sense due to some basic conceptual error (\\\"I painted the house with my number.\\\"). </div>\",\"response\":0,\"stimulus_0\":\"eating soup using\",\"stimulus_1\":\"catching a fish in\",\"condition_0\":\"improbable\",\"condition_1\":\"improbable\",\"continuation_0\":\"a bucket\",\"continuation_1\":\"a puddle\",\"id_0\":31,\"id_1\":8,\"context_0\":\"They do not have a spoon, so they are\",\"context_1\":\"They are not near a lake, so they are\",\"task_type\":\"critical\",\"concept\":\"inconceivable\",\"trial_type\":\"html-button-response\",\"trial_index\":8,\"time_elapsed\":122250,\"internal_node_id\":\"0.0-1.0-0.6\",\"subject_id\":\"6658bd2031847f8a05c3d65a\",\"study_id\":\"67e2c7f5c9ee767149702482\",\"session_id\":\"67e2d1b79bf4833424460891\",\"rng_seed\":\"0.13129657081190493\",\"response_label\":0,\"provided_context\":true},{\"rt\":7527,\"stimulus\":\"<div style=\\\"font-size:20px;\\\"><p>Which scenario is more nonsensical?</p>\\n  Reminder: <strong>Nonsensical</strong> means it does not make sense due to some basic conceptual error (\\\"I painted the house with my number.\\\"). </div>\",\"response\":0,\"stimulus_0\":\"building a bridge out of\",\"stimulus_1\":\"taking a vacation to\",\"condition_0\":\"improbable\",\"condition_1\":\"impossible\",\"continuation_0\":\"plastic\",\"continuation_1\":\"the sun\",\"id_0\":4,\"id_1\":61,\"context_0\":\"They do not have any steel, so they are\",\"context_1\":\"They are not near the beach, so they are\",\"task_type\":\"critical\",\"concept\":\"inconceivable\",\"trial_type\":\"html-button-response\",\"trial_index\":9,\"time_elapsed\":129778,\"internal_node_id\":\"0.0-1.0-0.7\",\"subject_id\":\"6658bd2031847f8a05c3d65a\",\"study_id\":\"67e2c7f5c9ee767149702482\",\"session_id\":\"67e2d1b79bf4833424460891\",\"rng_seed\":\"0.13129657081190493\",\"response_label\":0,\"provided_context\":true},{\"rt\":1467,\"stimulus\":\"<div style=\\\"font-size:20px;\\\"><p>Follow the instructions below.</p></div>\",\"response\":1,\"stimulus_0\":\"building a bridge out of\",\"stimulus_1\":\"taking a vacation to\",\"condition_0\":\"improbable\",\"condition_1\":\"impossible\",\"continuation_0\":\"plastic\",\"continuation_1\":\"the sun\",\"id_0\":4,\"id_1\":61,\"context_0\":\"They do not have any steel, so they are\",\"context_1\":\"They are not near the beach, so they are\",\"task_type\":\"attention_check\",\"choices\":[\"Don't Click This Button!\",\"Click This Button!\"],\"trial_type\":\"html-button-response\",\"trial_index\":10,\"time_elapsed\":131245,\"internal_node_id\":\"0.0-1.0-1.7-0.7\",\"subject_id\":\"6658bd2031847f8a05c3d65a\",\"study_id\":\"67e2c7f5c9ee767149702482\",\"session_id\":\"67e2d1b79bf4833424460891\",\"rng_seed\":\"0.13129657081190493\"},{\"rt\":7912,\"stimulus\":\"<div style=\\\"font-size:20px;\\\"><p>Which scenario is more nonsensical?</p>\\n  Reminder: <strong>Nonsensical</strong> means it does not make sense due to some basic conceptual error (\\\"I painted the house with my number.\\\"). </div>\",\"response\":0,\"stimulus_0\":\"drinking a cup full of\",\"stimulus_1\":\"cooling a room using\",\"condition_0\":\"inconceivable\",\"condition_1\":\"inconceivable\",\"continuation_0\":\"minutes\",\"continuation_1\":\"a taste\",\"id_0\":28,\"id_1\":17,\"context_0\":\"They do not have water, so they are\",\"context_1\":\"They do not have a fan, so they are\",\"task_type\":\"critical\",\"concept\":\"inconceivable\",\"trial_type\":\"html-button-response\",\"trial_index\":11,\"time_elapsed\":139158,\"internal_node_id\":\"0.0-1.0-0.8\",\"subject_id\":\"6658bd2031847f8a05c3d65a\",\"study_id\":\"67e2c7f5c9ee767149702482\",\"session_id\":\"67e2d1b79bf4833424460891\",\"rng_seed\":\"0.13129657081190493\",\"response_label\":0,\"provided_context\":true},{\"rt\":7540,\"stimulus\":\"<div style=\\\"font-size:20px;\\\"><p>Which scenario is more nonsensical?</p>\\n  Reminder: <strong>Nonsensical</strong> means it does not make sense due to some basic conceptual error (\\\"I painted the house with my number.\\\"). </div>\",\"response\":0,\"stimulus_0\":\"crafting a bowl out of\",\"stimulus_1\":\"filling a bucket with\",\"condition_0\":\"impossible\",\"condition_1\":\"impossible\",\"continuation_0\":\"smoke\",\"continuation_1\":\"buildings\",\"id_0\":19,\"id_1\":33,\"context_0\":\"They do not have clay, so they are\",\"context_1\":\"They are not near sand, so they are\",\"task_type\":\"critical\",\"concept\":\"inconceivable\",\"trial_type\":\"html-button-response\",\"trial_index\":12,\"time_elapsed\":146698,\"internal_node_id\":\"0.0-1.0-0.9\",\"subject_id\":\"6658bd2031847f8a05c3d65a\",\"study_id\":\"67e2c7f5c9ee767149702482\",\"session_id\":\"67e2d1b79bf4833424460891\",\"rng_seed\":\"0.13129657081190493\",\"response_label\":0,\"provided_context\":true},{\"rt\":8643,\"stimulus\":\"<div style=\\\"font-size:20px;\\\"><p>Which scenario is more nonsensical?</p>\\n  Reminder: <strong>Nonsensical</strong> means it does not make sense due to some basic conceptual error (\\\"I painted the house with my number.\\\"). </div>\",\"response\":1,\"stimulus_0\":\"crushing a soda can using\",\"stimulus_1\":\"packing a suit inside\",\"condition_0\":\"improbable\",\"condition_1\":\"improbable\",\"continuation_0\":\"a chair\",\"continuation_1\":\"a pocket\",\"id_0\":20,\"id_1\":44,\"context_0\":\"They do not have a shoe, so they are\",\"context_1\":\"They do not have a suitcase, so they are\",\"task_type\":\"critical\",\"concept\":\"inconceivable\",\"trial_type\":\"html-button-response\",\"trial_index\":13,\"time_elapsed\":155341,\"internal_node_id\":\"0.0-1.0-0.10\",\"subject_id\":\"6658bd2031847f8a05c3d65a\",\"study_id\":\"67e2c7f5c9ee767149702482\",\"session_id\":\"67e2d1b79bf4833424460891\",\"rng_seed\":\"0.13129657081190493\",\"response_label\":1,\"provided_context\":true},{\"rt\":5311,\"stimulus\":\"<div style=\\\"font-size:20px;\\\"><p>Which scenario is more nonsensical?</p>\\n  Reminder: <strong>Nonsensical</strong> means it does not make sense due to some basic conceptual error (\\\"I painted the house with my number.\\\"). </div>\",\"response\":1,\"stimulus_0\":\"drying laundry using\",\"stimulus_1\":\"building a bridge out of\",\"condition_0\":\"improbable\",\"condition_1\":\"improbable\",\"continuation_0\":\"a fan\",\"continuation_1\":\"plastic\",\"id_0\":30,\"id_1\":4,\"context_0\":\"They do not have a clothesline, so they are\",\"context_1\":\"They do not have any steel, so they are\",\"task_type\":\"critical\",\"concept\":\"inconceivable\",\"trial_type\":\"html-button-response\",\"trial_index\":14,\"time_elapsed\":160654,\"internal_node_id\":\"0.0-1.0-0.11\",\"subject_id\":\"6658bd2031847f8a05c3d65a\",\"study_id\":\"67e2c7f5c9ee767149702482\",\"session_id\":\"67e2d1b79bf4833424460891\",\"rng_seed\":\"0.13129657081190493\",\"response_label\":1,\"provided_context\":true},{\"rt\":1107,\"stimulus\":\"<div style=\\\"font-size:20px;\\\"><p>Follow the instructions below.</p></div>\",\"response\":0,\"stimulus_0\":\"drying laundry using\",\"stimulus_1\":\"building a bridge out of\",\"condition_0\":\"improbable\",\"condition_1\":\"improbable\",\"continuation_0\":\"a fan\",\"continuation_1\":\"plastic\",\"id_0\":30,\"id_1\":4,\"context_0\":\"They do not have a clothesline, so they are\",\"context_1\":\"They do not have any steel, so they are\",\"task_type\":\"attention_check\",\"choices\":[\"Click This Button!\",\"Don't Click This Button!\"],\"trial_type\":\"html-button-response\",\"trial_index\":15,\"time_elapsed\":161761,\"internal_node_id\":\"0.0-1.0-1.11-0.11\",\"subject_id\":\"6658bd2031847f8a05c3d65a\",\"study_id\":\"67e2c7f5c9ee767149702482\",\"session_id\":\"67e2d1b79bf4833424460891\",\"rng_seed\":\"0.13129657081190493\"},{\"rt\":4904,\"stimulus\":\"<div style=\\\"font-size:20px;\\\"><p>Which scenario is more nonsensical?</p>\\n  Reminder: <strong>Nonsensical</strong> means it does not make sense due to some basic conceptual error (\\\"I painted the house with my number.\\\"). </div>\",\"response\":0,\"stimulus_0\":\"writing an equation on\",\"stimulus_1\":\"crushing a soda can using\",\"condition_0\":\"inconceivable\",\"condition_1\":\"improbable\",\"continuation_0\":\"a scream\",\"continuation_1\":\"a chair\",\"id_0\":69,\"id_1\":20,\"context_0\":\"They do not have a chalkboard, so they are\",\"context_1\":\"They do not have a shoe, so they are\",\"task_type\":\"critical\",\"concept\":\"inconceivable\",\"trial_type\":\"html-button-response\",\"trial_index\":16,\"time_elapsed\":166666,\"internal_node_id\":\"0.0-1.0-0.12\",\"subject_id\":\"6658bd2031847f8a05c3d65a\",\"study_id\":\"67e2c7f5c9ee767149702482\",\"session_id\":\"67e2d1b79bf4833424460891\",\"rng_seed\":\"0.13129657081190493\",\"response_label\":0,\"provided_context\":true},{\"rt\":6383,\"stimulus\":\"<div style=\\\"font-size:20px;\\\"><p>Which scenario is more nonsensical?</p>\\n  Reminder: <strong>Nonsensical</strong> means it does not make sense due to some basic conceptual error (\\\"I painted the house with my number.\\\"). </div>\",\"response\":1,\"stimulus_0\":\"squishing a blueberry using\",\"stimulus_1\":\"digging a hole using\",\"condition_0\":\"improbable\",\"condition_1\":\"impossible\",\"continuation_0\":\"[POSS] nose\",\"continuation_1\":\"dirt\",\"id_0\":58,\"id_1\":24,\"context_0\":\"They do not have fingers, so they are\",\"context_1\":\"They do not have a shovel, so they are\",\"task_type\":\"critical\",\"concept\":\"inconceivable\",\"trial_type\":\"html-button-response\",\"trial_index\":17,\"time_elapsed\":173049,\"internal_node_id\":\"0.0-1.0-0.13\",\"subject_id\":\"6658bd2031847f8a05c3d65a\",\"study_id\":\"67e2c7f5c9ee767149702482\",\"session_id\":\"67e2d1b79bf4833424460891\",\"rng_seed\":\"0.13129657081190493\",\"response_label\":1,\"provided_context\":true},{\"rt\":3359,\"stimulus\":\"<div style=\\\"font-size:20px;\\\"><p>Which scenario is more nonsensical?</p>\\n  Reminder: <strong>Nonsensical</strong> means it does not make sense due to some basic conceptual error (\\\"I painted the house with my number.\\\"). </div>\",\"response\":1,\"stimulus_0\":\"drying laundry using\",\"stimulus_1\":\"writing an equation on\",\"condition_0\":\"improbable\",\"condition_1\":\"inconceivable\",\"continuation_0\":\"a fan\",\"continuation_1\":\"a scream\",\"id_0\":30,\"id_1\":69,\"context_0\":\"They do not have a clothesline, so they are\",\"context_1\":\"They do not have a chalkboard, so they are\",\"task_type\":\"critical\",\"concept\":\"inconceivable\",\"trial_type\":\"html-button-response\",\"trial_index\":18,\"time_elapsed\":176409,\"internal_node_id\":\"0.0-1.0-0.14\",\"subject_id\":\"6658bd2031847f8a05c3d65a\",\"study_id\":\"67e2c7f5c9ee767149702482\",\"session_id\":\"67e2d1b79bf4833424460891\",\"rng_seed\":\"0.13129657081190493\",\"response_label\":1,\"provided_context\":true},{\"rt\":4124,\"stimulus\":\"<div style=\\\"font-size:20px;\\\"><p>Which scenario is more nonsensical?</p>\\n  Reminder: <strong>Nonsensical</strong> means it does not make sense due to some basic conceptual error (\\\"I painted the house with my number.\\\"). </div>\",\"response\":0,\"stimulus_0\":\"building a bridge out of\",\"stimulus_1\":\"sewing a shirt using\",\"condition_0\":\"improbable\",\"condition_1\":\"improbable\",\"continuation_0\":\"plastic\",\"continuation_1\":\"a toothpick\",\"id_0\":4,\"id_1\":52,\"context_0\":\"They do not have any steel, so they are\",\"context_1\":\"They do not have a needle, so they are\",\"task_type\":\"critical\",\"concept\":\"inconceivable\",\"trial_type\":\"html-button-response\",\"trial_index\":19,\"time_elapsed\":180534,\"internal_node_id\":\"0.0-1.0-0.15\",\"subject_id\":\"6658bd2031847f8a05c3d65a\",\"study_id\":\"67e2c7f5c9ee767149702482\",\"session_id\":\"67e2d1b79bf4833424460891\",\"rng_seed\":\"0.13129657081190493\",\"response_label\":0,\"provided_context\":true},{\"rt\":1123,\"stimulus\":\"<div style=\\\"font-size:20px;\\\"><p>Follow the instructions below.</p></div>\",\"response\":1,\"stimulus_0\":\"building a bridge out of\",\"stimulus_1\":\"sewing a shirt using\",\"condition_0\":\"improbable\",\"condition_1\":\"improbable\",\"continuation_0\":\"plastic\",\"continuation_1\":\"a toothpick\",\"id_0\":4,\"id_1\":52,\"context_0\":\"They do not have any steel, so they are\",\"context_1\":\"They do not have a needle, so they are\",\"task_type\":\"attention_check\",\"choices\":[\"Don't Click This Button!\",\"Click This Button!\"],\"trial_type\":\"html-button-response\",\"trial_index\":20,\"time_elapsed\":181658,\"internal_node_id\":\"0.0-1.0-1.15-0.15\",\"subject_id\":\"6658bd2031847f8a05c3d65a\",\"study_id\":\"67e2c7f5c9ee767149702482\",\"session_id\":\"67e2d1b79bf4833424460891\",\"rng_seed\":\"0.13129657081190493\"},{\"rt\":16347,\"stimulus\":\"<div style=\\\"font-size:20px;\\\"><p>Which scenario is more nonsensical?</p>\\n  Reminder: <strong>Nonsensical</strong> means it does not make sense due to some basic conceptual error (\\\"I painted the house with my number.\\\"). </div>\",\"response\":0,\"stimulus_0\":\"cutting cardboard using\",\"stimulus_1\":\"packing a suit inside\",\"condition_0\":\"inconceivable\",\"condition_1\":\"improbable\",\"continuation_0\":\"a snore\",\"continuation_1\":\"a pocket\",\"id_0\":22,\"id_1\":44,\"context_0\":\"They do not have scissors, so they are\",\"context_1\":\"They do not have a suitcase, so they are\",\"task_type\":\"critical\",\"concept\":\"inconceivable\",\"trial_type\":\"html-button-response\",\"trial_index\":21,\"time_elapsed\":198006,\"internal_node_id\":\"0.0-1.0-0.16\",\"subject_id\":\"6658bd2031847f8a05c3d65a\",\"study_id\":\"67e2c7f5c9ee767149702482\",\"session_id\":\"67e2d1b79bf4833424460891\",\"rng_seed\":\"0.13129657081190493\",\"response_label\":0,\"provided_context\":true},{\"rt\":8639,\"stimulus\":\"<div style=\\\"font-size:20px;\\\"><p>Which scenario is more nonsensical?</p>\\n  Reminder: <strong>Nonsensical</strong> means it does not make sense due to some basic conceptual error (\\\"I painted the house with my number.\\\"). </div>\",\"response\":1,\"stimulus_0\":\"packing a suit inside\",\"stimulus_1\":\"digging a hole using\",\"condition_0\":\"improbable\",\"condition_1\":\"impossible\",\"continuation_0\":\"a pocket\",\"continuation_1\":\"dirt\",\"id_0\":44,\"id_1\":24,\"context_0\":\"They do not have a suitcase, so they are\",\"context_1\":\"They do not have a shovel, so they are\",\"task_type\":\"critical\",\"concept\":\"inconceivable\",\"trial_type\":\"html-button-response\",\"trial_index\":22,\"time_elapsed\":206646,\"internal_node_id\":\"0.0-1.0-0.17\",\"subject_id\":\"6658bd2031847f8a05c3d65a\",\"study_id\":\"67e2c7f5c9ee767149702482\",\"session_id\":\"67e2d1b79bf4833424460891\",\"rng_seed\":\"0.13129657081190493\",\"response_label\":1,\"provided_context\":true},{\"rt\":2577,\"stimulus\":\"<div style=\\\"font-size:20px;\\\"><p>Which scenario is more nonsensical?</p>\\n  Reminder: <strong>Nonsensical</strong> means it does not make sense due to some basic conceptual error (\\\"I painted the house with my number.\\\"). </div>\",\"response\":1,\"stimulus_0\":\"unlocking a door using\",\"stimulus_1\":\"cooking dinner out of\",\"condition_0\":\"impossible\",\"condition_1\":\"impossible\",\"continuation_0\":\"a marshmallow\",\"continuation_1\":\"the moon\",\"id_0\":64,\"id_1\":16,\"context_0\":\"They do not have a key, so they are\",\"context_1\":\"They do not have pasta, so they are\",\"task_type\":\"critical\",\"concept\":\"inconceivable\",\"trial_type\":\"html-button-response\",\"trial_index\":23,\"time_elapsed\":209223,\"internal_node_id\":\"0.0-1.0-0.18\",\"subject_id\":\"6658bd2031847f8a05c3d65a\",\"study_id\":\"67e2c7f5c9ee767149702482\",\"session_id\":\"67e2d1b79bf4833424460891\",\"rng_seed\":\"0.13129657081190493\",\"response_label\":1,\"provided_context\":true},{\"rt\":5686,\"stimulus\":\"<div style=\\\"font-size:20px;\\\"><p>Which scenario is more nonsensical?</p>\\n  Reminder: <strong>Nonsensical</strong> means it does not make sense due to some basic conceptual error (\\\"I painted the house with my number.\\\"). </div>\",\"response\":0,\"stimulus_0\":\"baking a cake inside\",\"stimulus_1\":\"cutting cardboard using\",\"condition_0\":\"inconceivable\",\"condition_1\":\"inconceivable\",\"continuation_0\":\"a sigh\",\"continuation_1\":\"a snore\",\"id_0\":0,\"id_1\":22,\"context_0\":\"They do not have an oven, so they are\",\"context_1\":\"They do not have scissors, so they are\",\"task_type\":\"critical\",\"concept\":\"inconceivable\",\"trial_type\":\"html-button-response\",\"trial_index\":24,\"time_elapsed\":214910,\"internal_node_id\":\"0.0-1.0-0.19\",\"subject_id\":\"6658bd2031847f8a05c3d65a\",\"study_id\":\"67e2c7f5c9ee767149702482\",\"session_id\":\"67e2d1b79bf4833424460891\",\"rng_seed\":\"0.13129657081190493\",\"response_label\":0,\"provided_context\":true},{\"rt\":1323,\"stimulus\":\"<div style=\\\"font-size:20px;\\\"><p>Follow the instructions below.</p></div>\",\"response\":1,\"stimulus_0\":\"baking a cake inside\",\"stimulus_1\":\"cutting cardboard using\",\"condition_0\":\"inconceivable\",\"condition_1\":\"inconceivable\",\"continuation_0\":\"a sigh\",\"continuation_1\":\"a snore\",\"id_0\":0,\"id_1\":22,\"context_0\":\"They do not have an oven, so they are\",\"context_1\":\"They do not have scissors, so they are\",\"task_type\":\"attention_check\",\"choices\":[\"Don't Click This Button!\",\"Click This Button!\"],\"trial_type\":\"html-button-response\",\"trial_index\":25,\"time_elapsed\":216234,\"internal_node_id\":\"0.0-1.0-1.19-0.19\",\"subject_id\":\"6658bd2031847f8a05c3d65a\",\"study_id\":\"67e2c7f5c9ee767149702482\",\"session_id\":\"67e2d1b79bf4833424460891\",\"rng_seed\":\"0.13129657081190493\"},{\"rt\":12202,\"response\":{\"language\":\"English\",\"gender\":\"Female\",\"feedback\":\"\"},\"trial_type\":\"survey-text\",\"trial_index\":26,\"time_elapsed\":228438,\"internal_node_id\":\"0.0-2.0\",\"subject_id\":\"6658bd2031847f8a05c3d65a\",\"study_id\":\"67e2c7f5c9ee767149702482\",\"session_id\":\"67e2d1b79bf4833424460891\",\"rng_seed\":\"0.13129657081190493\",\"task_type\":\"survey\"},{\"success\":true,\"completion_time\":\"2025-03-25T15:59:23.140Z\",\"exp_type\":\"gesture-beat-expt-pilot\"}]",
    "dir_path": "data/experiment_2_pilot"
}