{
    "prolific_data": {
        "subject_id": "6762d7867afc72b594c92b11",
        "study_id": "67e2c7f5c9ee767149702482",
        "session_id": "67e2d257353c9ef0b841708d",
        "rng_seed": "0.021256269780783432"
    },
    "data": "[{\"rt\":5344,\"stimulus\":\"\\n  <div class=\\\"jspsych-content\\\" align=left style=\\\"width:100%;text-align: left;\\\">\\n  <h2>Hello, and welcome to our study!</h2>\\n      In this study, we will ask you to 25 questions.\\n      <p>\\n      In 20 of the questions, we will need your help deciding which statement is more <strong>improbable</strong>.\\n      </p>\\n      <strong>Improbable</strong> means it is possible, but unlikely (e.g., \\\"I painted the house with my hair.\\\").\\n      <p>\\n      The remaining questions will check to make sure that you are paying attention to the study.\\n      <p>\\n    <h3>IMPORTANT:</h3>\\n    <ul>\\n      <li>Respond as quickly as you can.</li>\\n      <li>Answer the questions based on what is possible given the physical laws of the real world.</li>\\n      <li>There are no right or wrong answers. We are simply interested in your intuitions.</li>\\n      </ul>\\n    Once you are done reading this page, please press SPACEBAR to continue.\\n    </p>\\n  </div>\\n  \",\"response\":\" \",\"trial_type\":\"html-keyboard-response\",\"trial_index\":0,\"time_elapsed\":5347,\"internal_node_id\":\"0.0-0.0\",\"subject_id\":\"6762d7867afc72b594c92b11\",\"study_id\":\"67e2c7f5c9ee767149702482\",\"session_id\":\"67e2d257353c9ef0b841708d\",\"rng_seed\":\"0.021256269780783432\"},{\"rt\":8975,\"stimulus\":\"<div style=\\\"font-size:20px;\\\"><p>Which scenario is more improbable?</p>\\n  Reminder: <strong>Improbable</strong> means it is possible, but unlikely (e.g., \\\"I painted the house with my hair.\\\").</div>\",\"response\":1,\"stimulus_0\":\"polishing jewelry using\",\"stimulus_1\":\"cutting cardboard using\",\"condition_0\":\"impossible\",\"condition_1\":\"inconceivable\",\"continuation_0\":\"a chainsaw\",\"continuation_1\":\"a snore\",\"id_0\":48,\"id_1\":22,\"context_0\":\"They do not have a cloth, so they are\",\"context_1\":\"They do not have scissors, so they are\",\"task_type\":\"critical\",\"concept\":\"improbable\",\"trial_type\":\"html-button-response\",\"trial_index\":1,\"time_elapsed\":14324,\"internal_node_id\":\"0.0-1.0-0.0\",\"subject_id\":\"6762d7867afc72b594c92b11\",\"study_id\":\"67e2c7f5c9ee767149702482\",\"session_id\":\"67e2d257353c9ef0b841708d\",\"rng_seed\":\"0.021256269780783432\",\"response_label\":1,\"provided_context\":true},{\"rt\":6342,\"stimulus\":\"<div style=\\\"font-size:20px;\\\"><p>Which scenario is more improbable?</p>\\n  Reminder: <strong>Improbable</strong> means it is possible, but unlikely (e.g., \\\"I painted the house with my hair.\\\").</div>\",\"response\":1,\"stimulus_0\":\"painting a wall using\",\"stimulus_1\":\"polishing jewelry using\",\"condition_0\":\"inconceivable\",\"condition_1\":\"impossible\",\"continuation_0\":\"a whisper\",\"continuation_1\":\"a chainsaw\",\"id_0\":45,\"id_1\":48,\"context_0\":\"They do not have a brush, so they are\",\"context_1\":\"They do not have a cloth, so they are\",\"task_type\":\"critical\",\"concept\":\"improbable\",\"trial_type\":\"html-button-response\",\"trial_index\":2,\"time_elapsed\":20667,\"internal_node_id\":\"0.0-1.0-0.1\",\"subject_id\":\"6762d7867afc72b594c92b11\",\"study_id\":\"67e2c7f5c9ee767149702482\",\"session_id\":\"67e2d257353c9ef0b841708d\",\"rng_seed\":\"0.021256269780783432\",\"response_label\":1,\"provided_context\":true},{\"rt\":13325,\"stimulus\":\"<div style=\\\"font-size:20px;\\\"><p>Which scenario is more improbable?</p>\\n  Reminder: <strong>Improbable</strong> means it is possible, but unlikely (e.g., \\\"I painted the house with my hair.\\\").</div>\",\"response\":1,\"stimulus_0\":\"cooking dinner out of\",\"stimulus_1\":\"packing a suit inside\",\"condition_0\":\"impossible\",\"condition_1\":\"improbable\",\"continuation_0\":\"the moon\",\"continuation_1\":\"a pocket\",\"id_0\":16,\"id_1\":44,\"context_0\":\"They do not have pasta, so they are\",\"context_1\":\"They do not have a suitcase, so they are\",\"task_type\":\"critical\",\"concept\":\"improbable\",\"trial_type\":\"html-button-response\",\"trial_index\":3,\"time_elapsed\":33992,\"internal_node_id\":\"0.0-1.0-0.2\",\"subject_id\":\"6762d7867afc72b594c92b11\",\"study_id\":\"67e2c7f5c9ee767149702482\",\"session_id\":\"67e2d257353c9ef0b841708d\",\"rng_seed\":\"0.021256269780783432\",\"response_label\":1,\"provided_context\":true},{\"rt\":9842,\"stimulus\":\"<div style=\\\"font-size:20px;\\\"><p>Which scenario is more improbable?</p>\\n  Reminder: <strong>Improbable</strong> means it is possible, but unlikely (e.g., \\\"I painted the house with my hair.\\\").</div>\",\"response\":1,\"stimulus_0\":\"packing a suit inside\",\"stimulus_1\":\"sewing a shirt using\",\"condition_0\":\"improbable\",\"condition_1\":\"improbable\",\"continuation_0\":\"a pocket\",\"continuation_1\":\"a toothpick\",\"id_0\":44,\"id_1\":52,\"context_0\":\"They do not have a suitcase, so they are\",\"context_1\":\"They do not have a needle, so they are\",\"task_type\":\"critical\",\"concept\":\"improbable\",\"trial_type\":\"html-button-response\",\"trial_index\":4,\"time_elapsed\":43835,\"internal_node_id\":\"0.0-1.0-0.3\",\"subject_id\":\"6762d7867afc72b594c92b11\",\"study_id\":\"67e2c7f5c9ee767149702482\",\"session_id\":\"67e2d257353c9ef0b841708d\",\"rng_seed\":\"0.021256269780783432\",\"response_label\":1,\"provided_context\":true},{\"rt\":3212,\"stimulus\":\"<div style=\\\"font-size:20px;\\\"><p>Follow the instructions below.</p></div>\",\"response\":0,\"stimulus_0\":\"packing a suit inside\",\"stimulus_1\":\"sewing a shirt using\",\"condition_0\":\"improbable\",\"condition_1\":\"improbable\",\"continuation_0\":\"a pocket\",\"continuation_1\":\"a toothpick\",\"id_0\":44,\"id_1\":52,\"context_0\":\"They do not have a suitcase, so they are\",\"context_1\":\"They do not have a needle, so they are\",\"task_type\":\"attention_check\",\"choices\":[\"Click This Button!\",\"Don't Click This Button!\"],\"trial_type\":\"html-button-response\",\"trial_index\":5,\"time_elapsed\":47048,\"internal_node_id\":\"0.0-1.0-1.3-0.3\",\"subject_id\":\"6762d7867afc72b594c92b11\",\"study_id\":\"67e2c7f5c9ee767149702482\",\"session_id\":\"67e2d257353c9ef0b841708d\",\"rng_seed\":\"0.021256269780783432\"},{\"rt\":5588,\"stimulus\":\"<div style=\\\"font-size:20px;\\\"><p>Which scenario is more improbable?</p>\\n  Reminder: <strong>Improbable</strong> means it is possible, but unlikely (e.g., \\\"I painted the house with my hair.\\\").</div>\",\"response\":0,\"stimulus_0\":\"taking a vacation to\",\"stimulus_1\":\"writing an equation on\",\"condition_0\":\"impossible\",\"condition_1\":\"inconceivable\",\"continuation_0\":\"the sun\",\"continuation_1\":\"a scream\",\"id_0\":61,\"id_1\":69,\"context_0\":\"They are not near the beach, so they are\",\"context_1\":\"They do not have a chalkboard, so they are\",\"task_type\":\"critical\",\"concept\":\"improbable\",\"trial_type\":\"html-button-response\",\"trial_index\":6,\"time_elapsed\":52636,\"internal_node_id\":\"0.0-1.0-0.4\",\"subject_id\":\"6762d7867afc72b594c92b11\",\"study_id\":\"67e2c7f5c9ee767149702482\",\"session_id\":\"67e2d257353c9ef0b841708d\",\"rng_seed\":\"0.021256269780783432\",\"response_label\":0,\"provided_context\":true},{\"rt\":3957,\"stimulus\":\"<div style=\\\"font-size:20px;\\\"><p>Which scenario is more improbable?</p>\\n  Reminder: <strong>Improbable</strong> means it is possible, but unlikely (e.g., \\\"I painted the house with my hair.\\\").</div>\",\"response\":0,\"stimulus_0\":\"carrying groceries inside\",\"stimulus_1\":\"unlocking a door using\",\"condition_0\":\"improbable\",\"condition_1\":\"impossible\",\"continuation_0\":\"a backpack\",\"continuation_1\":\"a marshmallow\",\"id_0\":6,\"id_1\":64,\"context_0\":\"They do not have a tote bag, so they are\",\"context_1\":\"They do not have a key, so they are\",\"task_type\":\"critical\",\"concept\":\"improbable\",\"trial_type\":\"html-button-response\",\"trial_index\":7,\"time_elapsed\":56594,\"internal_node_id\":\"0.0-1.0-0.5\",\"subject_id\":\"6762d7867afc72b594c92b11\",\"study_id\":\"67e2c7f5c9ee767149702482\",\"session_id\":\"67e2d257353c9ef0b841708d\",\"rng_seed\":\"0.021256269780783432\",\"response_label\":0,\"provided_context\":true},{\"rt\":2752,\"stimulus\":\"<div style=\\\"font-size:20px;\\\"><p>Which scenario is more improbable?</p>\\n  Reminder: <strong>Improbable</strong> means it is possible, but unlikely (e.g., \\\"I painted the house with my hair.\\\").</div>\",\"response\":1,\"stimulus_0\":\"lighting a candle using\",\"stimulus_1\":\"cooling a room using\",\"condition_0\":\"impossible\",\"condition_1\":\"inconceivable\",\"continuation_0\":\"yogurt\",\"continuation_1\":\"a taste\",\"id_0\":39,\"id_1\":17,\"context_0\":\"They do not have a match, so they are\",\"context_1\":\"They do not have a fan, so they are\",\"task_type\":\"critical\",\"concept\":\"improbable\",\"trial_type\":\"html-button-response\",\"trial_index\":8,\"time_elapsed\":59347,\"internal_node_id\":\"0.0-1.0-0.6\",\"subject_id\":\"6762d7867afc72b594c92b11\",\"study_id\":\"67e2c7f5c9ee767149702482\",\"session_id\":\"67e2d257353c9ef0b841708d\",\"rng_seed\":\"0.021256269780783432\",\"response_label\":1,\"provided_context\":true},{\"rt\":4143,\"stimulus\":\"<div style=\\\"font-size:20px;\\\"><p>Which scenario is more improbable?</p>\\n  Reminder: <strong>Improbable</strong> means it is possible, but unlikely (e.g., \\\"I painted the house with my hair.\\\").</div>\",\"response\":0,\"stimulus_0\":\"baking a cake inside\",\"stimulus_1\":\"crushing a soda can using\",\"condition_0\":\"inconceivable\",\"condition_1\":\"improbable\",\"continuation_0\":\"a sigh\",\"continuation_1\":\"a chair\",\"id_0\":0,\"id_1\":20,\"context_0\":\"They do not have an oven, so they are\",\"context_1\":\"They do not have a shoe, so they are\",\"task_type\":\"critical\",\"concept\":\"improbable\",\"trial_type\":\"html-button-response\",\"trial_index\":9,\"time_elapsed\":63491,\"internal_node_id\":\"0.0-1.0-0.7\",\"subject_id\":\"6762d7867afc72b594c92b11\",\"study_id\":\"67e2c7f5c9ee767149702482\",\"session_id\":\"67e2d257353c9ef0b841708d\",\"rng_seed\":\"0.021256269780783432\",\"response_label\":0,\"provided_context\":true},{\"rt\":1493,\"stimulus\":\"<div style=\\\"font-size:20px;\\\"><p>Follow the instructions below.</p></div>\",\"response\":1,\"stimulus_0\":\"baking a cake inside\",\"stimulus_1\":\"crushing a soda can using\",\"condition_0\":\"inconceivable\",\"condition_1\":\"improbable\",\"continuation_0\":\"a sigh\",\"continuation_1\":\"a chair\",\"id_0\":0,\"id_1\":20,\"context_0\":\"They do not have an oven, so they are\",\"context_1\":\"They do not have a shoe, so they are\",\"task_type\":\"attention_check\",\"choices\":[\"Don't Click This Button!\",\"Click This Button!\"],\"trial_type\":\"html-button-response\",\"trial_index\":10,\"time_elapsed\":64985,\"internal_node_id\":\"0.0-1.0-1.7-0.7\",\"subject_id\":\"6762d7867afc72b594c92b11\",\"study_id\":\"67e2c7f5c9ee767149702482\",\"session_id\":\"67e2d257353c9ef0b841708d\",\"rng_seed\":\"0.021256269780783432\"},{\"rt\":4134,\"stimulus\":\"<div style=\\\"font-size:20px;\\\"><p>Which scenario is more improbable?</p>\\n  Reminder: <strong>Improbable</strong> means it is possible, but unlikely (e.g., \\\"I painted the house with my hair.\\\").</div>\",\"response\":1,\"stimulus_0\":\"crushing a soda can using\",\"stimulus_1\":\"packing a suit inside\",\"condition_0\":\"improbable\",\"condition_1\":\"improbable\",\"continuation_0\":\"a chair\",\"continuation_1\":\"a pocket\",\"id_0\":20,\"id_1\":44,\"context_0\":\"They do not have a shoe, so they are\",\"context_1\":\"They do not have a suitcase, so they are\",\"task_type\":\"critical\",\"concept\":\"improbable\",\"trial_type\":\"html-button-response\",\"trial_index\":11,\"time_elapsed\":69123,\"internal_node_id\":\"0.0-1.0-0.8\",\"subject_id\":\"6762d7867afc72b594c92b11\",\"study_id\":\"67e2c7f5c9ee767149702482\",\"session_id\":\"67e2d257353c9ef0b841708d\",\"rng_seed\":\"0.021256269780783432\",\"response_label\":1,\"provided_context\":true},{\"rt\":3407,\"stimulus\":\"<div style=\\\"font-size:20px;\\\"><p>Which scenario is more improbable?</p>\\n  Reminder: <strong>Improbable</strong> means it is possible, but unlikely (e.g., \\\"I painted the house with my hair.\\\").</div>\",\"response\":0,\"stimulus_0\":\"cleaning a spill using\",\"stimulus_1\":\"cutting cardboard using\",\"condition_0\":\"inconceivable\",\"condition_1\":\"inconceivable\",\"continuation_0\":\"a country\",\"continuation_1\":\"a snore\",\"id_0\":11,\"id_1\":22,\"context_0\":\"They do not have a sponge, so they are\",\"context_1\":\"They do not have scissors, so they are\",\"task_type\":\"critical\",\"concept\":\"improbable\",\"trial_type\":\"html-button-response\",\"trial_index\":12,\"time_elapsed\":72534,\"internal_node_id\":\"0.0-1.0-0.9\",\"subject_id\":\"6762d7867afc72b594c92b11\",\"study_id\":\"67e2c7f5c9ee767149702482\",\"session_id\":\"67e2d257353c9ef0b841708d\",\"rng_seed\":\"0.021256269780783432\",\"response_label\":0,\"provided_context\":true},{\"rt\":12766,\"stimulus\":\"<div style=\\\"font-size:20px;\\\"><p>Which scenario is more improbable?</p>\\n  Reminder: <strong>Improbable</strong> means it is possible, but unlikely (e.g., \\\"I painted the house with my hair.\\\").</div>\",\"response\":1,\"stimulus_0\":\"drying laundry using\",\"stimulus_1\":\"cutting cardboard using\",\"condition_0\":\"improbable\",\"condition_1\":\"inconceivable\",\"continuation_0\":\"a fan\",\"continuation_1\":\"a snore\",\"id_0\":30,\"id_1\":22,\"context_0\":\"They do not have a clothesline, so they are\",\"context_1\":\"They do not have scissors, so they are\",\"task_type\":\"critical\",\"concept\":\"improbable\",\"trial_type\":\"html-button-response\",\"trial_index\":13,\"time_elapsed\":85308,\"internal_node_id\":\"0.0-1.0-0.10\",\"subject_id\":\"6762d7867afc72b594c92b11\",\"study_id\":\"67e2c7f5c9ee767149702482\",\"session_id\":\"67e2d257353c9ef0b841708d\",\"rng_seed\":\"0.021256269780783432\",\"response_label\":1,\"provided_context\":true},{\"rt\":7766,\"stimulus\":\"<div style=\\\"font-size:20px;\\\"><p>Which scenario is more improbable?</p>\\n  Reminder: <strong>Improbable</strong> means it is possible, but unlikely (e.g., \\\"I painted the house with my hair.\\\").</div>\",\"response\":0,\"stimulus_0\":\"writing an equation on\",\"stimulus_1\":\"plucking a hair using\",\"condition_0\":\"inconceivable\",\"condition_1\":\"inconceivable\",\"continuation_0\":\"a scream\",\"continuation_1\":\"sympathy\",\"id_0\":69,\"id_1\":47,\"context_0\":\"They do not have a chalkboard, so they are\",\"context_1\":\"They do not have tweezers, so they are\",\"task_type\":\"critical\",\"concept\":\"improbable\",\"trial_type\":\"html-button-response\",\"trial_index\":14,\"time_elapsed\":93077,\"internal_node_id\":\"0.0-1.0-0.11\",\"subject_id\":\"6762d7867afc72b594c92b11\",\"study_id\":\"67e2c7f5c9ee767149702482\",\"session_id\":\"67e2d257353c9ef0b841708d\",\"rng_seed\":\"0.021256269780783432\",\"response_label\":0,\"provided_context\":true},{\"rt\":1081,\"stimulus\":\"<div style=\\\"font-size:20px;\\\"><p>Follow the instructions below.</p></div>\",\"response\":1,\"stimulus_0\":\"writing an equation on\",\"stimulus_1\":\"plucking a hair using\",\"condition_0\":\"inconceivable\",\"condition_1\":\"inconceivable\",\"continuation_0\":\"a scream\",\"continuation_1\":\"sympathy\",\"id_0\":69,\"id_1\":47,\"context_0\":\"They do not have a chalkboard, so they are\",\"context_1\":\"They do not have tweezers, so they are\",\"task_type\":\"attention_check\",\"choices\":[\"Don't Click This Button!\",\"Click This Button!\"],\"trial_type\":\"html-button-response\",\"trial_index\":15,\"time_elapsed\":94159,\"internal_node_id\":\"0.0-1.0-1.11-0.11\",\"subject_id\":\"6762d7867afc72b594c92b11\",\"study_id\":\"67e2c7f5c9ee767149702482\",\"session_id\":\"67e2d257353c9ef0b841708d\",\"rng_seed\":\"0.021256269780783432\"},{\"rt\":3189,\"stimulus\":\"<div style=\\\"font-size:20px;\\\"><p>Which scenario is more improbable?</p>\\n  Reminder: <strong>Improbable</strong> means it is possible, but unlikely (e.g., \\\"I painted the house with my hair.\\\").</div>\",\"response\":1,\"stimulus_0\":\"denting a car with\",\"stimulus_1\":\"packing a suit inside\",\"condition_0\":\"improbable\",\"condition_1\":\"improbable\",\"continuation_0\":\"a dumbbell\",\"continuation_1\":\"a pocket\",\"id_0\":23,\"id_1\":44,\"context_0\":\"They do not have a baseball bat, so they are\",\"context_1\":\"They do not have a suitcase, so they are\",\"task_type\":\"critical\",\"concept\":\"improbable\",\"trial_type\":\"html-button-response\",\"trial_index\":16,\"time_elapsed\":97350,\"internal_node_id\":\"0.0-1.0-0.12\",\"subject_id\":\"6762d7867afc72b594c92b11\",\"study_id\":\"67e2c7f5c9ee767149702482\",\"session_id\":\"67e2d257353c9ef0b841708d\",\"rng_seed\":\"0.021256269780783432\",\"response_label\":1,\"provided_context\":true},{\"rt\":4207,\"stimulus\":\"<div style=\\\"font-size:20px;\\\"><p>Which scenario is more improbable?</p>\\n  Reminder: <strong>Improbable</strong> means it is possible, but unlikely (e.g., \\\"I painted the house with my hair.\\\").</div>\",\"response\":0,\"stimulus_0\":\"squishing a blueberry using\",\"stimulus_1\":\"carrying groceries inside\",\"condition_0\":\"improbable\",\"condition_1\":\"improbable\",\"continuation_0\":\"[POSS] nose\",\"continuation_1\":\"a backpack\",\"id_0\":58,\"id_1\":6,\"context_0\":\"They do not have fingers, so they are\",\"context_1\":\"They do not have a tote bag, so they are\",\"task_type\":\"critical\",\"concept\":\"improbable\",\"trial_type\":\"html-button-response\",\"trial_index\":17,\"time_elapsed\":101558,\"internal_node_id\":\"0.0-1.0-0.13\",\"subject_id\":\"6762d7867afc72b594c92b11\",\"study_id\":\"67e2c7f5c9ee767149702482\",\"session_id\":\"67e2d257353c9ef0b841708d\",\"rng_seed\":\"0.021256269780783432\",\"response_label\":0,\"provided_context\":true},{\"rt\":13360,\"stimulus\":\"<div style=\\\"font-size:20px;\\\"><p>Which scenario is more improbable?</p>\\n  Reminder: <strong>Improbable</strong> means it is possible, but unlikely (e.g., \\\"I painted the house with my hair.\\\").</div>\",\"response\":0,\"stimulus_0\":\"filling a bucket with\",\"stimulus_1\":\"crushing a soda can using\",\"condition_0\":\"impossible\",\"condition_1\":\"improbable\",\"continuation_0\":\"buildings\",\"continuation_1\":\"a chair\",\"id_0\":33,\"id_1\":20,\"context_0\":\"They are not near sand, so they are\",\"context_1\":\"They do not have a shoe, so they are\",\"task_type\":\"critical\",\"concept\":\"improbable\",\"trial_type\":\"html-button-response\",\"trial_index\":18,\"time_elapsed\":114920,\"internal_node_id\":\"0.0-1.0-0.14\",\"subject_id\":\"6762d7867afc72b594c92b11\",\"study_id\":\"67e2c7f5c9ee767149702482\",\"session_id\":\"67e2d257353c9ef0b841708d\",\"rng_seed\":\"0.021256269780783432\",\"response_label\":0,\"provided_context\":true},{\"rt\":20375,\"stimulus\":\"<div style=\\\"font-size:20px;\\\"><p>Which scenario is more improbable?</p>\\n  Reminder: <strong>Improbable</strong> means it is possible, but unlikely (e.g., \\\"I painted the house with my hair.\\\").</div>\",\"response\":1,\"stimulus_0\":\"cutting cardboard using\",\"stimulus_1\":\"unlocking a door using\",\"condition_0\":\"inconceivable\",\"condition_1\":\"impossible\",\"continuation_0\":\"a snore\",\"continuation_1\":\"a marshmallow\",\"id_0\":22,\"id_1\":64,\"context_0\":\"They do not have scissors, so they are\",\"context_1\":\"They do not have a key, so they are\",\"task_type\":\"critical\",\"concept\":\"improbable\",\"trial_type\":\"html-button-response\",\"trial_index\":19,\"time_elapsed\":135297,\"internal_node_id\":\"0.0-1.0-0.15\",\"subject_id\":\"6762d7867afc72b594c92b11\",\"study_id\":\"67e2c7f5c9ee767149702482\",\"session_id\":\"67e2d257353c9ef0b841708d\",\"rng_seed\":\"0.021256269780783432\",\"response_label\":1,\"provided_context\":true},{\"rt\":1374,\"stimulus\":\"<div style=\\\"font-size:20px;\\\"><p>Follow the instructions below.</p></div>\",\"response\":0,\"stimulus_0\":\"cutting cardboard using\",\"stimulus_1\":\"unlocking a door using\",\"condition_0\":\"inconceivable\",\"condition_1\":\"impossible\",\"continuation_0\":\"a snore\",\"continuation_1\":\"a marshmallow\",\"id_0\":22,\"id_1\":64,\"context_0\":\"They do not have scissors, so they are\",\"context_1\":\"They do not have a key, so they are\",\"task_type\":\"attention_check\",\"choices\":[\"Click This Button!\",\"Don't Click This Button!\"],\"trial_type\":\"html-button-response\",\"trial_index\":20,\"time_elapsed\":136672,\"internal_node_id\":\"0.0-1.0-1.15-0.15\",\"subject_id\":\"6762d7867afc72b594c92b11\",\"study_id\":\"67e2c7f5c9ee767149702482\",\"session_id\":\"67e2d257353c9ef0b841708d\",\"rng_seed\":\"0.021256269780783432\"},{\"rt\":2907,\"stimulus\":\"<div style=\\\"font-size:20px;\\\"><p>Which scenario is more improbable?</p>\\n  Reminder: <strong>Improbable</strong> means it is possible, but unlikely (e.g., \\\"I painted the house with my hair.\\\").</div>\",\"response\":1,\"stimulus_0\":\"carrying groceries inside\",\"stimulus_1\":\"painting a wall using\",\"condition_0\":\"improbable\",\"condition_1\":\"inconceivable\",\"continuation_0\":\"a backpack\",\"continuation_1\":\"a whisper\",\"id_0\":6,\"id_1\":45,\"context_0\":\"They do not have a tote bag, so they are\",\"context_1\":\"They do not have a brush, so they are\",\"task_type\":\"critical\",\"concept\":\"improbable\",\"trial_type\":\"html-button-response\",\"trial_index\":21,\"time_elapsed\":139580,\"internal_node_id\":\"0.0-1.0-0.16\",\"subject_id\":\"6762d7867afc72b594c92b11\",\"study_id\":\"67e2c7f5c9ee767149702482\",\"session_id\":\"67e2d257353c9ef0b841708d\",\"rng_seed\":\"0.021256269780783432\",\"response_label\":1,\"provided_context\":true},{\"rt\":2656,\"stimulus\":\"<div style=\\\"font-size:20px;\\\"><p>Which scenario is more improbable?</p>\\n  Reminder: <strong>Improbable</strong> means it is possible, but unlikely (e.g., \\\"I painted the house with my hair.\\\").</div>\",\"response\":0,\"stimulus_0\":\"baking a cake inside\",\"stimulus_1\":\"crushing a soda can using\",\"condition_0\":\"inconceivable\",\"condition_1\":\"improbable\",\"continuation_0\":\"a sigh\",\"continuation_1\":\"a chair\",\"id_0\":0,\"id_1\":20,\"context_0\":\"They do not have an oven, so they are\",\"context_1\":\"They do not have a shoe, so they are\",\"task_type\":\"critical\",\"concept\":\"improbable\",\"trial_type\":\"html-button-response\",\"trial_index\":22,\"time_elapsed\":142236,\"internal_node_id\":\"0.0-1.0-0.17\",\"subject_id\":\"6762d7867afc72b594c92b11\",\"study_id\":\"67e2c7f5c9ee767149702482\",\"session_id\":\"67e2d257353c9ef0b841708d\",\"rng_seed\":\"0.021256269780783432\",\"response_label\":0,\"provided_context\":true},{\"rt\":12726,\"stimulus\":\"<div style=\\\"font-size:20px;\\\"><p>Which scenario is more improbable?</p>\\n  Reminder: <strong>Improbable</strong> means it is possible, but unlikely (e.g., \\\"I painted the house with my hair.\\\").</div>\",\"response\":1,\"stimulus_0\":\"packing a suit inside\",\"stimulus_1\":\"drinking a cup full of\",\"condition_0\":\"improbable\",\"condition_1\":\"inconceivable\",\"continuation_0\":\"a pocket\",\"continuation_1\":\"minutes\",\"id_0\":44,\"id_1\":28,\"context_0\":\"They do not have a suitcase, so they are\",\"context_1\":\"They do not have water, so they are\",\"task_type\":\"critical\",\"concept\":\"improbable\",\"trial_type\":\"html-button-response\",\"trial_index\":23,\"time_elapsed\":154963,\"internal_node_id\":\"0.0-1.0-0.18\",\"subject_id\":\"6762d7867afc72b594c92b11\",\"study_id\":\"67e2c7f5c9ee767149702482\",\"session_id\":\"67e2d257353c9ef0b841708d\",\"rng_seed\":\"0.021256269780783432\",\"response_label\":1,\"provided_context\":true},{\"rt\":2768,\"stimulus\":\"<div style=\\\"font-size:20px;\\\"><p>Which scenario is more improbable?</p>\\n  Reminder: <strong>Improbable</strong> means it is possible, but unlikely (e.g., \\\"I painted the house with my hair.\\\").</div>\",\"response\":0,\"stimulus_0\":\"taking a vacation to\",\"stimulus_1\":\"squishing a blueberry using\",\"condition_0\":\"impossible\",\"condition_1\":\"improbable\",\"continuation_0\":\"the sun\",\"continuation_1\":\"[POSS] nose\",\"id_0\":61,\"id_1\":58,\"context_0\":\"They are not near the beach, so they are\",\"context_1\":\"They do not have fingers, so they are\",\"task_type\":\"critical\",\"concept\":\"improbable\",\"trial_type\":\"html-button-response\",\"trial_index\":24,\"time_elapsed\":157732,\"internal_node_id\":\"0.0-1.0-0.19\",\"subject_id\":\"6762d7867afc72b594c92b11\",\"study_id\":\"67e2c7f5c9ee767149702482\",\"session_id\":\"67e2d257353c9ef0b841708d\",\"rng_seed\":\"0.021256269780783432\",\"response_label\":0,\"provided_context\":true},{\"rt\":1138,\"stimulus\":\"<div style=\\\"font-size:20px;\\\"><p>Follow the instructions below.</p></div>\",\"response\":0,\"stimulus_0\":\"taking a vacation to\",\"stimulus_1\":\"squishing a blueberry using\",\"condition_0\":\"impossible\",\"condition_1\":\"improbable\",\"continuation_0\":\"the sun\",\"continuation_1\":\"[POSS] nose\",\"id_0\":61,\"id_1\":58,\"context_0\":\"They are not near the beach, so they are\",\"context_1\":\"They do not have fingers, so they are\",\"task_type\":\"attention_check\",\"choices\":[\"Click This Button!\",\"Don't Click This Button!\"],\"trial_type\":\"html-button-response\",\"trial_index\":25,\"time_elapsed\":158870,\"internal_node_id\":\"0.0-1.0-1.19-0.19\",\"subject_id\":\"6762d7867afc72b594c92b11\",\"study_id\":\"67e2c7f5c9ee767149702482\",\"session_id\":\"67e2d257353c9ef0b841708d\",\"rng_seed\":\"0.021256269780783432\"},{\"rt\":9694,\"response\":{\"language\":\"ENGLISH\",\"gender\":\"MALE\",\"feedback\":\"\"},\"trial_type\":\"survey-text\",\"trial_index\":26,\"time_elapsed\":168588,\"internal_node_id\":\"0.0-2.0\",\"subject_id\":\"6762d7867afc72b594c92b11\",\"study_id\":\"67e2c7f5c9ee767149702482\",\"session_id\":\"67e2d257353c9ef0b841708d\",\"rng_seed\":\"0.021256269780783432\",\"task_type\":\"survey\"},{\"success\":true,\"completion_time\":\"2025-03-25T16:00:17.901Z\",\"exp_type\":\"gesture-beat-expt-pilot\"}]",
    "dir_path": "data/experiment_2_pilot"
}