{
    "prolific_data": {
        "subject_id": "671fe341ba59a876dba3e9f7",
        "study_id": "67e2c7f5c9ee767149702482",
        "session_id": "67e2d2e3105ab7d3bb5635d1",
        "rng_seed": "0.512468789873811"
    },
    "data": "[{\"rt\":17652,\"stimulus\":\"\\n  <div class=\\\"jspsych-content\\\" align=left style=\\\"width:100%;text-align: left;\\\">\\n  <h2>Hello, and welcome to our study!</h2>\\n      In this study, we will ask you to 25 questions.\\n      <p>\\n      In 20 of the questions, we will need your help deciding which statement is more <strong>impossible</strong>.\\n      </p>\\n      <strong>Impossible</strong> means it cannot happen in our world given the laws of nature, but may happen in a fictional world (e.g., \\\"I painted the house with my mind.\\\"). \\n      <p>\\n      The remaining questions will check to make sure that you are paying attention to the study.\\n      <p>\\n    <h3>IMPORTANT:</h3>\\n    <ul>\\n      <li>Respond as quickly as you can.</li>\\n      <li>Answer the questions based on what is possible given the physical laws of the real world.</li>\\n      <li>There are no right or wrong answers. We are simply interested in your intuitions.</li>\\n      </ul>\\n    Once you are done reading this page, please press SPACEBAR to continue.\\n    </p>\\n  </div>\\n  \",\"response\":\" \",\"trial_type\":\"html-keyboard-response\",\"trial_index\":0,\"time_elapsed\":17659,\"internal_node_id\":\"0.0-0.0\",\"subject_id\":\"671fe341ba59a876dba3e9f7\",\"study_id\":\"67e2c7f5c9ee767149702482\",\"session_id\":\"67e2d2e3105ab7d3bb5635d1\",\"rng_seed\":\"0.512468789873811\"},{\"rt\":9226,\"stimulus\":\"<div style=\\\"font-size:20px;\\\"><p>Which scenario is more impossible?</p>\\n  Reminder: <strong>Impossible</strong> means it cannot happen in our world given the laws of nature, but may happen in a fictional world (e.g., \\\"I painted the house with my mind.\\\"). </div>\",\"response\":0,\"stimulus_0\":\"cooling a room using\",\"stimulus_1\":\"sewing a shirt using\",\"condition_0\":\"inconceivable\",\"condition_1\":\"improbable\",\"continuation_0\":\"a taste\",\"continuation_1\":\"a toothpick\",\"id_0\":17,\"id_1\":52,\"context_0\":\"They do not have a fan, so they are\",\"context_1\":\"They do not have a needle, so they are\",\"task_type\":\"critical\",\"concept\":\"impossible\",\"trial_type\":\"html-button-response\",\"trial_index\":1,\"time_elapsed\":26890,\"internal_node_id\":\"0.0-1.0-0.0\",\"subject_id\":\"671fe341ba59a876dba3e9f7\",\"study_id\":\"67e2c7f5c9ee767149702482\",\"session_id\":\"67e2d2e3105ab7d3bb5635d1\",\"rng_seed\":\"0.512468789873811\",\"response_label\":0,\"provided_context\":true},{\"rt\":5696,\"stimulus\":\"<div style=\\\"font-size:20px;\\\"><p>Which scenario is more impossible?</p>\\n  Reminder: <strong>Impossible</strong> means it cannot happen in our world given the laws of nature, but may happen in a fictional world (e.g., \\\"I painted the house with my mind.\\\"). </div>\",\"response\":0,\"stimulus_0\":\"painting a wall using\",\"stimulus_1\":\"packing a suit inside\",\"condition_0\":\"inconceivable\",\"condition_1\":\"improbable\",\"continuation_0\":\"a whisper\",\"continuation_1\":\"a pocket\",\"id_0\":45,\"id_1\":44,\"context_0\":\"They do not have a brush, so they are\",\"context_1\":\"They do not have a suitcase, so they are\",\"task_type\":\"critical\",\"concept\":\"impossible\",\"trial_type\":\"html-button-response\",\"trial_index\":2,\"time_elapsed\":32587,\"internal_node_id\":\"0.0-1.0-0.1\",\"subject_id\":\"671fe341ba59a876dba3e9f7\",\"study_id\":\"67e2c7f5c9ee767149702482\",\"session_id\":\"67e2d2e3105ab7d3bb5635d1\",\"rng_seed\":\"0.512468789873811\",\"response_label\":0,\"provided_context\":true},{\"rt\":13360,\"stimulus\":\"<div style=\\\"font-size:20px;\\\"><p>Which scenario is more impossible?</p>\\n  Reminder: <strong>Impossible</strong> means it cannot happen in our world given the laws of nature, but may happen in a fictional world (e.g., \\\"I painted the house with my mind.\\\"). </div>\",\"response\":0,\"stimulus_0\":\"shattering a window using\",\"stimulus_1\":\"packing a suit inside\",\"condition_0\":\"impossible\",\"condition_1\":\"improbable\",\"continuation_0\":\"confetti\",\"continuation_1\":\"a pocket\",\"id_0\":53,\"id_1\":44,\"context_0\":\"They do not have a stone, so they are\",\"context_1\":\"They do not have a suitcase, so they are\",\"task_type\":\"critical\",\"concept\":\"impossible\",\"trial_type\":\"html-button-response\",\"trial_index\":3,\"time_elapsed\":45949,\"internal_node_id\":\"0.0-1.0-0.2\",\"subject_id\":\"671fe341ba59a876dba3e9f7\",\"study_id\":\"67e2c7f5c9ee767149702482\",\"session_id\":\"67e2d2e3105ab7d3bb5635d1\",\"rng_seed\":\"0.512468789873811\",\"response_label\":0,\"provided_context\":true},{\"rt\":10556,\"stimulus\":\"<div style=\\\"font-size:20px;\\\"><p>Which scenario is more impossible?</p>\\n  Reminder: <strong>Impossible</strong> means it cannot happen in our world given the laws of nature, but may happen in a fictional world (e.g., \\\"I painted the house with my mind.\\\"). </div>\",\"response\":1,\"stimulus_0\":\"catching a fish in\",\"stimulus_1\":\"baking a cake inside\",\"condition_0\":\"improbable\",\"condition_1\":\"inconceivable\",\"continuation_0\":\"a puddle\",\"continuation_1\":\"a sigh\",\"id_0\":8,\"id_1\":0,\"context_0\":\"They are not near a lake, so they are\",\"context_1\":\"They do not have an oven, so they are\",\"task_type\":\"critical\",\"concept\":\"impossible\",\"trial_type\":\"html-button-response\",\"trial_index\":4,\"time_elapsed\":56506,\"internal_node_id\":\"0.0-1.0-0.3\",\"subject_id\":\"671fe341ba59a876dba3e9f7\",\"study_id\":\"67e2c7f5c9ee767149702482\",\"session_id\":\"67e2d2e3105ab7d3bb5635d1\",\"rng_seed\":\"0.512468789873811\",\"response_label\":1,\"provided_context\":true},{\"rt\":3606,\"stimulus\":\"<div style=\\\"font-size:20px;\\\"><p>Follow the instructions below.</p></div>\",\"response\":1,\"stimulus_0\":\"catching a fish in\",\"stimulus_1\":\"baking a cake inside\",\"condition_0\":\"improbable\",\"condition_1\":\"inconceivable\",\"continuation_0\":\"a puddle\",\"continuation_1\":\"a sigh\",\"id_0\":8,\"id_1\":0,\"context_0\":\"They are not near a lake, so they are\",\"context_1\":\"They do not have an oven, so they are\",\"task_type\":\"attention_check\",\"choices\":[\"Don't Click This Button!\",\"Click This Button!\"],\"trial_type\":\"html-button-response\",\"trial_index\":5,\"time_elapsed\":60113,\"internal_node_id\":\"0.0-1.0-1.3-0.3\",\"subject_id\":\"671fe341ba59a876dba3e9f7\",\"study_id\":\"67e2c7f5c9ee767149702482\",\"session_id\":\"67e2d2e3105ab7d3bb5635d1\",\"rng_seed\":\"0.512468789873811\"},{\"rt\":10287,\"stimulus\":\"<div style=\\\"font-size:20px;\\\"><p>Which scenario is more impossible?</p>\\n  Reminder: <strong>Impossible</strong> means it cannot happen in our world given the laws of nature, but may happen in a fictional world (e.g., \\\"I painted the house with my mind.\\\"). </div>\",\"response\":1,\"stimulus_0\":\"carrying groceries inside\",\"stimulus_1\":\"filling a bucket with\",\"condition_0\":\"improbable\",\"condition_1\":\"impossible\",\"continuation_0\":\"a backpack\",\"continuation_1\":\"buildings\",\"id_0\":6,\"id_1\":33,\"context_0\":\"They do not have a tote bag, so they are\",\"context_1\":\"They are not near sand, so they are\",\"task_type\":\"critical\",\"concept\":\"impossible\",\"trial_type\":\"html-button-response\",\"trial_index\":6,\"time_elapsed\":70401,\"internal_node_id\":\"0.0-1.0-0.4\",\"subject_id\":\"671fe341ba59a876dba3e9f7\",\"study_id\":\"67e2c7f5c9ee767149702482\",\"session_id\":\"67e2d2e3105ab7d3bb5635d1\",\"rng_seed\":\"0.512468789873811\",\"response_label\":1,\"provided_context\":true},{\"rt\":10648,\"stimulus\":\"<div style=\\\"font-size:20px;\\\"><p>Which scenario is more impossible?</p>\\n  Reminder: <strong>Impossible</strong> means it cannot happen in our world given the laws of nature, but may happen in a fictional world (e.g., \\\"I painted the house with my mind.\\\"). </div>\",\"response\":0,\"stimulus_0\":\"catching a fish in\",\"stimulus_1\":\"shattering a window using\",\"condition_0\":\"improbable\",\"condition_1\":\"impossible\",\"continuation_0\":\"a puddle\",\"continuation_1\":\"confetti\",\"id_0\":8,\"id_1\":53,\"context_0\":\"They are not near a lake, so they are\",\"context_1\":\"They do not have a stone, so they are\",\"task_type\":\"critical\",\"concept\":\"impossible\",\"trial_type\":\"html-button-response\",\"trial_index\":7,\"time_elapsed\":81051,\"internal_node_id\":\"0.0-1.0-0.5\",\"subject_id\":\"671fe341ba59a876dba3e9f7\",\"study_id\":\"67e2c7f5c9ee767149702482\",\"session_id\":\"67e2d2e3105ab7d3bb5635d1\",\"rng_seed\":\"0.512468789873811\",\"response_label\":0,\"provided_context\":true},{\"rt\":7924,\"stimulus\":\"<div style=\\\"font-size:20px;\\\"><p>Which scenario is more impossible?</p>\\n  Reminder: <strong>Impossible</strong> means it cannot happen in our world given the laws of nature, but may happen in a fictional world (e.g., \\\"I painted the house with my mind.\\\"). </div>\",\"response\":0,\"stimulus_0\":\"crushing a soda can using\",\"stimulus_1\":\"cutting cardboard using\",\"condition_0\":\"improbable\",\"condition_1\":\"inconceivable\",\"continuation_0\":\"a chair\",\"continuation_1\":\"a snore\",\"id_0\":20,\"id_1\":22,\"context_0\":\"They do not have a shoe, so they are\",\"context_1\":\"They do not have scissors, so they are\",\"task_type\":\"critical\",\"concept\":\"impossible\",\"trial_type\":\"html-button-response\",\"trial_index\":8,\"time_elapsed\":88976,\"internal_node_id\":\"0.0-1.0-0.6\",\"subject_id\":\"671fe341ba59a876dba3e9f7\",\"study_id\":\"67e2c7f5c9ee767149702482\",\"session_id\":\"67e2d2e3105ab7d3bb5635d1\",\"rng_seed\":\"0.512468789873811\",\"response_label\":0,\"provided_context\":true},{\"rt\":10114,\"stimulus\":\"<div style=\\\"font-size:20px;\\\"><p>Which scenario is more impossible?</p>\\n  Reminder: <strong>Impossible</strong> means it cannot happen in our world given the laws of nature, but may happen in a fictional world (e.g., \\\"I painted the house with my mind.\\\"). </div>\",\"response\":0,\"stimulus_0\":\"hanging a painting using\",\"stimulus_1\":\"shattering a window using\",\"condition_0\":\"inconceivable\",\"condition_1\":\"impossible\",\"continuation_0\":\"a handshake\",\"continuation_1\":\"confetti\",\"id_0\":36,\"id_1\":53,\"context_0\":\"They do not have screws, so they are\",\"context_1\":\"They do not have a stone, so they are\",\"task_type\":\"critical\",\"concept\":\"impossible\",\"trial_type\":\"html-button-response\",\"trial_index\":9,\"time_elapsed\":99091,\"internal_node_id\":\"0.0-1.0-0.7\",\"subject_id\":\"671fe341ba59a876dba3e9f7\",\"study_id\":\"67e2c7f5c9ee767149702482\",\"session_id\":\"67e2d2e3105ab7d3bb5635d1\",\"rng_seed\":\"0.512468789873811\",\"response_label\":0,\"provided_context\":true},{\"rt\":1880,\"stimulus\":\"<div style=\\\"font-size:20px;\\\"><p>Follow the instructions below.</p></div>\",\"response\":0,\"stimulus_0\":\"hanging a painting using\",\"stimulus_1\":\"shattering a window using\",\"condition_0\":\"inconceivable\",\"condition_1\":\"impossible\",\"continuation_0\":\"a handshake\",\"continuation_1\":\"confetti\",\"id_0\":36,\"id_1\":53,\"context_0\":\"They do not have screws, so they are\",\"context_1\":\"They do not have a stone, so they are\",\"task_type\":\"attention_check\",\"choices\":[\"Click This Button!\",\"Don't Click This Button!\"],\"trial_type\":\"html-button-response\",\"trial_index\":10,\"time_elapsed\":100972,\"internal_node_id\":\"0.0-1.0-1.7-0.7\",\"subject_id\":\"671fe341ba59a876dba3e9f7\",\"study_id\":\"67e2c7f5c9ee767149702482\",\"session_id\":\"67e2d2e3105ab7d3bb5635d1\",\"rng_seed\":\"0.512468789873811\"},{\"rt\":5562,\"stimulus\":\"<div style=\\\"font-size:20px;\\\"><p>Which scenario is more impossible?</p>\\n  Reminder: <strong>Impossible</strong> means it cannot happen in our world given the laws of nature, but may happen in a fictional world (e.g., \\\"I painted the house with my mind.\\\"). </div>\",\"response\":1,\"stimulus_0\":\"carrying groceries inside\",\"stimulus_1\":\"sewing a shirt using\",\"condition_0\":\"improbable\",\"condition_1\":\"improbable\",\"continuation_0\":\"a backpack\",\"continuation_1\":\"a toothpick\",\"id_0\":6,\"id_1\":52,\"context_0\":\"They do not have a tote bag, so they are\",\"context_1\":\"They do not have a needle, so they are\",\"task_type\":\"critical\",\"concept\":\"impossible\",\"trial_type\":\"html-button-response\",\"trial_index\":11,\"time_elapsed\":106535,\"internal_node_id\":\"0.0-1.0-0.8\",\"subject_id\":\"671fe341ba59a876dba3e9f7\",\"study_id\":\"67e2c7f5c9ee767149702482\",\"session_id\":\"67e2d2e3105ab7d3bb5635d1\",\"rng_seed\":\"0.512468789873811\",\"response_label\":1,\"provided_context\":true},{\"rt\":6429,\"stimulus\":\"<div style=\\\"font-size:20px;\\\"><p>Which scenario is more impossible?</p>\\n  Reminder: <strong>Impossible</strong> means it cannot happen in our world given the laws of nature, but may happen in a fictional world (e.g., \\\"I painted the house with my mind.\\\"). </div>\",\"response\":1,\"stimulus_0\":\"cooling a room using\",\"stimulus_1\":\"drying laundry using\",\"condition_0\":\"inconceivable\",\"condition_1\":\"improbable\",\"continuation_0\":\"a taste\",\"continuation_1\":\"a fan\",\"id_0\":17,\"id_1\":30,\"context_0\":\"They do not have a fan, so they are\",\"context_1\":\"They do not have a clothesline, so they are\",\"task_type\":\"critical\",\"concept\":\"impossible\",\"trial_type\":\"html-button-response\",\"trial_index\":12,\"time_elapsed\":112966,\"internal_node_id\":\"0.0-1.0-0.9\",\"subject_id\":\"671fe341ba59a876dba3e9f7\",\"study_id\":\"67e2c7f5c9ee767149702482\",\"session_id\":\"67e2d2e3105ab7d3bb5635d1\",\"rng_seed\":\"0.512468789873811\",\"response_label\":1,\"provided_context\":true},{\"rt\":7494,\"stimulus\":\"<div style=\\\"font-size:20px;\\\"><p>Which scenario is more impossible?</p>\\n  Reminder: <strong>Impossible</strong> means it cannot happen in our world given the laws of nature, but may happen in a fictional world (e.g., \\\"I painted the house with my mind.\\\"). </div>\",\"response\":1,\"stimulus_0\":\"cleaning a spill using\",\"stimulus_1\":\"writing an equation on\",\"condition_0\":\"inconceivable\",\"condition_1\":\"inconceivable\",\"continuation_0\":\"a country\",\"continuation_1\":\"a scream\",\"id_0\":11,\"id_1\":69,\"context_0\":\"They do not have a sponge, so they are\",\"context_1\":\"They do not have a chalkboard, so they are\",\"task_type\":\"critical\",\"concept\":\"impossible\",\"trial_type\":\"html-button-response\",\"trial_index\":13,\"time_elapsed\":120461,\"internal_node_id\":\"0.0-1.0-0.10\",\"subject_id\":\"671fe341ba59a876dba3e9f7\",\"study_id\":\"67e2c7f5c9ee767149702482\",\"session_id\":\"67e2d2e3105ab7d3bb5635d1\",\"rng_seed\":\"0.512468789873811\",\"response_label\":1,\"provided_context\":true},{\"rt\":3787,\"stimulus\":\"<div style=\\\"font-size:20px;\\\"><p>Which scenario is more impossible?</p>\\n  Reminder: <strong>Impossible</strong> means it cannot happen in our world given the laws of nature, but may happen in a fictional world (e.g., \\\"I painted the house with my mind.\\\"). </div>\",\"response\":1,\"stimulus_0\":\"cooling a room using\",\"stimulus_1\":\"baking a cake inside\",\"condition_0\":\"inconceivable\",\"condition_1\":\"inconceivable\",\"continuation_0\":\"a taste\",\"continuation_1\":\"a sigh\",\"id_0\":17,\"id_1\":0,\"context_0\":\"They do not have a fan, so they are\",\"context_1\":\"They do not have an oven, so they are\",\"task_type\":\"critical\",\"concept\":\"impossible\",\"trial_type\":\"html-button-response\",\"trial_index\":14,\"time_elapsed\":124249,\"internal_node_id\":\"0.0-1.0-0.11\",\"subject_id\":\"671fe341ba59a876dba3e9f7\",\"study_id\":\"67e2c7f5c9ee767149702482\",\"session_id\":\"67e2d2e3105ab7d3bb5635d1\",\"rng_seed\":\"0.512468789873811\",\"response_label\":1,\"provided_context\":true},{\"rt\":1711,\"stimulus\":\"<div style=\\\"font-size:20px;\\\"><p>Follow the instructions below.</p></div>\",\"response\":0,\"stimulus_0\":\"cooling a room using\",\"stimulus_1\":\"baking a cake inside\",\"condition_0\":\"inconceivable\",\"condition_1\":\"inconceivable\",\"continuation_0\":\"a taste\",\"continuation_1\":\"a sigh\",\"id_0\":17,\"id_1\":0,\"context_0\":\"They do not have a fan, so they are\",\"context_1\":\"They do not have an oven, so they are\",\"task_type\":\"attention_check\",\"choices\":[\"Click This Button!\",\"Don't Click This Button!\"],\"trial_type\":\"html-button-response\",\"trial_index\":15,\"time_elapsed\":125961,\"internal_node_id\":\"0.0-1.0-1.11-0.11\",\"subject_id\":\"671fe341ba59a876dba3e9f7\",\"study_id\":\"67e2c7f5c9ee767149702482\",\"session_id\":\"67e2d2e3105ab7d3bb5635d1\",\"rng_seed\":\"0.512468789873811\"},{\"rt\":5059,\"stimulus\":\"<div style=\\\"font-size:20px;\\\"><p>Which scenario is more impossible?</p>\\n  Reminder: <strong>Impossible</strong> means it cannot happen in our world given the laws of nature, but may happen in a fictional world (e.g., \\\"I painted the house with my mind.\\\"). </div>\",\"response\":0,\"stimulus_0\":\"hanging a painting using\",\"stimulus_1\":\"writing an equation on\",\"condition_0\":\"inconceivable\",\"condition_1\":\"inconceivable\",\"continuation_0\":\"a handshake\",\"continuation_1\":\"a scream\",\"id_0\":36,\"id_1\":69,\"context_0\":\"They do not have screws, so they are\",\"context_1\":\"They do not have a chalkboard, so they are\",\"task_type\":\"critical\",\"concept\":\"impossible\",\"trial_type\":\"html-button-response\",\"trial_index\":16,\"time_elapsed\":131021,\"internal_node_id\":\"0.0-1.0-0.12\",\"subject_id\":\"671fe341ba59a876dba3e9f7\",\"study_id\":\"67e2c7f5c9ee767149702482\",\"session_id\":\"67e2d2e3105ab7d3bb5635d1\",\"rng_seed\":\"0.512468789873811\",\"response_label\":0,\"provided_context\":true},{\"rt\":8026,\"stimulus\":\"<div style=\\\"font-size:20px;\\\"><p>Which scenario is more impossible?</p>\\n  Reminder: <strong>Impossible</strong> means it cannot happen in our world given the laws of nature, but may happen in a fictional world (e.g., \\\"I painted the house with my mind.\\\"). </div>\",\"response\":1,\"stimulus_0\":\"drying laundry using\",\"stimulus_1\":\"cooling a room using\",\"condition_0\":\"improbable\",\"condition_1\":\"inconceivable\",\"continuation_0\":\"a fan\",\"continuation_1\":\"a taste\",\"id_0\":30,\"id_1\":17,\"context_0\":\"They do not have a clothesline, so they are\",\"context_1\":\"They do not have a fan, so they are\",\"task_type\":\"critical\",\"concept\":\"impossible\",\"trial_type\":\"html-button-response\",\"trial_index\":17,\"time_elapsed\":139048,\"internal_node_id\":\"0.0-1.0-0.13\",\"subject_id\":\"671fe341ba59a876dba3e9f7\",\"study_id\":\"67e2c7f5c9ee767149702482\",\"session_id\":\"67e2d2e3105ab7d3bb5635d1\",\"rng_seed\":\"0.512468789873811\",\"response_label\":1,\"provided_context\":true},{\"rt\":6725,\"stimulus\":\"<div style=\\\"font-size:20px;\\\"><p>Which scenario is more impossible?</p>\\n  Reminder: <strong>Impossible</strong> means it cannot happen in our world given the laws of nature, but may happen in a fictional world (e.g., \\\"I painted the house with my mind.\\\"). </div>\",\"response\":1,\"stimulus_0\":\"building a bridge out of\",\"stimulus_1\":\"baking a cake inside\",\"condition_0\":\"improbable\",\"condition_1\":\"inconceivable\",\"continuation_0\":\"plastic\",\"continuation_1\":\"a sigh\",\"id_0\":4,\"id_1\":0,\"context_0\":\"They do not have any steel, so they are\",\"context_1\":\"They do not have an oven, so they are\",\"task_type\":\"critical\",\"concept\":\"impossible\",\"trial_type\":\"html-button-response\",\"trial_index\":18,\"time_elapsed\":145774,\"internal_node_id\":\"0.0-1.0-0.14\",\"subject_id\":\"671fe341ba59a876dba3e9f7\",\"study_id\":\"67e2c7f5c9ee767149702482\",\"session_id\":\"67e2d2e3105ab7d3bb5635d1\",\"rng_seed\":\"0.512468789873811\",\"response_label\":1,\"provided_context\":true},{\"rt\":5117,\"stimulus\":\"<div style=\\\"font-size:20px;\\\"><p>Which scenario is more impossible?</p>\\n  Reminder: <strong>Impossible</strong> means it cannot happen in our world given the laws of nature, but may happen in a fictional world (e.g., \\\"I painted the house with my mind.\\\"). </div>\",\"response\":0,\"stimulus_0\":\"hanging a painting using\",\"stimulus_1\":\"crushing a soda can using\",\"condition_0\":\"inconceivable\",\"condition_1\":\"improbable\",\"continuation_0\":\"a handshake\",\"continuation_1\":\"a chair\",\"id_0\":36,\"id_1\":20,\"context_0\":\"They do not have screws, so they are\",\"context_1\":\"They do not have a shoe, so they are\",\"task_type\":\"critical\",\"concept\":\"impossible\",\"trial_type\":\"html-button-response\",\"trial_index\":19,\"time_elapsed\":150892,\"internal_node_id\":\"0.0-1.0-0.15\",\"subject_id\":\"671fe341ba59a876dba3e9f7\",\"study_id\":\"67e2c7f5c9ee767149702482\",\"session_id\":\"67e2d2e3105ab7d3bb5635d1\",\"rng_seed\":\"0.512468789873811\",\"response_label\":0,\"provided_context\":true},{\"rt\":1920,\"stimulus\":\"<div style=\\\"font-size:20px;\\\"><p>Follow the instructions below.</p></div>\",\"response\":0,\"stimulus_0\":\"hanging a painting using\",\"stimulus_1\":\"crushing a soda can using\",\"condition_0\":\"inconceivable\",\"condition_1\":\"improbable\",\"continuation_0\":\"a handshake\",\"continuation_1\":\"a chair\",\"id_0\":36,\"id_1\":20,\"context_0\":\"They do not have screws, so they are\",\"context_1\":\"They do not have a shoe, so they are\",\"task_type\":\"attention_check\",\"choices\":[\"Click This Button!\",\"Don't Click This Button!\"],\"trial_type\":\"html-button-response\",\"trial_index\":20,\"time_elapsed\":152813,\"internal_node_id\":\"0.0-1.0-1.15-0.15\",\"subject_id\":\"671fe341ba59a876dba3e9f7\",\"study_id\":\"67e2c7f5c9ee767149702482\",\"session_id\":\"67e2d2e3105ab7d3bb5635d1\",\"rng_seed\":\"0.512468789873811\"},{\"rt\":4677,\"stimulus\":\"<div style=\\\"font-size:20px;\\\"><p>Which scenario is more impossible?</p>\\n  Reminder: <strong>Impossible</strong> means it cannot happen in our world given the laws of nature, but may happen in a fictional world (e.g., \\\"I painted the house with my mind.\\\"). </div>\",\"response\":0,\"stimulus_0\":\"eating soup using\",\"stimulus_1\":\"baking a cake inside\",\"condition_0\":\"improbable\",\"condition_1\":\"inconceivable\",\"continuation_0\":\"a bucket\",\"continuation_1\":\"a sigh\",\"id_0\":31,\"id_1\":0,\"context_0\":\"They do not have a spoon, so they are\",\"context_1\":\"They do not have an oven, so they are\",\"task_type\":\"critical\",\"concept\":\"impossible\",\"trial_type\":\"html-button-response\",\"trial_index\":21,\"time_elapsed\":157492,\"internal_node_id\":\"0.0-1.0-0.16\",\"subject_id\":\"671fe341ba59a876dba3e9f7\",\"study_id\":\"67e2c7f5c9ee767149702482\",\"session_id\":\"67e2d2e3105ab7d3bb5635d1\",\"rng_seed\":\"0.512468789873811\",\"response_label\":0,\"provided_context\":true},{\"rt\":6310,\"stimulus\":\"<div style=\\\"font-size:20px;\\\"><p>Which scenario is more impossible?</p>\\n  Reminder: <strong>Impossible</strong> means it cannot happen in our world given the laws of nature, but may happen in a fictional world (e.g., \\\"I painted the house with my mind.\\\"). </div>\",\"response\":0,\"stimulus_0\":\"crafting a bowl out of\",\"stimulus_1\":\"polishing jewelry using\",\"condition_0\":\"impossible\",\"condition_1\":\"impossible\",\"continuation_0\":\"smoke\",\"continuation_1\":\"a chainsaw\",\"id_0\":19,\"id_1\":48,\"context_0\":\"They do not have clay, so they are\",\"context_1\":\"They do not have a cloth, so they are\",\"task_type\":\"critical\",\"concept\":\"impossible\",\"trial_type\":\"html-button-response\",\"trial_index\":22,\"time_elapsed\":163803,\"internal_node_id\":\"0.0-1.0-0.17\",\"subject_id\":\"671fe341ba59a876dba3e9f7\",\"study_id\":\"67e2c7f5c9ee767149702482\",\"session_id\":\"67e2d2e3105ab7d3bb5635d1\",\"rng_seed\":\"0.512468789873811\",\"response_label\":0,\"provided_context\":true},{\"rt\":4239,\"stimulus\":\"<div style=\\\"font-size:20px;\\\"><p>Which scenario is more impossible?</p>\\n  Reminder: <strong>Impossible</strong> means it cannot happen in our world given the laws of nature, but may happen in a fictional world (e.g., \\\"I painted the house with my mind.\\\"). </div>\",\"response\":0,\"stimulus_0\":\"filling a bucket with\",\"stimulus_1\":\"sewing a shirt using\",\"condition_0\":\"impossible\",\"condition_1\":\"improbable\",\"continuation_0\":\"buildings\",\"continuation_1\":\"a toothpick\",\"id_0\":33,\"id_1\":52,\"context_0\":\"They are not near sand, so they are\",\"context_1\":\"They do not have a needle, so they are\",\"task_type\":\"critical\",\"concept\":\"impossible\",\"trial_type\":\"html-button-response\",\"trial_index\":23,\"time_elapsed\":168043,\"internal_node_id\":\"0.0-1.0-0.18\",\"subject_id\":\"671fe341ba59a876dba3e9f7\",\"study_id\":\"67e2c7f5c9ee767149702482\",\"session_id\":\"67e2d2e3105ab7d3bb5635d1\",\"rng_seed\":\"0.512468789873811\",\"response_label\":0,\"provided_context\":true},{\"rt\":3549,\"stimulus\":\"<div style=\\\"font-size:20px;\\\"><p>Which scenario is more impossible?</p>\\n  Reminder: <strong>Impossible</strong> means it cannot happen in our world given the laws of nature, but may happen in a fictional world (e.g., \\\"I painted the house with my mind.\\\"). </div>\",\"response\":1,\"stimulus_0\":\"crushing a soda can using\",\"stimulus_1\":\"filling a bucket with\",\"condition_0\":\"improbable\",\"condition_1\":\"impossible\",\"continuation_0\":\"a chair\",\"continuation_1\":\"buildings\",\"id_0\":20,\"id_1\":33,\"context_0\":\"They do not have a shoe, so they are\",\"context_1\":\"They are not near sand, so they are\",\"task_type\":\"critical\",\"concept\":\"impossible\",\"trial_type\":\"html-button-response\",\"trial_index\":24,\"time_elapsed\":171593,\"internal_node_id\":\"0.0-1.0-0.19\",\"subject_id\":\"671fe341ba59a876dba3e9f7\",\"study_id\":\"67e2c7f5c9ee767149702482\",\"session_id\":\"67e2d2e3105ab7d3bb5635d1\",\"rng_seed\":\"0.512468789873811\",\"response_label\":1,\"provided_context\":true},{\"rt\":2044,\"stimulus\":\"<div style=\\\"font-size:20px;\\\"><p>Follow the instructions below.</p></div>\",\"response\":1,\"stimulus_0\":\"crushing a soda can using\",\"stimulus_1\":\"filling a bucket with\",\"condition_0\":\"improbable\",\"condition_1\":\"impossible\",\"continuation_0\":\"a chair\",\"continuation_1\":\"buildings\",\"id_0\":20,\"id_1\":33,\"context_0\":\"They do not have a shoe, so they are\",\"context_1\":\"They are not near sand, so they are\",\"task_type\":\"attention_check\",\"choices\":[\"Don't Click This Button!\",\"Click This Button!\"],\"trial_type\":\"html-button-response\",\"trial_index\":25,\"time_elapsed\":173638,\"internal_node_id\":\"0.0-1.0-1.19-0.19\",\"subject_id\":\"671fe341ba59a876dba3e9f7\",\"study_id\":\"67e2c7f5c9ee767149702482\",\"session_id\":\"67e2d2e3105ab7d3bb5635d1\",\"rng_seed\":\"0.512468789873811\"},{\"rt\":8221,\"response\":{\"language\":\"English\",\"gender\":\"Male\",\"feedback\":\"\"},\"trial_type\":\"survey-text\",\"trial_index\":26,\"time_elapsed\":181867,\"internal_node_id\":\"0.0-2.0\",\"subject_id\":\"671fe341ba59a876dba3e9f7\",\"study_id\":\"67e2c7f5c9ee767149702482\",\"session_id\":\"67e2d2e3105ab7d3bb5635d1\",\"rng_seed\":\"0.512468789873811\",\"task_type\":\"survey\"},{\"success\":true,\"completion_time\":\"2025-03-25T16:03:48.429Z\",\"exp_type\":\"gesture-beat-expt-pilot\"}]",
    "dir_path": "data/experiment_2_pilot"
}