{
    "prolific_data": {
        "subject_id": "5b07e80e9d397e0001919fba",
        "study_id": "67e2c7f5c9ee767149702482",
        "session_id": "67e2d7a59f8752a3dd82dad0",
        "rng_seed": "0.06757801031576438"
    },
    "data": "[{\"rt\":20659,\"stimulus\":\"\\n  <div class=\\\"jspsych-content\\\" align=left style=\\\"width:100%;text-align: left;\\\">\\n  <h2>Hello, and welcome to our study!</h2>\\n      In this study, we will ask you to 25 questions.\\n      <p>\\n      In 20 of the questions, we will need your help deciding which statement is more <strong>impossible</strong>.\\n      </p>\\n      <strong>Impossible</strong> means it cannot happen in our world given the laws of nature, but may happen in a fictional world (e.g., \\\"I painted the house with my mind.\\\"). \\n      <p>\\n      The remaining questions will check to make sure that you are paying attention to the study.\\n      <p>\\n    <h3>IMPORTANT:</h3>\\n    <ul>\\n      <li>Respond as quickly as you can.</li>\\n      <li>Answer the questions based on what is possible given the physical laws of the real world.</li>\\n      <li>There are no right or wrong answers. We are simply interested in your intuitions.</li>\\n      </ul>\\n    Once you are done reading this page, please press SPACEBAR to continue.\\n    </p>\\n  </div>\\n  \",\"response\":\" \",\"trial_type\":\"html-keyboard-response\",\"trial_index\":0,\"time_elapsed\":20662,\"internal_node_id\":\"0.0-0.0\",\"subject_id\":\"5b07e80e9d397e0001919fba\",\"study_id\":\"67e2c7f5c9ee767149702482\",\"session_id\":\"67e2d7a59f8752a3dd82dad0\",\"rng_seed\":\"0.06757801031576438\"},{\"rt\":18617,\"stimulus\":\"<div style=\\\"font-size:20px;\\\"><p>Which scenario is more impossible?</p>\\n  Reminder: <strong>Impossible</strong> means it cannot happen in our world given the laws of nature, but may happen in a fictional world (e.g., \\\"I painted the house with my mind.\\\"). </div>\",\"response\":1,\"stimulus_0\":\"catching a fish in\",\"stimulus_1\":\"polishing jewelry using\",\"condition_0\":\"improbable\",\"condition_1\":\"impossible\",\"continuation_0\":\"a puddle\",\"continuation_1\":\"a chainsaw\",\"id_0\":8,\"id_1\":48,\"context_0\":\"They are not near a lake, so they are\",\"context_1\":\"They do not have a cloth, so they are\",\"task_type\":\"critical\",\"concept\":\"impossible\",\"trial_type\":\"html-button-response\",\"trial_index\":1,\"time_elapsed\":39282,\"internal_node_id\":\"0.0-1.0-0.0\",\"subject_id\":\"5b07e80e9d397e0001919fba\",\"study_id\":\"67e2c7f5c9ee767149702482\",\"session_id\":\"67e2d7a59f8752a3dd82dad0\",\"rng_seed\":\"0.06757801031576438\",\"response_label\":1,\"provided_context\":true},{\"rt\":21396,\"stimulus\":\"<div style=\\\"font-size:20px;\\\"><p>Which scenario is more impossible?</p>\\n  Reminder: <strong>Impossible</strong> means it cannot happen in our world given the laws of nature, but may happen in a fictional world (e.g., \\\"I painted the house with my mind.\\\"). </div>\",\"response\":1,\"stimulus_0\":\"filling a bucket with\",\"stimulus_1\":\"carving a statue using\",\"condition_0\":\"impossible\",\"condition_1\":\"impossible\",\"continuation_0\":\"buildings\",\"continuation_1\":\"a sock\",\"id_0\":33,\"id_1\":7,\"context_0\":\"They are not near sand, so they are\",\"context_1\":\"They do not have a chisel, so they are\",\"task_type\":\"critical\",\"concept\":\"impossible\",\"trial_type\":\"html-button-response\",\"trial_index\":2,\"time_elapsed\":60681,\"internal_node_id\":\"0.0-1.0-0.1\",\"subject_id\":\"5b07e80e9d397e0001919fba\",\"study_id\":\"67e2c7f5c9ee767149702482\",\"session_id\":\"67e2d7a59f8752a3dd82dad0\",\"rng_seed\":\"0.06757801031576438\",\"response_label\":1,\"provided_context\":true},{\"rt\":15617,\"stimulus\":\"<div style=\\\"font-size:20px;\\\"><p>Which scenario is more impossible?</p>\\n  Reminder: <strong>Impossible</strong> means it cannot happen in our world given the laws of nature, but may happen in a fictional world (e.g., \\\"I painted the house with my mind.\\\"). </div>\",\"response\":1,\"stimulus_0\":\"squishing a blueberry using\",\"stimulus_1\":\"cleaning a spill using\",\"condition_0\":\"improbable\",\"condition_1\":\"inconceivable\",\"continuation_0\":\"[POSS] nose\",\"continuation_1\":\"a country\",\"id_0\":58,\"id_1\":11,\"context_0\":\"They do not have fingers, so they are\",\"context_1\":\"They do not have a sponge, so they are\",\"task_type\":\"critical\",\"concept\":\"impossible\",\"trial_type\":\"html-button-response\",\"trial_index\":3,\"time_elapsed\":76300,\"internal_node_id\":\"0.0-1.0-0.2\",\"subject_id\":\"5b07e80e9d397e0001919fba\",\"study_id\":\"67e2c7f5c9ee767149702482\",\"session_id\":\"67e2d7a59f8752a3dd82dad0\",\"rng_seed\":\"0.06757801031576438\",\"response_label\":1,\"provided_context\":true},{\"rt\":6347,\"stimulus\":\"<div style=\\\"font-size:20px;\\\"><p>Which scenario is more impossible?</p>\\n  Reminder: <strong>Impossible</strong> means it cannot happen in our world given the laws of nature, but may happen in a fictional world (e.g., \\\"I painted the house with my mind.\\\"). </div>\",\"response\":0,\"stimulus_0\":\"cooking dinner out of\",\"stimulus_1\":\"carving a statue using\",\"condition_0\":\"impossible\",\"condition_1\":\"impossible\",\"continuation_0\":\"the moon\",\"continuation_1\":\"a sock\",\"id_0\":16,\"id_1\":7,\"context_0\":\"They do not have pasta, so they are\",\"context_1\":\"They do not have a chisel, so they are\",\"task_type\":\"critical\",\"concept\":\"impossible\",\"trial_type\":\"html-button-response\",\"trial_index\":4,\"time_elapsed\":82650,\"internal_node_id\":\"0.0-1.0-0.3\",\"subject_id\":\"5b07e80e9d397e0001919fba\",\"study_id\":\"67e2c7f5c9ee767149702482\",\"session_id\":\"67e2d7a59f8752a3dd82dad0\",\"rng_seed\":\"0.06757801031576438\",\"response_label\":0,\"provided_context\":true},{\"rt\":5264,\"stimulus\":\"<div style=\\\"font-size:20px;\\\"><p>Follow the instructions below.</p></div>\",\"response\":0,\"stimulus_0\":\"cooking dinner out of\",\"stimulus_1\":\"carving a statue using\",\"condition_0\":\"impossible\",\"condition_1\":\"impossible\",\"continuation_0\":\"the moon\",\"continuation_1\":\"a sock\",\"id_0\":16,\"id_1\":7,\"context_0\":\"They do not have pasta, so they are\",\"context_1\":\"They do not have a chisel, so they are\",\"task_type\":\"attention_check\",\"choices\":[\"Click This Button!\",\"Don't Click This Button!\"],\"trial_type\":\"html-button-response\",\"trial_index\":5,\"time_elapsed\":87916,\"internal_node_id\":\"0.0-1.0-1.3-0.3\",\"subject_id\":\"5b07e80e9d397e0001919fba\",\"study_id\":\"67e2c7f5c9ee767149702482\",\"session_id\":\"67e2d7a59f8752a3dd82dad0\",\"rng_seed\":\"0.06757801031576438\"},{\"rt\":14717,\"stimulus\":\"<div style=\\\"font-size:20px;\\\"><p>Which scenario is more impossible?</p>\\n  Reminder: <strong>Impossible</strong> means it cannot happen in our world given the laws of nature, but may happen in a fictional world (e.g., \\\"I painted the house with my mind.\\\"). </div>\",\"response\":0,\"stimulus_0\":\"catching a fish in\",\"stimulus_1\":\"building a bridge out of\",\"condition_0\":\"improbable\",\"condition_1\":\"improbable\",\"continuation_0\":\"a puddle\",\"continuation_1\":\"plastic\",\"id_0\":8,\"id_1\":4,\"context_0\":\"They are not near a lake, so they are\",\"context_1\":\"They do not have any steel, so they are\",\"task_type\":\"critical\",\"concept\":\"impossible\",\"trial_type\":\"html-button-response\",\"trial_index\":6,\"time_elapsed\":102635,\"internal_node_id\":\"0.0-1.0-0.4\",\"subject_id\":\"5b07e80e9d397e0001919fba\",\"study_id\":\"67e2c7f5c9ee767149702482\",\"session_id\":\"67e2d7a59f8752a3dd82dad0\",\"rng_seed\":\"0.06757801031576438\",\"response_label\":0,\"provided_context\":true},{\"rt\":6635,\"stimulus\":\"<div style=\\\"font-size:20px;\\\"><p>Which scenario is more impossible?</p>\\n  Reminder: <strong>Impossible</strong> means it cannot happen in our world given the laws of nature, but may happen in a fictional world (e.g., \\\"I painted the house with my mind.\\\"). </div>\",\"response\":1,\"stimulus_0\":\"building a bridge out of\",\"stimulus_1\":\"cutting cardboard using\",\"condition_0\":\"improbable\",\"condition_1\":\"inconceivable\",\"continuation_0\":\"plastic\",\"continuation_1\":\"a snore\",\"id_0\":4,\"id_1\":22,\"context_0\":\"They do not have any steel, so they are\",\"context_1\":\"They do not have scissors, so they are\",\"task_type\":\"critical\",\"concept\":\"impossible\",\"trial_type\":\"html-button-response\",\"trial_index\":7,\"time_elapsed\":109273,\"internal_node_id\":\"0.0-1.0-0.5\",\"subject_id\":\"5b07e80e9d397e0001919fba\",\"study_id\":\"67e2c7f5c9ee767149702482\",\"session_id\":\"67e2d7a59f8752a3dd82dad0\",\"rng_seed\":\"0.06757801031576438\",\"response_label\":1,\"provided_context\":true},{\"rt\":10361,\"stimulus\":\"<div style=\\\"font-size:20px;\\\"><p>Which scenario is more impossible?</p>\\n  Reminder: <strong>Impossible</strong> means it cannot happen in our world given the laws of nature, but may happen in a fictional world (e.g., \\\"I painted the house with my mind.\\\"). </div>\",\"response\":0,\"stimulus_0\":\"writing an equation on\",\"stimulus_1\":\"eating soup using\",\"condition_0\":\"inconceivable\",\"condition_1\":\"improbable\",\"continuation_0\":\"a scream\",\"continuation_1\":\"a bucket\",\"id_0\":69,\"id_1\":31,\"context_0\":\"They do not have a chalkboard, so they are\",\"context_1\":\"They do not have a spoon, so they are\",\"task_type\":\"critical\",\"concept\":\"impossible\",\"trial_type\":\"html-button-response\",\"trial_index\":8,\"time_elapsed\":119635,\"internal_node_id\":\"0.0-1.0-0.6\",\"subject_id\":\"5b07e80e9d397e0001919fba\",\"study_id\":\"67e2c7f5c9ee767149702482\",\"session_id\":\"67e2d7a59f8752a3dd82dad0\",\"rng_seed\":\"0.06757801031576438\",\"response_label\":0,\"provided_context\":true},{\"rt\":8217,\"stimulus\":\"<div style=\\\"font-size:20px;\\\"><p>Which scenario is more impossible?</p>\\n  Reminder: <strong>Impossible</strong> means it cannot happen in our world given the laws of nature, but may happen in a fictional world (e.g., \\\"I painted the house with my mind.\\\"). </div>\",\"response\":0,\"stimulus_0\":\"baking a cake inside\",\"stimulus_1\":\"drying laundry using\",\"condition_0\":\"inconceivable\",\"condition_1\":\"improbable\",\"continuation_0\":\"a sigh\",\"continuation_1\":\"a fan\",\"id_0\":0,\"id_1\":30,\"context_0\":\"They do not have an oven, so they are\",\"context_1\":\"They do not have a clothesline, so they are\",\"task_type\":\"critical\",\"concept\":\"impossible\",\"trial_type\":\"html-button-response\",\"trial_index\":9,\"time_elapsed\":127853,\"internal_node_id\":\"0.0-1.0-0.7\",\"subject_id\":\"5b07e80e9d397e0001919fba\",\"study_id\":\"67e2c7f5c9ee767149702482\",\"session_id\":\"67e2d7a59f8752a3dd82dad0\",\"rng_seed\":\"0.06757801031576438\",\"response_label\":0,\"provided_context\":true},{\"rt\":2264,\"stimulus\":\"<div style=\\\"font-size:20px;\\\"><p>Follow the instructions below.</p></div>\",\"response\":1,\"stimulus_0\":\"baking a cake inside\",\"stimulus_1\":\"drying laundry using\",\"condition_0\":\"inconceivable\",\"condition_1\":\"improbable\",\"continuation_0\":\"a sigh\",\"continuation_1\":\"a fan\",\"id_0\":0,\"id_1\":30,\"context_0\":\"They do not have an oven, so they are\",\"context_1\":\"They do not have a clothesline, so they are\",\"task_type\":\"attention_check\",\"choices\":[\"Don't Click This Button!\",\"Click This Button!\"],\"trial_type\":\"html-button-response\",\"trial_index\":10,\"time_elapsed\":130119,\"internal_node_id\":\"0.0-1.0-1.7-0.7\",\"subject_id\":\"5b07e80e9d397e0001919fba\",\"study_id\":\"67e2c7f5c9ee767149702482\",\"session_id\":\"67e2d7a59f8752a3dd82dad0\",\"rng_seed\":\"0.06757801031576438\"},{\"rt\":10245,\"stimulus\":\"<div style=\\\"font-size:20px;\\\"><p>Which scenario is more impossible?</p>\\n  Reminder: <strong>Impossible</strong> means it cannot happen in our world given the laws of nature, but may happen in a fictional world (e.g., \\\"I painted the house with my mind.\\\"). </div>\",\"response\":1,\"stimulus_0\":\"shattering a window using\",\"stimulus_1\":\"digging a hole using\",\"condition_0\":\"impossible\",\"condition_1\":\"impossible\",\"continuation_0\":\"confetti\",\"continuation_1\":\"dirt\",\"id_0\":53,\"id_1\":24,\"context_0\":\"They do not have a stone, so they are\",\"context_1\":\"They do not have a shovel, so they are\",\"task_type\":\"critical\",\"concept\":\"impossible\",\"trial_type\":\"html-button-response\",\"trial_index\":11,\"time_elapsed\":140366,\"internal_node_id\":\"0.0-1.0-0.8\",\"subject_id\":\"5b07e80e9d397e0001919fba\",\"study_id\":\"67e2c7f5c9ee767149702482\",\"session_id\":\"67e2d7a59f8752a3dd82dad0\",\"rng_seed\":\"0.06757801031576438\",\"response_label\":1,\"provided_context\":true},{\"rt\":10536,\"stimulus\":\"<div style=\\\"font-size:20px;\\\"><p>Which scenario is more impossible?</p>\\n  Reminder: <strong>Impossible</strong> means it cannot happen in our world given the laws of nature, but may happen in a fictional world (e.g., \\\"I painted the house with my mind.\\\"). </div>\",\"response\":0,\"stimulus_0\":\"cooling a room using\",\"stimulus_1\":\"digging a hole using\",\"condition_0\":\"inconceivable\",\"condition_1\":\"impossible\",\"continuation_0\":\"a taste\",\"continuation_1\":\"dirt\",\"id_0\":17,\"id_1\":24,\"context_0\":\"They do not have a fan, so they are\",\"context_1\":\"They do not have a shovel, so they are\",\"task_type\":\"critical\",\"concept\":\"impossible\",\"trial_type\":\"html-button-response\",\"trial_index\":12,\"time_elapsed\":150903,\"internal_node_id\":\"0.0-1.0-0.9\",\"subject_id\":\"5b07e80e9d397e0001919fba\",\"study_id\":\"67e2c7f5c9ee767149702482\",\"session_id\":\"67e2d7a59f8752a3dd82dad0\",\"rng_seed\":\"0.06757801031576438\",\"response_label\":0,\"provided_context\":true},{\"rt\":11299,\"stimulus\":\"<div style=\\\"font-size:20px;\\\"><p>Which scenario is more impossible?</p>\\n  Reminder: <strong>Impossible</strong> means it cannot happen in our world given the laws of nature, but may happen in a fictional world (e.g., \\\"I painted the house with my mind.\\\"). </div>\",\"response\":0,\"stimulus_0\":\"crafting a bowl out of\",\"stimulus_1\":\"squishing a blueberry using\",\"condition_0\":\"impossible\",\"condition_1\":\"improbable\",\"continuation_0\":\"smoke\",\"continuation_1\":\"[POSS] nose\",\"id_0\":19,\"id_1\":58,\"context_0\":\"They do not have clay, so they are\",\"context_1\":\"They do not have fingers, so they are\",\"task_type\":\"critical\",\"concept\":\"impossible\",\"trial_type\":\"html-button-response\",\"trial_index\":13,\"time_elapsed\":162204,\"internal_node_id\":\"0.0-1.0-0.10\",\"subject_id\":\"5b07e80e9d397e0001919fba\",\"study_id\":\"67e2c7f5c9ee767149702482\",\"session_id\":\"67e2d7a59f8752a3dd82dad0\",\"rng_seed\":\"0.06757801031576438\",\"response_label\":0,\"provided_context\":true},{\"rt\":11033,\"stimulus\":\"<div style=\\\"font-size:20px;\\\"><p>Which scenario is more impossible?</p>\\n  Reminder: <strong>Impossible</strong> means it cannot happen in our world given the laws of nature, but may happen in a fictional world (e.g., \\\"I painted the house with my mind.\\\"). </div>\",\"response\":0,\"stimulus_0\":\"lighting a candle using\",\"stimulus_1\":\"carving a statue using\",\"condition_0\":\"impossible\",\"condition_1\":\"impossible\",\"continuation_0\":\"yogurt\",\"continuation_1\":\"a sock\",\"id_0\":39,\"id_1\":7,\"context_0\":\"They do not have a match, so they are\",\"context_1\":\"They do not have a chisel, so they are\",\"task_type\":\"critical\",\"concept\":\"impossible\",\"trial_type\":\"html-button-response\",\"trial_index\":14,\"time_elapsed\":173238,\"internal_node_id\":\"0.0-1.0-0.11\",\"subject_id\":\"5b07e80e9d397e0001919fba\",\"study_id\":\"67e2c7f5c9ee767149702482\",\"session_id\":\"67e2d7a59f8752a3dd82dad0\",\"rng_seed\":\"0.06757801031576438\",\"response_label\":0,\"provided_context\":true},{\"rt\":1815,\"stimulus\":\"<div style=\\\"font-size:20px;\\\"><p>Follow the instructions below.</p></div>\",\"response\":1,\"stimulus_0\":\"lighting a candle using\",\"stimulus_1\":\"carving a statue using\",\"condition_0\":\"impossible\",\"condition_1\":\"impossible\",\"continuation_0\":\"yogurt\",\"continuation_1\":\"a sock\",\"id_0\":39,\"id_1\":7,\"context_0\":\"They do not have a match, so they are\",\"context_1\":\"They do not have a chisel, so they are\",\"task_type\":\"attention_check\",\"choices\":[\"Don't Click This Button!\",\"Click This Button!\"],\"trial_type\":\"html-button-response\",\"trial_index\":15,\"time_elapsed\":175055,\"internal_node_id\":\"0.0-1.0-1.11-0.11\",\"subject_id\":\"5b07e80e9d397e0001919fba\",\"study_id\":\"67e2c7f5c9ee767149702482\",\"session_id\":\"67e2d7a59f8752a3dd82dad0\",\"rng_seed\":\"0.06757801031576438\"},{\"rt\":12016,\"stimulus\":\"<div style=\\\"font-size:20px;\\\"><p>Which scenario is more impossible?</p>\\n  Reminder: <strong>Impossible</strong> means it cannot happen in our world given the laws of nature, but may happen in a fictional world (e.g., \\\"I painted the house with my mind.\\\"). </div>\",\"response\":0,\"stimulus_0\":\"polishing jewelry using\",\"stimulus_1\":\"denting a car with\",\"condition_0\":\"impossible\",\"condition_1\":\"improbable\",\"continuation_0\":\"a chainsaw\",\"continuation_1\":\"a dumbbell\",\"id_0\":48,\"id_1\":23,\"context_0\":\"They do not have a cloth, so they are\",\"context_1\":\"They do not have a baseball bat, so they are\",\"task_type\":\"critical\",\"concept\":\"impossible\",\"trial_type\":\"html-button-response\",\"trial_index\":16,\"time_elapsed\":187073,\"internal_node_id\":\"0.0-1.0-0.12\",\"subject_id\":\"5b07e80e9d397e0001919fba\",\"study_id\":\"67e2c7f5c9ee767149702482\",\"session_id\":\"67e2d7a59f8752a3dd82dad0\",\"rng_seed\":\"0.06757801031576438\",\"response_label\":0,\"provided_context\":true},{\"rt\":16149,\"stimulus\":\"<div style=\\\"font-size:20px;\\\"><p>Which scenario is more impossible?</p>\\n  Reminder: <strong>Impossible</strong> means it cannot happen in our world given the laws of nature, but may happen in a fictional world (e.g., \\\"I painted the house with my mind.\\\"). </div>\",\"response\":1,\"stimulus_0\":\"sewing a shirt using\",\"stimulus_1\":\"cutting cardboard using\",\"condition_0\":\"improbable\",\"condition_1\":\"inconceivable\",\"continuation_0\":\"a toothpick\",\"continuation_1\":\"a snore\",\"id_0\":52,\"id_1\":22,\"context_0\":\"They do not have a needle, so they are\",\"context_1\":\"They do not have scissors, so they are\",\"task_type\":\"critical\",\"concept\":\"impossible\",\"trial_type\":\"html-button-response\",\"trial_index\":17,\"time_elapsed\":203224,\"internal_node_id\":\"0.0-1.0-0.13\",\"subject_id\":\"5b07e80e9d397e0001919fba\",\"study_id\":\"67e2c7f5c9ee767149702482\",\"session_id\":\"67e2d7a59f8752a3dd82dad0\",\"rng_seed\":\"0.06757801031576438\",\"response_label\":1,\"provided_context\":true},{\"rt\":9965,\"stimulus\":\"<div style=\\\"font-size:20px;\\\"><p>Which scenario is more impossible?</p>\\n  Reminder: <strong>Impossible</strong> means it cannot happen in our world given the laws of nature, but may happen in a fictional world (e.g., \\\"I painted the house with my mind.\\\"). </div>\",\"response\":0,\"stimulus_0\":\"building a bridge out of\",\"stimulus_1\":\"drying laundry using\",\"condition_0\":\"improbable\",\"condition_1\":\"improbable\",\"continuation_0\":\"plastic\",\"continuation_1\":\"a fan\",\"id_0\":4,\"id_1\":30,\"context_0\":\"They do not have any steel, so they are\",\"context_1\":\"They do not have a clothesline, so they are\",\"task_type\":\"critical\",\"concept\":\"impossible\",\"trial_type\":\"html-button-response\",\"trial_index\":18,\"time_elapsed\":213192,\"internal_node_id\":\"0.0-1.0-0.14\",\"subject_id\":\"5b07e80e9d397e0001919fba\",\"study_id\":\"67e2c7f5c9ee767149702482\",\"session_id\":\"67e2d7a59f8752a3dd82dad0\",\"rng_seed\":\"0.06757801031576438\",\"response_label\":0,\"provided_context\":true},{\"rt\":11131,\"stimulus\":\"<div style=\\\"font-size:20px;\\\"><p>Which scenario is more impossible?</p>\\n  Reminder: <strong>Impossible</strong> means it cannot happen in our world given the laws of nature, but may happen in a fictional world (e.g., \\\"I painted the house with my mind.\\\"). </div>\",\"response\":0,\"stimulus_0\":\"lighting a candle using\",\"stimulus_1\":\"hanging a painting using\",\"condition_0\":\"impossible\",\"condition_1\":\"inconceivable\",\"continuation_0\":\"yogurt\",\"continuation_1\":\"a handshake\",\"id_0\":39,\"id_1\":36,\"context_0\":\"They do not have a match, so they are\",\"context_1\":\"They do not have screws, so they are\",\"task_type\":\"critical\",\"concept\":\"impossible\",\"trial_type\":\"html-button-response\",\"trial_index\":19,\"time_elapsed\":224325,\"internal_node_id\":\"0.0-1.0-0.15\",\"subject_id\":\"5b07e80e9d397e0001919fba\",\"study_id\":\"67e2c7f5c9ee767149702482\",\"session_id\":\"67e2d7a59f8752a3dd82dad0\",\"rng_seed\":\"0.06757801031576438\",\"response_label\":0,\"provided_context\":true},{\"rt\":1782,\"stimulus\":\"<div style=\\\"font-size:20px;\\\"><p>Follow the instructions below.</p></div>\",\"response\":1,\"stimulus_0\":\"lighting a candle using\",\"stimulus_1\":\"hanging a painting using\",\"condition_0\":\"impossible\",\"condition_1\":\"inconceivable\",\"continuation_0\":\"yogurt\",\"continuation_1\":\"a handshake\",\"id_0\":39,\"id_1\":36,\"context_0\":\"They do not have a match, so they are\",\"context_1\":\"They do not have screws, so they are\",\"task_type\":\"attention_check\",\"choices\":[\"Don't Click This Button!\",\"Click This Button!\"],\"trial_type\":\"html-button-response\",\"trial_index\":20,\"time_elapsed\":226109,\"internal_node_id\":\"0.0-1.0-1.15-0.15\",\"subject_id\":\"5b07e80e9d397e0001919fba\",\"study_id\":\"67e2c7f5c9ee767149702482\",\"session_id\":\"67e2d7a59f8752a3dd82dad0\",\"rng_seed\":\"0.06757801031576438\"},{\"rt\":6482,\"stimulus\":\"<div style=\\\"font-size:20px;\\\"><p>Which scenario is more impossible?</p>\\n  Reminder: <strong>Impossible</strong> means it cannot happen in our world given the laws of nature, but may happen in a fictional world (e.g., \\\"I painted the house with my mind.\\\"). </div>\",\"response\":0,\"stimulus_0\":\"writing an equation on\",\"stimulus_1\":\"drying laundry using\",\"condition_0\":\"inconceivable\",\"condition_1\":\"improbable\",\"continuation_0\":\"a scream\",\"continuation_1\":\"a fan\",\"id_0\":69,\"id_1\":30,\"context_0\":\"They do not have a chalkboard, so they are\",\"context_1\":\"They do not have a clothesline, so they are\",\"task_type\":\"critical\",\"concept\":\"impossible\",\"trial_type\":\"html-button-response\",\"trial_index\":21,\"time_elapsed\":232592,\"internal_node_id\":\"0.0-1.0-0.16\",\"subject_id\":\"5b07e80e9d397e0001919fba\",\"study_id\":\"67e2c7f5c9ee767149702482\",\"session_id\":\"67e2d7a59f8752a3dd82dad0\",\"rng_seed\":\"0.06757801031576438\",\"response_label\":0,\"provided_context\":true},{\"rt\":6650,\"stimulus\":\"<div style=\\\"font-size:20px;\\\"><p>Which scenario is more impossible?</p>\\n  Reminder: <strong>Impossible</strong> means it cannot happen in our world given the laws of nature, but may happen in a fictional world (e.g., \\\"I painted the house with my mind.\\\"). </div>\",\"response\":1,\"stimulus_0\":\"sewing a shirt using\",\"stimulus_1\":\"polishing jewelry using\",\"condition_0\":\"improbable\",\"condition_1\":\"impossible\",\"continuation_0\":\"a toothpick\",\"continuation_1\":\"a chainsaw\",\"id_0\":52,\"id_1\":48,\"context_0\":\"They do not have a needle, so they are\",\"context_1\":\"They do not have a cloth, so they are\",\"task_type\":\"critical\",\"concept\":\"impossible\",\"trial_type\":\"html-button-response\",\"trial_index\":22,\"time_elapsed\":239244,\"internal_node_id\":\"0.0-1.0-0.17\",\"subject_id\":\"5b07e80e9d397e0001919fba\",\"study_id\":\"67e2c7f5c9ee767149702482\",\"session_id\":\"67e2d7a59f8752a3dd82dad0\",\"rng_seed\":\"0.06757801031576438\",\"response_label\":1,\"provided_context\":true},{\"rt\":8064,\"stimulus\":\"<div style=\\\"font-size:20px;\\\"><p>Which scenario is more impossible?</p>\\n  Reminder: <strong>Impossible</strong> means it cannot happen in our world given the laws of nature, but may happen in a fictional world (e.g., \\\"I painted the house with my mind.\\\"). </div>\",\"response\":1,\"stimulus_0\":\"building a bridge out of\",\"stimulus_1\":\"drinking a cup full of\",\"condition_0\":\"improbable\",\"condition_1\":\"inconceivable\",\"continuation_0\":\"plastic\",\"continuation_1\":\"minutes\",\"id_0\":4,\"id_1\":28,\"context_0\":\"They do not have any steel, so they are\",\"context_1\":\"They do not have water, so they are\",\"task_type\":\"critical\",\"concept\":\"impossible\",\"trial_type\":\"html-button-response\",\"trial_index\":23,\"time_elapsed\":247310,\"internal_node_id\":\"0.0-1.0-0.18\",\"subject_id\":\"5b07e80e9d397e0001919fba\",\"study_id\":\"67e2c7f5c9ee767149702482\",\"session_id\":\"67e2d7a59f8752a3dd82dad0\",\"rng_seed\":\"0.06757801031576438\",\"response_label\":1,\"provided_context\":true},{\"rt\":17482,\"stimulus\":\"<div style=\\\"font-size:20px;\\\"><p>Which scenario is more impossible?</p>\\n  Reminder: <strong>Impossible</strong> means it cannot happen in our world given the laws of nature, but may happen in a fictional world (e.g., \\\"I painted the house with my mind.\\\"). </div>\",\"response\":0,\"stimulus_0\":\"sewing a shirt using\",\"stimulus_1\":\"squishing a blueberry using\",\"condition_0\":\"improbable\",\"condition_1\":\"improbable\",\"continuation_0\":\"a toothpick\",\"continuation_1\":\"[POSS] nose\",\"id_0\":52,\"id_1\":58,\"context_0\":\"They do not have a needle, so they are\",\"context_1\":\"They do not have fingers, so they are\",\"task_type\":\"critical\",\"concept\":\"impossible\",\"trial_type\":\"html-button-response\",\"trial_index\":24,\"time_elapsed\":264794,\"internal_node_id\":\"0.0-1.0-0.19\",\"subject_id\":\"5b07e80e9d397e0001919fba\",\"study_id\":\"67e2c7f5c9ee767149702482\",\"session_id\":\"67e2d7a59f8752a3dd82dad0\",\"rng_seed\":\"0.06757801031576438\",\"response_label\":0,\"provided_context\":true},{\"rt\":2097,\"stimulus\":\"<div style=\\\"font-size:20px;\\\"><p>Follow the instructions below.</p></div>\",\"response\":0,\"stimulus_0\":\"sewing a shirt using\",\"stimulus_1\":\"squishing a blueberry using\",\"condition_0\":\"improbable\",\"condition_1\":\"improbable\",\"continuation_0\":\"a toothpick\",\"continuation_1\":\"[POSS] nose\",\"id_0\":52,\"id_1\":58,\"context_0\":\"They do not have a needle, so they are\",\"context_1\":\"They do not have fingers, so they are\",\"task_type\":\"attention_check\",\"choices\":[\"Click This Button!\",\"Don't Click This Button!\"],\"trial_type\":\"html-button-response\",\"trial_index\":25,\"time_elapsed\":266893,\"internal_node_id\":\"0.0-1.0-1.19-0.19\",\"subject_id\":\"5b07e80e9d397e0001919fba\",\"study_id\":\"67e2c7f5c9ee767149702482\",\"session_id\":\"67e2d7a59f8752a3dd82dad0\",\"rng_seed\":\"0.06757801031576438\"},{\"rt\":10175,\"response\":{\"language\":\"english\",\"gender\":\"male\",\"feedback\":\"\"},\"trial_type\":\"survey-text\",\"trial_index\":26,\"time_elapsed\":277080,\"internal_node_id\":\"0.0-2.0\",\"subject_id\":\"5b07e80e9d397e0001919fba\",\"study_id\":\"67e2c7f5c9ee767149702482\",\"session_id\":\"67e2d7a59f8752a3dd82dad0\",\"rng_seed\":\"0.06757801031576438\",\"task_type\":\"survey\"},{\"success\":true,\"completion_time\":\"2025-03-25T16:24:47.981Z\",\"exp_type\":\"gesture-beat-expt-pilot\"}]",
    "dir_path": "data/experiment_2_pilot"
}