{
    "prolific_data": {
        "subject_id": "665d5a08c8e61c18498d08c9",
        "study_id": "67e2c7f5c9ee767149702482",
        "session_id": "67e2d70ce8d7f0c7728b2c86",
        "rng_seed": "0.25546589468169434"
    },
    "data": "[{\"rt\":12620,\"stimulus\":\"\\n  <div class=\\\"jspsych-content\\\" align=left style=\\\"width:100%;text-align: left;\\\">\\n  <h2>Hello, and welcome to our study!</h2>\\n      In this study, we will ask you to 25 questions.\\n      <p>\\n      In 20 of the questions, we will need your help deciding which statement is more <strong>impossible</strong>.\\n      </p>\\n      <strong>Impossible</strong> means it cannot happen in our world given the laws of nature, but may happen in a fictional world (e.g., \\\"I painted the house with my mind.\\\"). \\n      <p>\\n      The remaining questions will check to make sure that you are paying attention to the study.\\n      <p>\\n    <h3>IMPORTANT:</h3>\\n    <ul>\\n      <li>Respond as quickly as you can.</li>\\n      <li>Answer the questions based on what is possible given the physical laws of the real world.</li>\\n      <li>There are no right or wrong answers. We are simply interested in your intuitions.</li>\\n      </ul>\\n    Once you are done reading this page, please press SPACEBAR to continue.\\n    </p>\\n  </div>\\n  \",\"response\":\" \",\"trial_type\":\"html-keyboard-response\",\"trial_index\":0,\"time_elapsed\":12623,\"internal_node_id\":\"0.0-0.0\",\"subject_id\":\"665d5a08c8e61c18498d08c9\",\"study_id\":\"67e2c7f5c9ee767149702482\",\"session_id\":\"67e2d70ce8d7f0c7728b2c86\",\"rng_seed\":\"0.25546589468169434\"},{\"rt\":9901,\"stimulus\":\"<div style=\\\"font-size:20px;\\\"><p>Which scenario is more impossible?</p>\\n  Reminder: <strong>Impossible</strong> means it cannot happen in our world given the laws of nature, but may happen in a fictional world (e.g., \\\"I painted the house with my mind.\\\"). </div>\",\"response\":1,\"stimulus_0\":\"drying laundry using\",\"stimulus_1\":\"writing an equation on\",\"condition_0\":\"improbable\",\"condition_1\":\"inconceivable\",\"continuation_0\":\"a fan\",\"continuation_1\":\"a scream\",\"id_0\":30,\"id_1\":69,\"context_0\":\"They do not have a clothesline, so they are\",\"context_1\":\"They do not have a chalkboard, so they are\",\"task_type\":\"critical\",\"concept\":\"impossible\",\"trial_type\":\"html-button-response\",\"trial_index\":1,\"time_elapsed\":22526,\"internal_node_id\":\"0.0-1.0-0.0\",\"subject_id\":\"665d5a08c8e61c18498d08c9\",\"study_id\":\"67e2c7f5c9ee767149702482\",\"session_id\":\"67e2d70ce8d7f0c7728b2c86\",\"rng_seed\":\"0.25546589468169434\",\"response_label\":1,\"provided_context\":true},{\"rt\":8077,\"stimulus\":\"<div style=\\\"font-size:20px;\\\"><p>Which scenario is more impossible?</p>\\n  Reminder: <strong>Impossible</strong> means it cannot happen in our world given the laws of nature, but may happen in a fictional world (e.g., \\\"I painted the house with my mind.\\\"). </div>\",\"response\":1,\"stimulus_0\":\"denting a car with\",\"stimulus_1\":\"hanging a painting using\",\"condition_0\":\"improbable\",\"condition_1\":\"inconceivable\",\"continuation_0\":\"a dumbbell\",\"continuation_1\":\"a handshake\",\"id_0\":23,\"id_1\":36,\"context_0\":\"They do not have a baseball bat, so they are\",\"context_1\":\"They do not have screws, so they are\",\"task_type\":\"critical\",\"concept\":\"impossible\",\"trial_type\":\"html-button-response\",\"trial_index\":2,\"time_elapsed\":30605,\"internal_node_id\":\"0.0-1.0-0.1\",\"subject_id\":\"665d5a08c8e61c18498d08c9\",\"study_id\":\"67e2c7f5c9ee767149702482\",\"session_id\":\"67e2d70ce8d7f0c7728b2c86\",\"rng_seed\":\"0.25546589468169434\",\"response_label\":1,\"provided_context\":true},{\"rt\":6966,\"stimulus\":\"<div style=\\\"font-size:20px;\\\"><p>Which scenario is more impossible?</p>\\n  Reminder: <strong>Impossible</strong> means it cannot happen in our world given the laws of nature, but may happen in a fictional world (e.g., \\\"I painted the house with my mind.\\\"). </div>\",\"response\":1,\"stimulus_0\":\"crushing a soda can using\",\"stimulus_1\":\"carving a statue using\",\"condition_0\":\"improbable\",\"condition_1\":\"impossible\",\"continuation_0\":\"a chair\",\"continuation_1\":\"a sock\",\"id_0\":20,\"id_1\":7,\"context_0\":\"They do not have a shoe, so they are\",\"context_1\":\"They do not have a chisel, so they are\",\"task_type\":\"critical\",\"concept\":\"impossible\",\"trial_type\":\"html-button-response\",\"trial_index\":3,\"time_elapsed\":37573,\"internal_node_id\":\"0.0-1.0-0.2\",\"subject_id\":\"665d5a08c8e61c18498d08c9\",\"study_id\":\"67e2c7f5c9ee767149702482\",\"session_id\":\"67e2d70ce8d7f0c7728b2c86\",\"rng_seed\":\"0.25546589468169434\",\"response_label\":1,\"provided_context\":true},{\"rt\":12206,\"stimulus\":\"<div style=\\\"font-size:20px;\\\"><p>Which scenario is more impossible?</p>\\n  Reminder: <strong>Impossible</strong> means it cannot happen in our world given the laws of nature, but may happen in a fictional world (e.g., \\\"I painted the house with my mind.\\\"). </div>\",\"response\":1,\"stimulus_0\":\"plucking a hair using\",\"stimulus_1\":\"lighting a candle using\",\"condition_0\":\"inconceivable\",\"condition_1\":\"impossible\",\"continuation_0\":\"sympathy\",\"continuation_1\":\"yogurt\",\"id_0\":47,\"id_1\":39,\"context_0\":\"They do not have tweezers, so they are\",\"context_1\":\"They do not have a match, so they are\",\"task_type\":\"critical\",\"concept\":\"impossible\",\"trial_type\":\"html-button-response\",\"trial_index\":4,\"time_elapsed\":49780,\"internal_node_id\":\"0.0-1.0-0.3\",\"subject_id\":\"665d5a08c8e61c18498d08c9\",\"study_id\":\"67e2c7f5c9ee767149702482\",\"session_id\":\"67e2d70ce8d7f0c7728b2c86\",\"rng_seed\":\"0.25546589468169434\",\"response_label\":1,\"provided_context\":true},{\"rt\":4185,\"stimulus\":\"<div style=\\\"font-size:20px;\\\"><p>Follow the instructions below.</p></div>\",\"response\":1,\"stimulus_0\":\"plucking a hair using\",\"stimulus_1\":\"lighting a candle using\",\"condition_0\":\"inconceivable\",\"condition_1\":\"impossible\",\"continuation_0\":\"sympathy\",\"continuation_1\":\"yogurt\",\"id_0\":47,\"id_1\":39,\"context_0\":\"They do not have tweezers, so they are\",\"context_1\":\"They do not have a match, so they are\",\"task_type\":\"attention_check\",\"choices\":[\"Don't Click This Button!\",\"Click This Button!\"],\"trial_type\":\"html-button-response\",\"trial_index\":5,\"time_elapsed\":53966,\"internal_node_id\":\"0.0-1.0-1.3-0.3\",\"subject_id\":\"665d5a08c8e61c18498d08c9\",\"study_id\":\"67e2c7f5c9ee767149702482\",\"session_id\":\"67e2d70ce8d7f0c7728b2c86\",\"rng_seed\":\"0.25546589468169434\"},{\"rt\":10054,\"stimulus\":\"<div style=\\\"font-size:20px;\\\"><p>Which scenario is more impossible?</p>\\n  Reminder: <strong>Impossible</strong> means it cannot happen in our world given the laws of nature, but may happen in a fictional world (e.g., \\\"I painted the house with my mind.\\\"). </div>\",\"response\":0,\"stimulus_0\":\"baking a cake inside\",\"stimulus_1\":\"cleaning a spill using\",\"condition_0\":\"inconceivable\",\"condition_1\":\"inconceivable\",\"continuation_0\":\"a sigh\",\"continuation_1\":\"a country\",\"id_0\":0,\"id_1\":11,\"context_0\":\"They do not have an oven, so they are\",\"context_1\":\"They do not have a sponge, so they are\",\"task_type\":\"critical\",\"concept\":\"impossible\",\"trial_type\":\"html-button-response\",\"trial_index\":6,\"time_elapsed\":64022,\"internal_node_id\":\"0.0-1.0-0.4\",\"subject_id\":\"665d5a08c8e61c18498d08c9\",\"study_id\":\"67e2c7f5c9ee767149702482\",\"session_id\":\"67e2d70ce8d7f0c7728b2c86\",\"rng_seed\":\"0.25546589468169434\",\"response_label\":0,\"provided_context\":true},{\"rt\":6102,\"stimulus\":\"<div style=\\\"font-size:20px;\\\"><p>Which scenario is more impossible?</p>\\n  Reminder: <strong>Impossible</strong> means it cannot happen in our world given the laws of nature, but may happen in a fictional world (e.g., \\\"I painted the house with my mind.\\\"). </div>\",\"response\":1,\"stimulus_0\":\"catching a fish in\",\"stimulus_1\":\"polishing jewelry using\",\"condition_0\":\"improbable\",\"condition_1\":\"impossible\",\"continuation_0\":\"a puddle\",\"continuation_1\":\"a chainsaw\",\"id_0\":8,\"id_1\":48,\"context_0\":\"They are not near a lake, so they are\",\"context_1\":\"They do not have a cloth, so they are\",\"task_type\":\"critical\",\"concept\":\"impossible\",\"trial_type\":\"html-button-response\",\"trial_index\":7,\"time_elapsed\":70125,\"internal_node_id\":\"0.0-1.0-0.5\",\"subject_id\":\"665d5a08c8e61c18498d08c9\",\"study_id\":\"67e2c7f5c9ee767149702482\",\"session_id\":\"67e2d70ce8d7f0c7728b2c86\",\"rng_seed\":\"0.25546589468169434\",\"response_label\":1,\"provided_context\":true},{\"rt\":7975,\"stimulus\":\"<div style=\\\"font-size:20px;\\\"><p>Which scenario is more impossible?</p>\\n  Reminder: <strong>Impossible</strong> means it cannot happen in our world given the laws of nature, but may happen in a fictional world (e.g., \\\"I painted the house with my mind.\\\"). </div>\",\"response\":1,\"stimulus_0\":\"squishing a blueberry using\",\"stimulus_1\":\"catching a fish in\",\"condition_0\":\"improbable\",\"condition_1\":\"improbable\",\"continuation_0\":\"[POSS] nose\",\"continuation_1\":\"a puddle\",\"id_0\":58,\"id_1\":8,\"context_0\":\"They do not have fingers, so they are\",\"context_1\":\"They are not near a lake, so they are\",\"task_type\":\"critical\",\"concept\":\"impossible\",\"trial_type\":\"html-button-response\",\"trial_index\":8,\"time_elapsed\":78101,\"internal_node_id\":\"0.0-1.0-0.6\",\"subject_id\":\"665d5a08c8e61c18498d08c9\",\"study_id\":\"67e2c7f5c9ee767149702482\",\"session_id\":\"67e2d70ce8d7f0c7728b2c86\",\"rng_seed\":\"0.25546589468169434\",\"response_label\":1,\"provided_context\":true},{\"rt\":6591,\"stimulus\":\"<div style=\\\"font-size:20px;\\\"><p>Which scenario is more impossible?</p>\\n  Reminder: <strong>Impossible</strong> means it cannot happen in our world given the laws of nature, but may happen in a fictional world (e.g., \\\"I painted the house with my mind.\\\"). </div>\",\"response\":0,\"stimulus_0\":\"cleaning a spill using\",\"stimulus_1\":\"shaving [POSS] beard using\",\"condition_0\":\"inconceivable\",\"condition_1\":\"inconceivable\",\"continuation_0\":\"a country\",\"continuation_1\":\"a belief\",\"id_0\":11,\"id_1\":54,\"context_0\":\"They do not have a sponge, so they are\",\"context_1\":\"They do not have a razor, so they are\",\"task_type\":\"critical\",\"concept\":\"impossible\",\"trial_type\":\"html-button-response\",\"trial_index\":9,\"time_elapsed\":84694,\"internal_node_id\":\"0.0-1.0-0.7\",\"subject_id\":\"665d5a08c8e61c18498d08c9\",\"study_id\":\"67e2c7f5c9ee767149702482\",\"session_id\":\"67e2d70ce8d7f0c7728b2c86\",\"rng_seed\":\"0.25546589468169434\",\"response_label\":0,\"provided_context\":true},{\"rt\":1614,\"stimulus\":\"<div style=\\\"font-size:20px;\\\"><p>Follow the instructions below.</p></div>\",\"response\":1,\"stimulus_0\":\"cleaning a spill using\",\"stimulus_1\":\"shaving [POSS] beard using\",\"condition_0\":\"inconceivable\",\"condition_1\":\"inconceivable\",\"continuation_0\":\"a country\",\"continuation_1\":\"a belief\",\"id_0\":11,\"id_1\":54,\"context_0\":\"They do not have a sponge, so they are\",\"context_1\":\"They do not have a razor, so they are\",\"task_type\":\"attention_check\",\"choices\":[\"Don't Click This Button!\",\"Click This Button!\"],\"trial_type\":\"html-button-response\",\"trial_index\":10,\"time_elapsed\":86309,\"internal_node_id\":\"0.0-1.0-1.7-0.7\",\"subject_id\":\"665d5a08c8e61c18498d08c9\",\"study_id\":\"67e2c7f5c9ee767149702482\",\"session_id\":\"67e2d70ce8d7f0c7728b2c86\",\"rng_seed\":\"0.25546589468169434\"},{\"rt\":7453,\"stimulus\":\"<div style=\\\"font-size:20px;\\\"><p>Which scenario is more impossible?</p>\\n  Reminder: <strong>Impossible</strong> means it cannot happen in our world given the laws of nature, but may happen in a fictional world (e.g., \\\"I painted the house with my mind.\\\"). </div>\",\"response\":0,\"stimulus_0\":\"baking a cake inside\",\"stimulus_1\":\"digging a hole using\",\"condition_0\":\"inconceivable\",\"condition_1\":\"impossible\",\"continuation_0\":\"a sigh\",\"continuation_1\":\"dirt\",\"id_0\":0,\"id_1\":24,\"context_0\":\"They do not have an oven, so they are\",\"context_1\":\"They do not have a shovel, so they are\",\"task_type\":\"critical\",\"concept\":\"impossible\",\"trial_type\":\"html-button-response\",\"trial_index\":11,\"time_elapsed\":93764,\"internal_node_id\":\"0.0-1.0-0.8\",\"subject_id\":\"665d5a08c8e61c18498d08c9\",\"study_id\":\"67e2c7f5c9ee767149702482\",\"session_id\":\"67e2d70ce8d7f0c7728b2c86\",\"rng_seed\":\"0.25546589468169434\",\"response_label\":0,\"provided_context\":true},{\"rt\":7457,\"stimulus\":\"<div style=\\\"font-size:20px;\\\"><p>Which scenario is more impossible?</p>\\n  Reminder: <strong>Impossible</strong> means it cannot happen in our world given the laws of nature, but may happen in a fictional world (e.g., \\\"I painted the house with my mind.\\\"). </div>\",\"response\":0,\"stimulus_0\":\"drying laundry using\",\"stimulus_1\":\"denting a car with\",\"condition_0\":\"improbable\",\"condition_1\":\"improbable\",\"continuation_0\":\"a fan\",\"continuation_1\":\"a dumbbell\",\"id_0\":30,\"id_1\":23,\"context_0\":\"They do not have a clothesline, so they are\",\"context_1\":\"They do not have a baseball bat, so they are\",\"task_type\":\"critical\",\"concept\":\"impossible\",\"trial_type\":\"html-button-response\",\"trial_index\":12,\"time_elapsed\":101221,\"internal_node_id\":\"0.0-1.0-0.9\",\"subject_id\":\"665d5a08c8e61c18498d08c9\",\"study_id\":\"67e2c7f5c9ee767149702482\",\"session_id\":\"67e2d70ce8d7f0c7728b2c86\",\"rng_seed\":\"0.25546589468169434\",\"response_label\":0,\"provided_context\":true},{\"rt\":5607,\"stimulus\":\"<div style=\\\"font-size:20px;\\\"><p>Which scenario is more impossible?</p>\\n  Reminder: <strong>Impossible</strong> means it cannot happen in our world given the laws of nature, but may happen in a fictional world (e.g., \\\"I painted the house with my mind.\\\"). </div>\",\"response\":0,\"stimulus_0\":\"hanging a painting using\",\"stimulus_1\":\"packing a suit inside\",\"condition_0\":\"inconceivable\",\"condition_1\":\"improbable\",\"continuation_0\":\"a handshake\",\"continuation_1\":\"a pocket\",\"id_0\":36,\"id_1\":44,\"context_0\":\"They do not have screws, so they are\",\"context_1\":\"They do not have a suitcase, so they are\",\"task_type\":\"critical\",\"concept\":\"impossible\",\"trial_type\":\"html-button-response\",\"trial_index\":13,\"time_elapsed\":106829,\"internal_node_id\":\"0.0-1.0-0.10\",\"subject_id\":\"665d5a08c8e61c18498d08c9\",\"study_id\":\"67e2c7f5c9ee767149702482\",\"session_id\":\"67e2d70ce8d7f0c7728b2c86\",\"rng_seed\":\"0.25546589468169434\",\"response_label\":0,\"provided_context\":true},{\"rt\":9542,\"stimulus\":\"<div style=\\\"font-size:20px;\\\"><p>Which scenario is more impossible?</p>\\n  Reminder: <strong>Impossible</strong> means it cannot happen in our world given the laws of nature, but may happen in a fictional world (e.g., \\\"I painted the house with my mind.\\\"). </div>\",\"response\":0,\"stimulus_0\":\"cleaning a spill using\",\"stimulus_1\":\"cutting cardboard using\",\"condition_0\":\"inconceivable\",\"condition_1\":\"inconceivable\",\"continuation_0\":\"a country\",\"continuation_1\":\"a snore\",\"id_0\":11,\"id_1\":22,\"context_0\":\"They do not have a sponge, so they are\",\"context_1\":\"They do not have scissors, so they are\",\"task_type\":\"critical\",\"concept\":\"impossible\",\"trial_type\":\"html-button-response\",\"trial_index\":14,\"time_elapsed\":116373,\"internal_node_id\":\"0.0-1.0-0.11\",\"subject_id\":\"665d5a08c8e61c18498d08c9\",\"study_id\":\"67e2c7f5c9ee767149702482\",\"session_id\":\"67e2d70ce8d7f0c7728b2c86\",\"rng_seed\":\"0.25546589468169434\",\"response_label\":0,\"provided_context\":true},{\"rt\":4159,\"stimulus\":\"<div style=\\\"font-size:20px;\\\"><p>Follow the instructions below.</p></div>\",\"response\":1,\"stimulus_0\":\"cleaning a spill using\",\"stimulus_1\":\"cutting cardboard using\",\"condition_0\":\"inconceivable\",\"condition_1\":\"inconceivable\",\"continuation_0\":\"a country\",\"continuation_1\":\"a snore\",\"id_0\":11,\"id_1\":22,\"context_0\":\"They do not have a sponge, so they are\",\"context_1\":\"They do not have scissors, so they are\",\"task_type\":\"attention_check\",\"choices\":[\"Click This Button!\",\"Don't Click This Button!\"],\"trial_type\":\"html-button-response\",\"trial_index\":15,\"time_elapsed\":120532,\"internal_node_id\":\"0.0-1.0-1.11-0.11\",\"subject_id\":\"665d5a08c8e61c18498d08c9\",\"study_id\":\"67e2c7f5c9ee767149702482\",\"session_id\":\"67e2d70ce8d7f0c7728b2c86\",\"rng_seed\":\"0.25546589468169434\"},{\"rt\":26840,\"stimulus\":\"<div style=\\\"font-size:20px;\\\"><p>Which scenario is more impossible?</p>\\n  Reminder: <strong>Impossible</strong> means it cannot happen in our world given the laws of nature, but may happen in a fictional world (e.g., \\\"I painted the house with my mind.\\\"). </div>\",\"response\":1,\"stimulus_0\":\"crafting a bowl out of\",\"stimulus_1\":\"taking a vacation to\",\"condition_0\":\"impossible\",\"condition_1\":\"impossible\",\"continuation_0\":\"smoke\",\"continuation_1\":\"the sun\",\"id_0\":19,\"id_1\":61,\"context_0\":\"They do not have clay, so they are\",\"context_1\":\"They are not near the beach, so they are\",\"task_type\":\"critical\",\"concept\":\"impossible\",\"trial_type\":\"html-button-response\",\"trial_index\":16,\"time_elapsed\":147373,\"internal_node_id\":\"0.0-1.0-0.12\",\"subject_id\":\"665d5a08c8e61c18498d08c9\",\"study_id\":\"67e2c7f5c9ee767149702482\",\"session_id\":\"67e2d70ce8d7f0c7728b2c86\",\"rng_seed\":\"0.25546589468169434\",\"response_label\":1,\"provided_context\":true},{\"rt\":6159,\"stimulus\":\"<div style=\\\"font-size:20px;\\\"><p>Which scenario is more impossible?</p>\\n  Reminder: <strong>Impossible</strong> means it cannot happen in our world given the laws of nature, but may happen in a fictional world (e.g., \\\"I painted the house with my mind.\\\"). </div>\",\"response\":0,\"stimulus_0\":\"carving a statue using\",\"stimulus_1\":\"packing a suit inside\",\"condition_0\":\"impossible\",\"condition_1\":\"improbable\",\"continuation_0\":\"a sock\",\"continuation_1\":\"a pocket\",\"id_0\":7,\"id_1\":44,\"context_0\":\"They do not have a chisel, so they are\",\"context_1\":\"They do not have a suitcase, so they are\",\"task_type\":\"critical\",\"concept\":\"impossible\",\"trial_type\":\"html-button-response\",\"trial_index\":17,\"time_elapsed\":153533,\"internal_node_id\":\"0.0-1.0-0.13\",\"subject_id\":\"665d5a08c8e61c18498d08c9\",\"study_id\":\"67e2c7f5c9ee767149702482\",\"session_id\":\"67e2d70ce8d7f0c7728b2c86\",\"rng_seed\":\"0.25546589468169434\",\"response_label\":0,\"provided_context\":true},{\"rt\":4967,\"stimulus\":\"<div style=\\\"font-size:20px;\\\"><p>Which scenario is more impossible?</p>\\n  Reminder: <strong>Impossible</strong> means it cannot happen in our world given the laws of nature, but may happen in a fictional world (e.g., \\\"I painted the house with my mind.\\\"). </div>\",\"response\":0,\"stimulus_0\":\"plucking a hair using\",\"stimulus_1\":\"building a bridge out of\",\"condition_0\":\"inconceivable\",\"condition_1\":\"improbable\",\"continuation_0\":\"sympathy\",\"continuation_1\":\"plastic\",\"id_0\":47,\"id_1\":4,\"context_0\":\"They do not have tweezers, so they are\",\"context_1\":\"They do not have any steel, so they are\",\"task_type\":\"critical\",\"concept\":\"impossible\",\"trial_type\":\"html-button-response\",\"trial_index\":18,\"time_elapsed\":158501,\"internal_node_id\":\"0.0-1.0-0.14\",\"subject_id\":\"665d5a08c8e61c18498d08c9\",\"study_id\":\"67e2c7f5c9ee767149702482\",\"session_id\":\"67e2d70ce8d7f0c7728b2c86\",\"rng_seed\":\"0.25546589468169434\",\"response_label\":0,\"provided_context\":true},{\"rt\":2983,\"stimulus\":\"<div style=\\\"font-size:20px;\\\"><p>Which scenario is more impossible?</p>\\n  Reminder: <strong>Impossible</strong> means it cannot happen in our world given the laws of nature, but may happen in a fictional world (e.g., \\\"I painted the house with my mind.\\\"). </div>\",\"response\":1,\"stimulus_0\":\"squishing a blueberry using\",\"stimulus_1\":\"cutting cardboard using\",\"condition_0\":\"improbable\",\"condition_1\":\"inconceivable\",\"continuation_0\":\"[POSS] nose\",\"continuation_1\":\"a snore\",\"id_0\":58,\"id_1\":22,\"context_0\":\"They do not have fingers, so they are\",\"context_1\":\"They do not have scissors, so they are\",\"task_type\":\"critical\",\"concept\":\"impossible\",\"trial_type\":\"html-button-response\",\"trial_index\":19,\"time_elapsed\":161486,\"internal_node_id\":\"0.0-1.0-0.15\",\"subject_id\":\"665d5a08c8e61c18498d08c9\",\"study_id\":\"67e2c7f5c9ee767149702482\",\"session_id\":\"67e2d70ce8d7f0c7728b2c86\",\"rng_seed\":\"0.25546589468169434\",\"response_label\":1,\"provided_context\":true},{\"rt\":1438,\"stimulus\":\"<div style=\\\"font-size:20px;\\\"><p>Follow the instructions below.</p></div>\",\"response\":1,\"stimulus_0\":\"squishing a blueberry using\",\"stimulus_1\":\"cutting cardboard using\",\"condition_0\":\"improbable\",\"condition_1\":\"inconceivable\",\"continuation_0\":\"[POSS] nose\",\"continuation_1\":\"a snore\",\"id_0\":58,\"id_1\":22,\"context_0\":\"They do not have fingers, so they are\",\"context_1\":\"They do not have scissors, so they are\",\"task_type\":\"attention_check\",\"choices\":[\"Don't Click This Button!\",\"Click This Button!\"],\"trial_type\":\"html-button-response\",\"trial_index\":20,\"time_elapsed\":162925,\"internal_node_id\":\"0.0-1.0-1.15-0.15\",\"subject_id\":\"665d5a08c8e61c18498d08c9\",\"study_id\":\"67e2c7f5c9ee767149702482\",\"session_id\":\"67e2d70ce8d7f0c7728b2c86\",\"rng_seed\":\"0.25546589468169434\"},{\"rt\":8422,\"stimulus\":\"<div style=\\\"font-size:20px;\\\"><p>Which scenario is more impossible?</p>\\n  Reminder: <strong>Impossible</strong> means it cannot happen in our world given the laws of nature, but may happen in a fictional world (e.g., \\\"I painted the house with my mind.\\\"). </div>\",\"response\":0,\"stimulus_0\":\"building a bridge out of\",\"stimulus_1\":\"squishing a blueberry using\",\"condition_0\":\"improbable\",\"condition_1\":\"improbable\",\"continuation_0\":\"plastic\",\"continuation_1\":\"[POSS] nose\",\"id_0\":4,\"id_1\":58,\"context_0\":\"They do not have any steel, so they are\",\"context_1\":\"They do not have fingers, so they are\",\"task_type\":\"critical\",\"concept\":\"impossible\",\"trial_type\":\"html-button-response\",\"trial_index\":21,\"time_elapsed\":171349,\"internal_node_id\":\"0.0-1.0-0.16\",\"subject_id\":\"665d5a08c8e61c18498d08c9\",\"study_id\":\"67e2c7f5c9ee767149702482\",\"session_id\":\"67e2d70ce8d7f0c7728b2c86\",\"rng_seed\":\"0.25546589468169434\",\"response_label\":0,\"provided_context\":true},{\"rt\":3311,\"stimulus\":\"<div style=\\\"font-size:20px;\\\"><p>Which scenario is more impossible?</p>\\n  Reminder: <strong>Impossible</strong> means it cannot happen in our world given the laws of nature, but may happen in a fictional world (e.g., \\\"I painted the house with my mind.\\\"). </div>\",\"response\":1,\"stimulus_0\":\"squishing a blueberry using\",\"stimulus_1\":\"taking a vacation to\",\"condition_0\":\"improbable\",\"condition_1\":\"impossible\",\"continuation_0\":\"[POSS] nose\",\"continuation_1\":\"the sun\",\"id_0\":58,\"id_1\":61,\"context_0\":\"They do not have fingers, so they are\",\"context_1\":\"They are not near the beach, so they are\",\"task_type\":\"critical\",\"concept\":\"impossible\",\"trial_type\":\"html-button-response\",\"trial_index\":22,\"time_elapsed\":174661,\"internal_node_id\":\"0.0-1.0-0.17\",\"subject_id\":\"665d5a08c8e61c18498d08c9\",\"study_id\":\"67e2c7f5c9ee767149702482\",\"session_id\":\"67e2d70ce8d7f0c7728b2c86\",\"rng_seed\":\"0.25546589468169434\",\"response_label\":1,\"provided_context\":true},{\"rt\":5719,\"stimulus\":\"<div style=\\\"font-size:20px;\\\"><p>Which scenario is more impossible?</p>\\n  Reminder: <strong>Impossible</strong> means it cannot happen in our world given the laws of nature, but may happen in a fictional world (e.g., \\\"I painted the house with my mind.\\\"). </div>\",\"response\":0,\"stimulus_0\":\"baking a cake inside\",\"stimulus_1\":\"shattering a window using\",\"condition_0\":\"inconceivable\",\"condition_1\":\"impossible\",\"continuation_0\":\"a sigh\",\"continuation_1\":\"confetti\",\"id_0\":0,\"id_1\":53,\"context_0\":\"They do not have an oven, so they are\",\"context_1\":\"They do not have a stone, so they are\",\"task_type\":\"critical\",\"concept\":\"impossible\",\"trial_type\":\"html-button-response\",\"trial_index\":23,\"time_elapsed\":180381,\"internal_node_id\":\"0.0-1.0-0.18\",\"subject_id\":\"665d5a08c8e61c18498d08c9\",\"study_id\":\"67e2c7f5c9ee767149702482\",\"session_id\":\"67e2d70ce8d7f0c7728b2c86\",\"rng_seed\":\"0.25546589468169434\",\"response_label\":0,\"provided_context\":true},{\"rt\":5583,\"stimulus\":\"<div style=\\\"font-size:20px;\\\"><p>Which scenario is more impossible?</p>\\n  Reminder: <strong>Impossible</strong> means it cannot happen in our world given the laws of nature, but may happen in a fictional world (e.g., \\\"I painted the house with my mind.\\\"). </div>\",\"response\":1,\"stimulus_0\":\"denting a car with\",\"stimulus_1\":\"drying laundry using\",\"condition_0\":\"improbable\",\"condition_1\":\"improbable\",\"continuation_0\":\"a dumbbell\",\"continuation_1\":\"a fan\",\"id_0\":23,\"id_1\":30,\"context_0\":\"They do not have a baseball bat, so they are\",\"context_1\":\"They do not have a clothesline, so they are\",\"task_type\":\"critical\",\"concept\":\"impossible\",\"trial_type\":\"html-button-response\",\"trial_index\":24,\"time_elapsed\":185965,\"internal_node_id\":\"0.0-1.0-0.19\",\"subject_id\":\"665d5a08c8e61c18498d08c9\",\"study_id\":\"67e2c7f5c9ee767149702482\",\"session_id\":\"67e2d70ce8d7f0c7728b2c86\",\"rng_seed\":\"0.25546589468169434\",\"response_label\":1,\"provided_context\":true},{\"rt\":1710,\"stimulus\":\"<div style=\\\"font-size:20px;\\\"><p>Follow the instructions below.</p></div>\",\"response\":1,\"stimulus_0\":\"denting a car with\",\"stimulus_1\":\"drying laundry using\",\"condition_0\":\"improbable\",\"condition_1\":\"improbable\",\"continuation_0\":\"a dumbbell\",\"continuation_1\":\"a fan\",\"id_0\":23,\"id_1\":30,\"context_0\":\"They do not have a baseball bat, so they are\",\"context_1\":\"They do not have a clothesline, so they are\",\"task_type\":\"attention_check\",\"choices\":[\"Don't Click This Button!\",\"Click This Button!\"],\"trial_type\":\"html-button-response\",\"trial_index\":25,\"time_elapsed\":187676,\"internal_node_id\":\"0.0-1.0-1.19-0.19\",\"subject_id\":\"665d5a08c8e61c18498d08c9\",\"study_id\":\"67e2c7f5c9ee767149702482\",\"session_id\":\"67e2d70ce8d7f0c7728b2c86\",\"rng_seed\":\"0.25546589468169434\"},{\"rt\":9517,\"response\":{\"language\":\"English\",\"gender\":\"Female\",\"feedback\":\"\"},\"trial_type\":\"survey-text\",\"trial_index\":26,\"time_elapsed\":197199,\"internal_node_id\":\"0.0-2.0\",\"subject_id\":\"665d5a08c8e61c18498d08c9\",\"study_id\":\"67e2c7f5c9ee767149702482\",\"session_id\":\"67e2d70ce8d7f0c7728b2c86\",\"rng_seed\":\"0.25546589468169434\",\"task_type\":\"survey\"},{\"success\":true,\"completion_time\":\"2025-03-25T16:21:04.729Z\",\"exp_type\":\"gesture-beat-expt-pilot\"}]",
    "dir_path": "data/experiment_2_pilot"
}