{
    "prolific_data": {
        "subject_id": "63b6bda4781d2606cfdbae0d",
        "study_id": "67e2c7f5c9ee767149702482",
        "session_id": "67e2d80a1b099f0af4d074c5",
        "rng_seed": "0.26664135981066694"
    },
    "data": "[{\"rt\":49362,\"stimulus\":\"\\n  <div class=\\\"jspsych-content\\\" align=left style=\\\"width:100%;text-align: left;\\\">\\n  <h2>Hello, and welcome to our study!</h2>\\n      In this study, we will ask you to 25 questions.\\n      <p>\\n      In 20 of the questions, we will need your help deciding which statement is more <strong>nonsensical</strong>.\\n      </p>\\n      <strong>Nonsensical</strong> means it does not make sense due to some basic conceptual error (\\\"I painted the house with my number.\\\"). \\n      <p>\\n      The remaining questions will check to make sure that you are paying attention to the study.\\n      <p>\\n    <h3>IMPORTANT:</h3>\\n    <ul>\\n      <li>Respond as quickly as you can.</li>\\n      <li>Answer the questions based on what is possible given the physical laws of the real world.</li>\\n      <li>There are no right or wrong answers. We are simply interested in your intuitions.</li>\\n      </ul>\\n    Once you are done reading this page, please press SPACEBAR to continue.\\n    </p>\\n  </div>\\n  \",\"response\":\" \",\"trial_type\":\"html-keyboard-response\",\"trial_index\":0,\"time_elapsed\":49367,\"internal_node_id\":\"0.0-0.0\",\"subject_id\":\"63b6bda4781d2606cfdbae0d\",\"study_id\":\"67e2c7f5c9ee767149702482\",\"session_id\":\"67e2d80a1b099f0af4d074c5\",\"rng_seed\":\"0.26664135981066694\"},{\"rt\":9527,\"stimulus\":\"<div style=\\\"font-size:20px;\\\"><p>Which scenario is more nonsensical?</p>\\n  Reminder: <strong>Nonsensical</strong> means it does not make sense due to some basic conceptual error (\\\"I painted the house with my number.\\\"). </div>\",\"response\":1,\"stimulus_0\":\"taking a vacation to\",\"stimulus_1\":\"crushing a soda can using\",\"condition_0\":\"impossible\",\"condition_1\":\"improbable\",\"continuation_0\":\"the sun\",\"continuation_1\":\"a chair\",\"id_0\":61,\"id_1\":20,\"context_0\":\"They are not near the beach, so they are\",\"context_1\":\"They do not have a shoe, so they are\",\"task_type\":\"critical\",\"concept\":\"inconceivable\",\"trial_type\":\"html-button-response\",\"trial_index\":1,\"time_elapsed\":58898,\"internal_node_id\":\"0.0-1.0-0.0\",\"subject_id\":\"63b6bda4781d2606cfdbae0d\",\"study_id\":\"67e2c7f5c9ee767149702482\",\"session_id\":\"67e2d80a1b099f0af4d074c5\",\"rng_seed\":\"0.26664135981066694\",\"response_label\":1,\"provided_context\":true},{\"rt\":14911,\"stimulus\":\"<div style=\\\"font-size:20px;\\\"><p>Which scenario is more nonsensical?</p>\\n  Reminder: <strong>Nonsensical</strong> means it does not make sense due to some basic conceptual error (\\\"I painted the house with my number.\\\"). </div>\",\"response\":1,\"stimulus_0\":\"crushing a soda can using\",\"stimulus_1\":\"crafting a bowl out of\",\"condition_0\":\"improbable\",\"condition_1\":\"impossible\",\"continuation_0\":\"a chair\",\"continuation_1\":\"smoke\",\"id_0\":20,\"id_1\":19,\"context_0\":\"They do not have a shoe, so they are\",\"context_1\":\"They do not have clay, so they are\",\"task_type\":\"critical\",\"concept\":\"inconceivable\",\"trial_type\":\"html-button-response\",\"trial_index\":2,\"time_elapsed\":73813,\"internal_node_id\":\"0.0-1.0-0.1\",\"subject_id\":\"63b6bda4781d2606cfdbae0d\",\"study_id\":\"67e2c7f5c9ee767149702482\",\"session_id\":\"67e2d80a1b099f0af4d074c5\",\"rng_seed\":\"0.26664135981066694\",\"response_label\":1,\"provided_context\":true},{\"rt\":5714,\"stimulus\":\"<div style=\\\"font-size:20px;\\\"><p>Which scenario is more nonsensical?</p>\\n  Reminder: <strong>Nonsensical</strong> means it does not make sense due to some basic conceptual error (\\\"I painted the house with my number.\\\"). </div>\",\"response\":1,\"stimulus_0\":\"digging a hole using\",\"stimulus_1\":\"writing an equation on\",\"condition_0\":\"impossible\",\"condition_1\":\"inconceivable\",\"continuation_0\":\"dirt\",\"continuation_1\":\"a scream\",\"id_0\":24,\"id_1\":69,\"context_0\":\"They do not have a shovel, so they are\",\"context_1\":\"They do not have a chalkboard, so they are\",\"task_type\":\"critical\",\"concept\":\"inconceivable\",\"trial_type\":\"html-button-response\",\"trial_index\":3,\"time_elapsed\":79529,\"internal_node_id\":\"0.0-1.0-0.2\",\"subject_id\":\"63b6bda4781d2606cfdbae0d\",\"study_id\":\"67e2c7f5c9ee767149702482\",\"session_id\":\"67e2d80a1b099f0af4d074c5\",\"rng_seed\":\"0.26664135981066694\",\"response_label\":1,\"provided_context\":true},{\"rt\":5781,\"stimulus\":\"<div style=\\\"font-size:20px;\\\"><p>Which scenario is more nonsensical?</p>\\n  Reminder: <strong>Nonsensical</strong> means it does not make sense due to some basic conceptual error (\\\"I painted the house with my number.\\\"). </div>\",\"response\":1,\"stimulus_0\":\"catching a fish in\",\"stimulus_1\":\"filling a bucket with\",\"condition_0\":\"improbable\",\"condition_1\":\"impossible\",\"continuation_0\":\"a puddle\",\"continuation_1\":\"buildings\",\"id_0\":8,\"id_1\":33,\"context_0\":\"They are not near a lake, so they are\",\"context_1\":\"They are not near sand, so they are\",\"task_type\":\"critical\",\"concept\":\"inconceivable\",\"trial_type\":\"html-button-response\",\"trial_index\":4,\"time_elapsed\":85312,\"internal_node_id\":\"0.0-1.0-0.3\",\"subject_id\":\"63b6bda4781d2606cfdbae0d\",\"study_id\":\"67e2c7f5c9ee767149702482\",\"session_id\":\"67e2d80a1b099f0af4d074c5\",\"rng_seed\":\"0.26664135981066694\",\"response_label\":1,\"provided_context\":true},{\"rt\":2283,\"stimulus\":\"<div style=\\\"font-size:20px;\\\"><p>Follow the instructions below.</p></div>\",\"response\":1,\"stimulus_0\":\"catching a fish in\",\"stimulus_1\":\"filling a bucket with\",\"condition_0\":\"improbable\",\"condition_1\":\"impossible\",\"continuation_0\":\"a puddle\",\"continuation_1\":\"buildings\",\"id_0\":8,\"id_1\":33,\"context_0\":\"They are not near a lake, so they are\",\"context_1\":\"They are not near sand, so they are\",\"task_type\":\"attention_check\",\"choices\":[\"Don't Click This Button!\",\"Click This Button!\"],\"trial_type\":\"html-button-response\",\"trial_index\":5,\"time_elapsed\":87597,\"internal_node_id\":\"0.0-1.0-1.3-0.3\",\"subject_id\":\"63b6bda4781d2606cfdbae0d\",\"study_id\":\"67e2c7f5c9ee767149702482\",\"session_id\":\"67e2d80a1b099f0af4d074c5\",\"rng_seed\":\"0.26664135981066694\"},{\"rt\":5981,\"stimulus\":\"<div style=\\\"font-size:20px;\\\"><p>Which scenario is more nonsensical?</p>\\n  Reminder: <strong>Nonsensical</strong> means it does not make sense due to some basic conceptual error (\\\"I painted the house with my number.\\\"). </div>\",\"response\":0,\"stimulus_0\":\"eating soup using\",\"stimulus_1\":\"squishing a blueberry using\",\"condition_0\":\"improbable\",\"condition_1\":\"improbable\",\"continuation_0\":\"a bucket\",\"continuation_1\":\"[POSS] nose\",\"id_0\":31,\"id_1\":58,\"context_0\":\"They do not have a spoon, so they are\",\"context_1\":\"They do not have fingers, so they are\",\"task_type\":\"critical\",\"concept\":\"inconceivable\",\"trial_type\":\"html-button-response\",\"trial_index\":6,\"time_elapsed\":93579,\"internal_node_id\":\"0.0-1.0-0.4\",\"subject_id\":\"63b6bda4781d2606cfdbae0d\",\"study_id\":\"67e2c7f5c9ee767149702482\",\"session_id\":\"67e2d80a1b099f0af4d074c5\",\"rng_seed\":\"0.26664135981066694\",\"response_label\":0,\"provided_context\":true},{\"rt\":3598,\"stimulus\":\"<div style=\\\"font-size:20px;\\\"><p>Which scenario is more nonsensical?</p>\\n  Reminder: <strong>Nonsensical</strong> means it does not make sense due to some basic conceptual error (\\\"I painted the house with my number.\\\"). </div>\",\"response\":0,\"stimulus_0\":\"shattering a window using\",\"stimulus_1\":\"sewing a shirt using\",\"condition_0\":\"impossible\",\"condition_1\":\"improbable\",\"continuation_0\":\"confetti\",\"continuation_1\":\"a toothpick\",\"id_0\":53,\"id_1\":52,\"context_0\":\"They do not have a stone, so they are\",\"context_1\":\"They do not have a needle, so they are\",\"task_type\":\"critical\",\"concept\":\"inconceivable\",\"trial_type\":\"html-button-response\",\"trial_index\":7,\"time_elapsed\":97180,\"internal_node_id\":\"0.0-1.0-0.5\",\"subject_id\":\"63b6bda4781d2606cfdbae0d\",\"study_id\":\"67e2c7f5c9ee767149702482\",\"session_id\":\"67e2d80a1b099f0af4d074c5\",\"rng_seed\":\"0.26664135981066694\",\"response_label\":0,\"provided_context\":true},{\"rt\":6548,\"stimulus\":\"<div style=\\\"font-size:20px;\\\"><p>Which scenario is more nonsensical?</p>\\n  Reminder: <strong>Nonsensical</strong> means it does not make sense due to some basic conceptual error (\\\"I painted the house with my number.\\\"). </div>\",\"response\":1,\"stimulus_0\":\"building a bridge out of\",\"stimulus_1\":\"packing a suit inside\",\"condition_0\":\"improbable\",\"condition_1\":\"improbable\",\"continuation_0\":\"plastic\",\"continuation_1\":\"a pocket\",\"id_0\":4,\"id_1\":44,\"context_0\":\"They do not have any steel, so they are\",\"context_1\":\"They do not have a suitcase, so they are\",\"task_type\":\"critical\",\"concept\":\"inconceivable\",\"trial_type\":\"html-button-response\",\"trial_index\":8,\"time_elapsed\":103730,\"internal_node_id\":\"0.0-1.0-0.6\",\"subject_id\":\"63b6bda4781d2606cfdbae0d\",\"study_id\":\"67e2c7f5c9ee767149702482\",\"session_id\":\"67e2d80a1b099f0af4d074c5\",\"rng_seed\":\"0.26664135981066694\",\"response_label\":1,\"provided_context\":true},{\"rt\":4396,\"stimulus\":\"<div style=\\\"font-size:20px;\\\"><p>Which scenario is more nonsensical?</p>\\n  Reminder: <strong>Nonsensical</strong> means it does not make sense due to some basic conceptual error (\\\"I painted the house with my number.\\\"). </div>\",\"response\":1,\"stimulus_0\":\"denting a car with\",\"stimulus_1\":\"hanging a painting using\",\"condition_0\":\"improbable\",\"condition_1\":\"inconceivable\",\"continuation_0\":\"a dumbbell\",\"continuation_1\":\"a handshake\",\"id_0\":23,\"id_1\":36,\"context_0\":\"They do not have a baseball bat, so they are\",\"context_1\":\"They do not have screws, so they are\",\"task_type\":\"critical\",\"concept\":\"inconceivable\",\"trial_type\":\"html-button-response\",\"trial_index\":9,\"time_elapsed\":108128,\"internal_node_id\":\"0.0-1.0-0.7\",\"subject_id\":\"63b6bda4781d2606cfdbae0d\",\"study_id\":\"67e2c7f5c9ee767149702482\",\"session_id\":\"67e2d80a1b099f0af4d074c5\",\"rng_seed\":\"0.26664135981066694\",\"response_label\":1,\"provided_context\":true},{\"rt\":984,\"stimulus\":\"<div style=\\\"font-size:20px;\\\"><p>Follow the instructions below.</p></div>\",\"response\":1,\"stimulus_0\":\"denting a car with\",\"stimulus_1\":\"hanging a painting using\",\"condition_0\":\"improbable\",\"condition_1\":\"inconceivable\",\"continuation_0\":\"a dumbbell\",\"continuation_1\":\"a handshake\",\"id_0\":23,\"id_1\":36,\"context_0\":\"They do not have a baseball bat, so they are\",\"context_1\":\"They do not have screws, so they are\",\"task_type\":\"attention_check\",\"choices\":[\"Don't Click This Button!\",\"Click This Button!\"],\"trial_type\":\"html-button-response\",\"trial_index\":10,\"time_elapsed\":109112,\"internal_node_id\":\"0.0-1.0-1.7-0.7\",\"subject_id\":\"63b6bda4781d2606cfdbae0d\",\"study_id\":\"67e2c7f5c9ee767149702482\",\"session_id\":\"67e2d80a1b099f0af4d074c5\",\"rng_seed\":\"0.26664135981066694\"},{\"rt\":4266,\"stimulus\":\"<div style=\\\"font-size:20px;\\\"><p>Which scenario is more nonsensical?</p>\\n  Reminder: <strong>Nonsensical</strong> means it does not make sense due to some basic conceptual error (\\\"I painted the house with my number.\\\"). </div>\",\"response\":1,\"stimulus_0\":\"taking a vacation to\",\"stimulus_1\":\"baking a cake inside\",\"condition_0\":\"impossible\",\"condition_1\":\"inconceivable\",\"continuation_0\":\"the sun\",\"continuation_1\":\"a sigh\",\"id_0\":61,\"id_1\":0,\"context_0\":\"They are not near the beach, so they are\",\"context_1\":\"They do not have an oven, so they are\",\"task_type\":\"critical\",\"concept\":\"inconceivable\",\"trial_type\":\"html-button-response\",\"trial_index\":11,\"time_elapsed\":113380,\"internal_node_id\":\"0.0-1.0-0.8\",\"subject_id\":\"63b6bda4781d2606cfdbae0d\",\"study_id\":\"67e2c7f5c9ee767149702482\",\"session_id\":\"67e2d80a1b099f0af4d074c5\",\"rng_seed\":\"0.26664135981066694\",\"response_label\":1,\"provided_context\":true},{\"rt\":2998,\"stimulus\":\"<div style=\\\"font-size:20px;\\\"><p>Which scenario is more nonsensical?</p>\\n  Reminder: <strong>Nonsensical</strong> means it does not make sense due to some basic conceptual error (\\\"I painted the house with my number.\\\"). </div>\",\"response\":1,\"stimulus_0\":\"taking a vacation to\",\"stimulus_1\":\"digging a hole using\",\"condition_0\":\"impossible\",\"condition_1\":\"impossible\",\"continuation_0\":\"the sun\",\"continuation_1\":\"dirt\",\"id_0\":61,\"id_1\":24,\"context_0\":\"They are not near the beach, so they are\",\"context_1\":\"They do not have a shovel, so they are\",\"task_type\":\"critical\",\"concept\":\"inconceivable\",\"trial_type\":\"html-button-response\",\"trial_index\":12,\"time_elapsed\":116379,\"internal_node_id\":\"0.0-1.0-0.9\",\"subject_id\":\"63b6bda4781d2606cfdbae0d\",\"study_id\":\"67e2c7f5c9ee767149702482\",\"session_id\":\"67e2d80a1b099f0af4d074c5\",\"rng_seed\":\"0.26664135981066694\",\"response_label\":1,\"provided_context\":true},{\"rt\":8215,\"stimulus\":\"<div style=\\\"font-size:20px;\\\"><p>Which scenario is more nonsensical?</p>\\n  Reminder: <strong>Nonsensical</strong> means it does not make sense due to some basic conceptual error (\\\"I painted the house with my number.\\\"). </div>\",\"response\":0,\"stimulus_0\":\"drinking a cup full of\",\"stimulus_1\":\"painting a wall using\",\"condition_0\":\"inconceivable\",\"condition_1\":\"inconceivable\",\"continuation_0\":\"minutes\",\"continuation_1\":\"a whisper\",\"id_0\":28,\"id_1\":45,\"context_0\":\"They do not have water, so they are\",\"context_1\":\"They do not have a brush, so they are\",\"task_type\":\"critical\",\"concept\":\"inconceivable\",\"trial_type\":\"html-button-response\",\"trial_index\":13,\"time_elapsed\":124596,\"internal_node_id\":\"0.0-1.0-0.10\",\"subject_id\":\"63b6bda4781d2606cfdbae0d\",\"study_id\":\"67e2c7f5c9ee767149702482\",\"session_id\":\"67e2d80a1b099f0af4d074c5\",\"rng_seed\":\"0.26664135981066694\",\"response_label\":0,\"provided_context\":true},{\"rt\":7015,\"stimulus\":\"<div style=\\\"font-size:20px;\\\"><p>Which scenario is more nonsensical?</p>\\n  Reminder: <strong>Nonsensical</strong> means it does not make sense due to some basic conceptual error (\\\"I painted the house with my number.\\\"). </div>\",\"response\":1,\"stimulus_0\":\"filling a bucket with\",\"stimulus_1\":\"cooling a room using\",\"condition_0\":\"impossible\",\"condition_1\":\"inconceivable\",\"continuation_0\":\"buildings\",\"continuation_1\":\"a taste\",\"id_0\":33,\"id_1\":17,\"context_0\":\"They are not near sand, so they are\",\"context_1\":\"They do not have a fan, so they are\",\"task_type\":\"critical\",\"concept\":\"inconceivable\",\"trial_type\":\"html-button-response\",\"trial_index\":14,\"time_elapsed\":131613,\"internal_node_id\":\"0.0-1.0-0.11\",\"subject_id\":\"63b6bda4781d2606cfdbae0d\",\"study_id\":\"67e2c7f5c9ee767149702482\",\"session_id\":\"67e2d80a1b099f0af4d074c5\",\"rng_seed\":\"0.26664135981066694\",\"response_label\":1,\"provided_context\":true},{\"rt\":1148,\"stimulus\":\"<div style=\\\"font-size:20px;\\\"><p>Follow the instructions below.</p></div>\",\"response\":0,\"stimulus_0\":\"filling a bucket with\",\"stimulus_1\":\"cooling a room using\",\"condition_0\":\"impossible\",\"condition_1\":\"inconceivable\",\"continuation_0\":\"buildings\",\"continuation_1\":\"a taste\",\"id_0\":33,\"id_1\":17,\"context_0\":\"They are not near sand, so they are\",\"context_1\":\"They do not have a fan, so they are\",\"task_type\":\"attention_check\",\"choices\":[\"Click This Button!\",\"Don't Click This Button!\"],\"trial_type\":\"html-button-response\",\"trial_index\":15,\"time_elapsed\":132763,\"internal_node_id\":\"0.0-1.0-1.11-0.11\",\"subject_id\":\"63b6bda4781d2606cfdbae0d\",\"study_id\":\"67e2c7f5c9ee767149702482\",\"session_id\":\"67e2d80a1b099f0af4d074c5\",\"rng_seed\":\"0.26664135981066694\"},{\"rt\":3532,\"stimulus\":\"<div style=\\\"font-size:20px;\\\"><p>Which scenario is more nonsensical?</p>\\n  Reminder: <strong>Nonsensical</strong> means it does not make sense due to some basic conceptual error (\\\"I painted the house with my number.\\\"). </div>\",\"response\":1,\"stimulus_0\":\"shattering a window using\",\"stimulus_1\":\"baking a cake inside\",\"condition_0\":\"impossible\",\"condition_1\":\"inconceivable\",\"continuation_0\":\"confetti\",\"continuation_1\":\"a sigh\",\"id_0\":53,\"id_1\":0,\"context_0\":\"They do not have a stone, so they are\",\"context_1\":\"They do not have an oven, so they are\",\"task_type\":\"critical\",\"concept\":\"inconceivable\",\"trial_type\":\"html-button-response\",\"trial_index\":16,\"time_elapsed\":136296,\"internal_node_id\":\"0.0-1.0-0.12\",\"subject_id\":\"63b6bda4781d2606cfdbae0d\",\"study_id\":\"67e2c7f5c9ee767149702482\",\"session_id\":\"67e2d80a1b099f0af4d074c5\",\"rng_seed\":\"0.26664135981066694\",\"response_label\":1,\"provided_context\":true},{\"rt\":2265,\"stimulus\":\"<div style=\\\"font-size:20px;\\\"><p>Which scenario is more nonsensical?</p>\\n  Reminder: <strong>Nonsensical</strong> means it does not make sense due to some basic conceptual error (\\\"I painted the house with my number.\\\"). </div>\",\"response\":0,\"stimulus_0\":\"digging a hole using\",\"stimulus_1\":\"catching a fish in\",\"condition_0\":\"impossible\",\"condition_1\":\"improbable\",\"continuation_0\":\"dirt\",\"continuation_1\":\"a puddle\",\"id_0\":24,\"id_1\":8,\"context_0\":\"They do not have a shovel, so they are\",\"context_1\":\"They are not near a lake, so they are\",\"task_type\":\"critical\",\"concept\":\"inconceivable\",\"trial_type\":\"html-button-response\",\"trial_index\":17,\"time_elapsed\":138563,\"internal_node_id\":\"0.0-1.0-0.13\",\"subject_id\":\"63b6bda4781d2606cfdbae0d\",\"study_id\":\"67e2c7f5c9ee767149702482\",\"session_id\":\"67e2d80a1b099f0af4d074c5\",\"rng_seed\":\"0.26664135981066694\",\"response_label\":0,\"provided_context\":true},{\"rt\":4714,\"stimulus\":\"<div style=\\\"font-size:20px;\\\"><p>Which scenario is more nonsensical?</p>\\n  Reminder: <strong>Nonsensical</strong> means it does not make sense due to some basic conceptual error (\\\"I painted the house with my number.\\\"). </div>\",\"response\":1,\"stimulus_0\":\"filling a bucket with\",\"stimulus_1\":\"packing a suit inside\",\"condition_0\":\"impossible\",\"condition_1\":\"improbable\",\"continuation_0\":\"buildings\",\"continuation_1\":\"a pocket\",\"id_0\":33,\"id_1\":44,\"context_0\":\"They are not near sand, so they are\",\"context_1\":\"They do not have a suitcase, so they are\",\"task_type\":\"critical\",\"concept\":\"inconceivable\",\"trial_type\":\"html-button-response\",\"trial_index\":18,\"time_elapsed\":143278,\"internal_node_id\":\"0.0-1.0-0.14\",\"subject_id\":\"63b6bda4781d2606cfdbae0d\",\"study_id\":\"67e2c7f5c9ee767149702482\",\"session_id\":\"67e2d80a1b099f0af4d074c5\",\"rng_seed\":\"0.26664135981066694\",\"response_label\":1,\"provided_context\":true},{\"rt\":2800,\"stimulus\":\"<div style=\\\"font-size:20px;\\\"><p>Which scenario is more nonsensical?</p>\\n  Reminder: <strong>Nonsensical</strong> means it does not make sense due to some basic conceptual error (\\\"I painted the house with my number.\\\"). </div>\",\"response\":0,\"stimulus_0\":\"cooking dinner out of\",\"stimulus_1\":\"squishing a blueberry using\",\"condition_0\":\"impossible\",\"condition_1\":\"improbable\",\"continuation_0\":\"the moon\",\"continuation_1\":\"[POSS] nose\",\"id_0\":16,\"id_1\":58,\"context_0\":\"They do not have pasta, so they are\",\"context_1\":\"They do not have fingers, so they are\",\"task_type\":\"critical\",\"concept\":\"inconceivable\",\"trial_type\":\"html-button-response\",\"trial_index\":19,\"time_elapsed\":146079,\"internal_node_id\":\"0.0-1.0-0.15\",\"subject_id\":\"63b6bda4781d2606cfdbae0d\",\"study_id\":\"67e2c7f5c9ee767149702482\",\"session_id\":\"67e2d80a1b099f0af4d074c5\",\"rng_seed\":\"0.26664135981066694\",\"response_label\":0,\"provided_context\":true},{\"rt\":966,\"stimulus\":\"<div style=\\\"font-size:20px;\\\"><p>Follow the instructions below.</p></div>\",\"response\":0,\"stimulus_0\":\"cooking dinner out of\",\"stimulus_1\":\"squishing a blueberry using\",\"condition_0\":\"impossible\",\"condition_1\":\"improbable\",\"continuation_0\":\"the moon\",\"continuation_1\":\"[POSS] nose\",\"id_0\":16,\"id_1\":58,\"context_0\":\"They do not have pasta, so they are\",\"context_1\":\"They do not have fingers, so they are\",\"task_type\":\"attention_check\",\"choices\":[\"Click This Button!\",\"Don't Click This Button!\"],\"trial_type\":\"html-button-response\",\"trial_index\":20,\"time_elapsed\":147046,\"internal_node_id\":\"0.0-1.0-1.15-0.15\",\"subject_id\":\"63b6bda4781d2606cfdbae0d\",\"study_id\":\"67e2c7f5c9ee767149702482\",\"session_id\":\"67e2d80a1b099f0af4d074c5\",\"rng_seed\":\"0.26664135981066694\"},{\"rt\":3031,\"stimulus\":\"<div style=\\\"font-size:20px;\\\"><p>Which scenario is more nonsensical?</p>\\n  Reminder: <strong>Nonsensical</strong> means it does not make sense due to some basic conceptual error (\\\"I painted the house with my number.\\\"). </div>\",\"response\":0,\"stimulus_0\":\"unlocking a door using\",\"stimulus_1\":\"digging a hole using\",\"condition_0\":\"impossible\",\"condition_1\":\"impossible\",\"continuation_0\":\"a marshmallow\",\"continuation_1\":\"dirt\",\"id_0\":64,\"id_1\":24,\"context_0\":\"They do not have a key, so they are\",\"context_1\":\"They do not have a shovel, so they are\",\"task_type\":\"critical\",\"concept\":\"inconceivable\",\"trial_type\":\"html-button-response\",\"trial_index\":21,\"time_elapsed\":150078,\"internal_node_id\":\"0.0-1.0-0.16\",\"subject_id\":\"63b6bda4781d2606cfdbae0d\",\"study_id\":\"67e2c7f5c9ee767149702482\",\"session_id\":\"67e2d80a1b099f0af4d074c5\",\"rng_seed\":\"0.26664135981066694\",\"response_label\":0,\"provided_context\":true},{\"rt\":3500,\"stimulus\":\"<div style=\\\"font-size:20px;\\\"><p>Which scenario is more nonsensical?</p>\\n  Reminder: <strong>Nonsensical</strong> means it does not make sense due to some basic conceptual error (\\\"I painted the house with my number.\\\"). </div>\",\"response\":0,\"stimulus_0\":\"cleaning a spill using\",\"stimulus_1\":\"cooling a room using\",\"condition_0\":\"inconceivable\",\"condition_1\":\"inconceivable\",\"continuation_0\":\"a country\",\"continuation_1\":\"a taste\",\"id_0\":11,\"id_1\":17,\"context_0\":\"They do not have a sponge, so they are\",\"context_1\":\"They do not have a fan, so they are\",\"task_type\":\"critical\",\"concept\":\"inconceivable\",\"trial_type\":\"html-button-response\",\"trial_index\":22,\"time_elapsed\":153579,\"internal_node_id\":\"0.0-1.0-0.17\",\"subject_id\":\"63b6bda4781d2606cfdbae0d\",\"study_id\":\"67e2c7f5c9ee767149702482\",\"session_id\":\"67e2d80a1b099f0af4d074c5\",\"rng_seed\":\"0.26664135981066694\",\"response_label\":0,\"provided_context\":true},{\"rt\":3782,\"stimulus\":\"<div style=\\\"font-size:20px;\\\"><p>Which scenario is more nonsensical?</p>\\n  Reminder: <strong>Nonsensical</strong> means it does not make sense due to some basic conceptual error (\\\"I painted the house with my number.\\\"). </div>\",\"response\":0,\"stimulus_0\":\"cutting cardboard using\",\"stimulus_1\":\"digging a hole using\",\"condition_0\":\"inconceivable\",\"condition_1\":\"impossible\",\"continuation_0\":\"a snore\",\"continuation_1\":\"dirt\",\"id_0\":22,\"id_1\":24,\"context_0\":\"They do not have scissors, so they are\",\"context_1\":\"They do not have a shovel, so they are\",\"task_type\":\"critical\",\"concept\":\"inconceivable\",\"trial_type\":\"html-button-response\",\"trial_index\":23,\"time_elapsed\":157362,\"internal_node_id\":\"0.0-1.0-0.18\",\"subject_id\":\"63b6bda4781d2606cfdbae0d\",\"study_id\":\"67e2c7f5c9ee767149702482\",\"session_id\":\"67e2d80a1b099f0af4d074c5\",\"rng_seed\":\"0.26664135981066694\",\"response_label\":0,\"provided_context\":true},{\"rt\":2399,\"stimulus\":\"<div style=\\\"font-size:20px;\\\"><p>Which scenario is more nonsensical?</p>\\n  Reminder: <strong>Nonsensical</strong> means it does not make sense due to some basic conceptual error (\\\"I painted the house with my number.\\\"). </div>\",\"response\":1,\"stimulus_0\":\"unlocking a door using\",\"stimulus_1\":\"drinking a cup full of\",\"condition_0\":\"impossible\",\"condition_1\":\"inconceivable\",\"continuation_0\":\"a marshmallow\",\"continuation_1\":\"minutes\",\"id_0\":64,\"id_1\":28,\"context_0\":\"They do not have a key, so they are\",\"context_1\":\"They do not have water, so they are\",\"task_type\":\"critical\",\"concept\":\"inconceivable\",\"trial_type\":\"html-button-response\",\"trial_index\":24,\"time_elapsed\":159763,\"internal_node_id\":\"0.0-1.0-0.19\",\"subject_id\":\"63b6bda4781d2606cfdbae0d\",\"study_id\":\"67e2c7f5c9ee767149702482\",\"session_id\":\"67e2d80a1b099f0af4d074c5\",\"rng_seed\":\"0.26664135981066694\",\"response_label\":1,\"provided_context\":true},{\"rt\":915,\"stimulus\":\"<div style=\\\"font-size:20px;\\\"><p>Follow the instructions below.</p></div>\",\"response\":0,\"stimulus_0\":\"unlocking a door using\",\"stimulus_1\":\"drinking a cup full of\",\"condition_0\":\"impossible\",\"condition_1\":\"inconceivable\",\"continuation_0\":\"a marshmallow\",\"continuation_1\":\"minutes\",\"id_0\":64,\"id_1\":28,\"context_0\":\"They do not have a key, so they are\",\"context_1\":\"They do not have water, so they are\",\"task_type\":\"attention_check\",\"choices\":[\"Click This Button!\",\"Don't Click This Button!\"],\"trial_type\":\"html-button-response\",\"trial_index\":25,\"time_elapsed\":160679,\"internal_node_id\":\"0.0-1.0-1.19-0.19\",\"subject_id\":\"63b6bda4781d2606cfdbae0d\",\"study_id\":\"67e2c7f5c9ee767149702482\",\"session_id\":\"67e2d80a1b099f0af4d074c5\",\"rng_seed\":\"0.26664135981066694\"},{\"rt\":6880,\"response\":{\"language\":\"English\",\"gender\":\"Man\",\"feedback\":\"\"},\"trial_type\":\"survey-text\",\"trial_index\":26,\"time_elapsed\":167579,\"internal_node_id\":\"0.0-2.0\",\"subject_id\":\"63b6bda4781d2606cfdbae0d\",\"study_id\":\"67e2c7f5c9ee767149702482\",\"session_id\":\"67e2d80a1b099f0af4d074c5\",\"rng_seed\":\"0.26664135981066694\",\"task_type\":\"survey\"},{\"success\":true,\"completion_time\":\"2025-03-25T16:33:15.210Z\",\"exp_type\":\"gesture-beat-expt-pilot\"}]",
    "dir_path": "data/experiment_2_pilot"
}