{
    "prolific_data": {
        "subject_id": "67896face1c2b598c95a41ca",
        "study_id": "67e2c7f5c9ee767149702482",
        "session_id": "67e2cbe5ad13aca88e7ac690",
        "rng_seed": "0.6540580076471056"
    },
    "data": "[{\"rt\":32632,\"stimulus\":\"\\n  <div class=\\\"jspsych-content\\\" align=left style=\\\"width:100%;text-align: left;\\\">\\n  <h2>Hello, and welcome to our study!</h2>\\n      In this study, we will ask you to 25 questions.\\n      <p>\\n      In 20 of the questions, we will need your help deciding which statement is more <strong>improbable</strong>.\\n      </p>\\n      <strong>Improbable</strong> means it is possible, but unlikely (e.g., \\\"I painted the house with my hair.\\\").\\n      <p>\\n      The remaining questions will check to make sure that you are paying attention to the study.\\n      <p>\\n    <h3>IMPORTANT:</h3>\\n    <ul>\\n      <li>Respond as quickly as you can.</li>\\n      <li>Answer the questions based on what is possible given the physical laws of the real world.</li>\\n      <li>There are no right or wrong answers. We are simply interested in your intuitions.</li>\\n      </ul>\\n    Once you are done reading this page, please press SPACEBAR to continue.\\n    </p>\\n  </div>\\n  \",\"response\":\" \",\"trial_type\":\"html-keyboard-response\",\"trial_index\":0,\"time_elapsed\":32638,\"internal_node_id\":\"0.0-0.0\",\"subject_id\":\"67896face1c2b598c95a41ca\",\"study_id\":\"67e2c7f5c9ee767149702482\",\"session_id\":\"67e2cbe5ad13aca88e7ac690\",\"rng_seed\":\"0.6540580076471056\"},{\"rt\":11858,\"stimulus\":\"<div style=\\\"font-size:20px;\\\"><p>Which scenario is more improbable?</p>\\n  Reminder: <strong>Improbable</strong> means it is possible, but unlikely (e.g., \\\"I painted the house with my hair.\\\").</div>\",\"response\":1,\"stimulus_0\":\"drying laundry using\",\"stimulus_1\":\"plucking a hair using\",\"condition_0\":\"improbable\",\"condition_1\":\"inconceivable\",\"continuation_0\":\"a fan\",\"continuation_1\":\"sympathy\",\"id_0\":30,\"id_1\":47,\"context_0\":\"They do not have a clothesline, so they are\",\"context_1\":\"They do not have tweezers, so they are\",\"task_type\":\"critical\",\"concept\":\"improbable\",\"trial_type\":\"html-button-response\",\"trial_index\":1,\"time_elapsed\":44498,\"internal_node_id\":\"0.0-1.0-0.0\",\"subject_id\":\"67896face1c2b598c95a41ca\",\"study_id\":\"67e2c7f5c9ee767149702482\",\"session_id\":\"67e2cbe5ad13aca88e7ac690\",\"rng_seed\":\"0.6540580076471056\",\"response_label\":1,\"provided_context\":true},{\"rt\":19903,\"stimulus\":\"<div style=\\\"font-size:20px;\\\"><p>Which scenario is more improbable?</p>\\n  Reminder: <strong>Improbable</strong> means it is possible, but unlikely (e.g., \\\"I painted the house with my hair.\\\").</div>\",\"response\":1,\"stimulus_0\":\"plucking a hair using\",\"stimulus_1\":\"unlocking a door using\",\"condition_0\":\"inconceivable\",\"condition_1\":\"impossible\",\"continuation_0\":\"sympathy\",\"continuation_1\":\"a marshmallow\",\"id_0\":47,\"id_1\":64,\"context_0\":\"They do not have tweezers, so they are\",\"context_1\":\"They do not have a key, so they are\",\"task_type\":\"critical\",\"concept\":\"improbable\",\"trial_type\":\"html-button-response\",\"trial_index\":2,\"time_elapsed\":64403,\"internal_node_id\":\"0.0-1.0-0.1\",\"subject_id\":\"67896face1c2b598c95a41ca\",\"study_id\":\"67e2c7f5c9ee767149702482\",\"session_id\":\"67e2cbe5ad13aca88e7ac690\",\"rng_seed\":\"0.6540580076471056\",\"response_label\":1,\"provided_context\":true},{\"rt\":3290,\"stimulus\":\"<div style=\\\"font-size:20px;\\\"><p>Which scenario is more improbable?</p>\\n  Reminder: <strong>Improbable</strong> means it is possible, but unlikely (e.g., \\\"I painted the house with my hair.\\\").</div>\",\"response\":0,\"stimulus_0\":\"cleaning a spill using\",\"stimulus_1\":\"carrying groceries inside\",\"condition_0\":\"inconceivable\",\"condition_1\":\"improbable\",\"continuation_0\":\"a country\",\"continuation_1\":\"a backpack\",\"id_0\":11,\"id_1\":6,\"context_0\":\"They do not have a sponge, so they are\",\"context_1\":\"They do not have a tote bag, so they are\",\"task_type\":\"critical\",\"concept\":\"improbable\",\"trial_type\":\"html-button-response\",\"trial_index\":3,\"time_elapsed\":67693,\"internal_node_id\":\"0.0-1.0-0.2\",\"subject_id\":\"67896face1c2b598c95a41ca\",\"study_id\":\"67e2c7f5c9ee767149702482\",\"session_id\":\"67e2cbe5ad13aca88e7ac690\",\"rng_seed\":\"0.6540580076471056\",\"response_label\":0,\"provided_context\":true},{\"rt\":2326,\"stimulus\":\"<div style=\\\"font-size:20px;\\\"><p>Which scenario is more improbable?</p>\\n  Reminder: <strong>Improbable</strong> means it is possible, but unlikely (e.g., \\\"I painted the house with my hair.\\\").</div>\",\"response\":0,\"stimulus_0\":\"packing a suit inside\",\"stimulus_1\":\"plucking a hair using\",\"condition_0\":\"improbable\",\"condition_1\":\"inconceivable\",\"continuation_0\":\"a pocket\",\"continuation_1\":\"sympathy\",\"id_0\":44,\"id_1\":47,\"context_0\":\"They do not have a suitcase, so they are\",\"context_1\":\"They do not have tweezers, so they are\",\"task_type\":\"critical\",\"concept\":\"improbable\",\"trial_type\":\"html-button-response\",\"trial_index\":4,\"time_elapsed\":70020,\"internal_node_id\":\"0.0-1.0-0.3\",\"subject_id\":\"67896face1c2b598c95a41ca\",\"study_id\":\"67e2c7f5c9ee767149702482\",\"session_id\":\"67e2cbe5ad13aca88e7ac690\",\"rng_seed\":\"0.6540580076471056\",\"response_label\":0,\"provided_context\":true},{\"rt\":5041,\"stimulus\":\"<div style=\\\"font-size:20px;\\\"><p>Follow the instructions below.</p></div>\",\"response\":0,\"stimulus_0\":\"packing a suit inside\",\"stimulus_1\":\"plucking a hair using\",\"condition_0\":\"improbable\",\"condition_1\":\"inconceivable\",\"continuation_0\":\"a pocket\",\"continuation_1\":\"sympathy\",\"id_0\":44,\"id_1\":47,\"context_0\":\"They do not have a suitcase, so they are\",\"context_1\":\"They do not have tweezers, so they are\",\"task_type\":\"attention_check\",\"choices\":[\"Click This Button!\",\"Don't Click This Button!\"],\"trial_type\":\"html-button-response\",\"trial_index\":5,\"time_elapsed\":75062,\"internal_node_id\":\"0.0-1.0-1.3-0.3\",\"subject_id\":\"67896face1c2b598c95a41ca\",\"study_id\":\"67e2c7f5c9ee767149702482\",\"session_id\":\"67e2cbe5ad13aca88e7ac690\",\"rng_seed\":\"0.6540580076471056\"},{\"rt\":9854,\"stimulus\":\"<div style=\\\"font-size:20px;\\\"><p>Which scenario is more improbable?</p>\\n  Reminder: <strong>Improbable</strong> means it is possible, but unlikely (e.g., \\\"I painted the house with my hair.\\\").</div>\",\"response\":0,\"stimulus_0\":\"squishing a blueberry using\",\"stimulus_1\":\"writing an equation on\",\"condition_0\":\"improbable\",\"condition_1\":\"inconceivable\",\"continuation_0\":\"[POSS] nose\",\"continuation_1\":\"a scream\",\"id_0\":58,\"id_1\":69,\"context_0\":\"They do not have fingers, so they are\",\"context_1\":\"They do not have a chalkboard, so they are\",\"task_type\":\"critical\",\"concept\":\"improbable\",\"trial_type\":\"html-button-response\",\"trial_index\":6,\"time_elapsed\":84918,\"internal_node_id\":\"0.0-1.0-0.4\",\"subject_id\":\"67896face1c2b598c95a41ca\",\"study_id\":\"67e2c7f5c9ee767149702482\",\"session_id\":\"67e2cbe5ad13aca88e7ac690\",\"rng_seed\":\"0.6540580076471056\",\"response_label\":0,\"provided_context\":true},{\"rt\":11279,\"stimulus\":\"<div style=\\\"font-size:20px;\\\"><p>Which scenario is more improbable?</p>\\n  Reminder: <strong>Improbable</strong> means it is possible, but unlikely (e.g., \\\"I painted the house with my hair.\\\").</div>\",\"response\":0,\"stimulus_0\":\"eating soup using\",\"stimulus_1\":\"crushing a soda can using\",\"condition_0\":\"improbable\",\"condition_1\":\"improbable\",\"continuation_0\":\"a bucket\",\"continuation_1\":\"a chair\",\"id_0\":31,\"id_1\":20,\"context_0\":\"They do not have a spoon, so they are\",\"context_1\":\"They do not have a shoe, so they are\",\"task_type\":\"critical\",\"concept\":\"improbable\",\"trial_type\":\"html-button-response\",\"trial_index\":7,\"time_elapsed\":96198,\"internal_node_id\":\"0.0-1.0-0.5\",\"subject_id\":\"67896face1c2b598c95a41ca\",\"study_id\":\"67e2c7f5c9ee767149702482\",\"session_id\":\"67e2cbe5ad13aca88e7ac690\",\"rng_seed\":\"0.6540580076471056\",\"response_label\":0,\"provided_context\":true},{\"rt\":12724,\"stimulus\":\"<div style=\\\"font-size:20px;\\\"><p>Which scenario is more improbable?</p>\\n  Reminder: <strong>Improbable</strong> means it is possible, but unlikely (e.g., \\\"I painted the house with my hair.\\\").</div>\",\"response\":0,\"stimulus_0\":\"painting a wall using\",\"stimulus_1\":\"taking a vacation to\",\"condition_0\":\"inconceivable\",\"condition_1\":\"impossible\",\"continuation_0\":\"a whisper\",\"continuation_1\":\"the sun\",\"id_0\":45,\"id_1\":61,\"context_0\":\"They do not have a brush, so they are\",\"context_1\":\"They are not near the beach, so they are\",\"task_type\":\"critical\",\"concept\":\"improbable\",\"trial_type\":\"html-button-response\",\"trial_index\":8,\"time_elapsed\":108923,\"internal_node_id\":\"0.0-1.0-0.6\",\"subject_id\":\"67896face1c2b598c95a41ca\",\"study_id\":\"67e2c7f5c9ee767149702482\",\"session_id\":\"67e2cbe5ad13aca88e7ac690\",\"rng_seed\":\"0.6540580076471056\",\"response_label\":0,\"provided_context\":true},{\"rt\":2296,\"stimulus\":\"<div style=\\\"font-size:20px;\\\"><p>Which scenario is more improbable?</p>\\n  Reminder: <strong>Improbable</strong> means it is possible, but unlikely (e.g., \\\"I painted the house with my hair.\\\").</div>\",\"response\":0,\"stimulus_0\":\"taking a vacation to\",\"stimulus_1\":\"eating soup using\",\"condition_0\":\"impossible\",\"condition_1\":\"improbable\",\"continuation_0\":\"the sun\",\"continuation_1\":\"a bucket\",\"id_0\":61,\"id_1\":31,\"context_0\":\"They are not near the beach, so they are\",\"context_1\":\"They do not have a spoon, so they are\",\"task_type\":\"critical\",\"concept\":\"improbable\",\"trial_type\":\"html-button-response\",\"trial_index\":9,\"time_elapsed\":111220,\"internal_node_id\":\"0.0-1.0-0.7\",\"subject_id\":\"67896face1c2b598c95a41ca\",\"study_id\":\"67e2c7f5c9ee767149702482\",\"session_id\":\"67e2cbe5ad13aca88e7ac690\",\"rng_seed\":\"0.6540580076471056\",\"response_label\":0,\"provided_context\":true},{\"rt\":6342,\"stimulus\":\"<div style=\\\"font-size:20px;\\\"><p>Follow the instructions below.</p></div>\",\"response\":1,\"stimulus_0\":\"taking a vacation to\",\"stimulus_1\":\"eating soup using\",\"condition_0\":\"impossible\",\"condition_1\":\"improbable\",\"continuation_0\":\"the sun\",\"continuation_1\":\"a bucket\",\"id_0\":61,\"id_1\":31,\"context_0\":\"They are not near the beach, so they are\",\"context_1\":\"They do not have a spoon, so they are\",\"task_type\":\"attention_check\",\"choices\":[\"Don't Click This Button!\",\"Click This Button!\"],\"trial_type\":\"html-button-response\",\"trial_index\":10,\"time_elapsed\":117563,\"internal_node_id\":\"0.0-1.0-1.7-0.7\",\"subject_id\":\"67896face1c2b598c95a41ca\",\"study_id\":\"67e2c7f5c9ee767149702482\",\"session_id\":\"67e2cbe5ad13aca88e7ac690\",\"rng_seed\":\"0.6540580076471056\"},{\"rt\":4672,\"stimulus\":\"<div style=\\\"font-size:20px;\\\"><p>Which scenario is more improbable?</p>\\n  Reminder: <strong>Improbable</strong> means it is possible, but unlikely (e.g., \\\"I painted the house with my hair.\\\").</div>\",\"response\":0,\"stimulus_0\":\"taking a vacation to\",\"stimulus_1\":\"squishing a blueberry using\",\"condition_0\":\"impossible\",\"condition_1\":\"improbable\",\"continuation_0\":\"the sun\",\"continuation_1\":\"[POSS] nose\",\"id_0\":61,\"id_1\":58,\"context_0\":\"They are not near the beach, so they are\",\"context_1\":\"They do not have fingers, so they are\",\"task_type\":\"critical\",\"concept\":\"improbable\",\"trial_type\":\"html-button-response\",\"trial_index\":11,\"time_elapsed\":122236,\"internal_node_id\":\"0.0-1.0-0.8\",\"subject_id\":\"67896face1c2b598c95a41ca\",\"study_id\":\"67e2c7f5c9ee767149702482\",\"session_id\":\"67e2cbe5ad13aca88e7ac690\",\"rng_seed\":\"0.6540580076471056\",\"response_label\":0,\"provided_context\":true},{\"rt\":1557,\"stimulus\":\"<div style=\\\"font-size:20px;\\\"><p>Which scenario is more improbable?</p>\\n  Reminder: <strong>Improbable</strong> means it is possible, but unlikely (e.g., \\\"I painted the house with my hair.\\\").</div>\",\"response\":1,\"stimulus_0\":\"taking a vacation to\",\"stimulus_1\":\"plucking a hair using\",\"condition_0\":\"impossible\",\"condition_1\":\"inconceivable\",\"continuation_0\":\"the sun\",\"continuation_1\":\"sympathy\",\"id_0\":61,\"id_1\":47,\"context_0\":\"They are not near the beach, so they are\",\"context_1\":\"They do not have tweezers, so they are\",\"task_type\":\"critical\",\"concept\":\"improbable\",\"trial_type\":\"html-button-response\",\"trial_index\":12,\"time_elapsed\":123793,\"internal_node_id\":\"0.0-1.0-0.9\",\"subject_id\":\"67896face1c2b598c95a41ca\",\"study_id\":\"67e2c7f5c9ee767149702482\",\"session_id\":\"67e2cbe5ad13aca88e7ac690\",\"rng_seed\":\"0.6540580076471056\",\"response_label\":1,\"provided_context\":true},{\"rt\":1165,\"stimulus\":\"<div style=\\\"font-size:20px;\\\"><p>Which scenario is more improbable?</p>\\n  Reminder: <strong>Improbable</strong> means it is possible, but unlikely (e.g., \\\"I painted the house with my hair.\\\").</div>\",\"response\":1,\"stimulus_0\":\"squishing a blueberry using\",\"stimulus_1\":\"baking a cake inside\",\"condition_0\":\"improbable\",\"condition_1\":\"inconceivable\",\"continuation_0\":\"[POSS] nose\",\"continuation_1\":\"a sigh\",\"id_0\":58,\"id_1\":0,\"context_0\":\"They do not have fingers, so they are\",\"context_1\":\"They do not have an oven, so they are\",\"task_type\":\"critical\",\"concept\":\"improbable\",\"trial_type\":\"html-button-response\",\"trial_index\":13,\"time_elapsed\":124959,\"internal_node_id\":\"0.0-1.0-0.10\",\"subject_id\":\"67896face1c2b598c95a41ca\",\"study_id\":\"67e2c7f5c9ee767149702482\",\"session_id\":\"67e2cbe5ad13aca88e7ac690\",\"rng_seed\":\"0.6540580076471056\",\"response_label\":1,\"provided_context\":true},{\"rt\":1438,\"stimulus\":\"<div style=\\\"font-size:20px;\\\"><p>Which scenario is more improbable?</p>\\n  Reminder: <strong>Improbable</strong> means it is possible, but unlikely (e.g., \\\"I painted the house with my hair.\\\").</div>\",\"response\":0,\"stimulus_0\":\"shaving [POSS] beard using\",\"stimulus_1\":\"catching a fish in\",\"condition_0\":\"inconceivable\",\"condition_1\":\"improbable\",\"continuation_0\":\"a belief\",\"continuation_1\":\"a puddle\",\"id_0\":54,\"id_1\":8,\"context_0\":\"They do not have a razor, so they are\",\"context_1\":\"They are not near a lake, so they are\",\"task_type\":\"critical\",\"concept\":\"improbable\",\"trial_type\":\"html-button-response\",\"trial_index\":14,\"time_elapsed\":126398,\"internal_node_id\":\"0.0-1.0-0.11\",\"subject_id\":\"67896face1c2b598c95a41ca\",\"study_id\":\"67e2c7f5c9ee767149702482\",\"session_id\":\"67e2cbe5ad13aca88e7ac690\",\"rng_seed\":\"0.6540580076471056\",\"response_label\":0,\"provided_context\":true},{\"rt\":1768,\"stimulus\":\"<div style=\\\"font-size:20px;\\\"><p>Follow the instructions below.</p></div>\",\"response\":1,\"stimulus_0\":\"shaving [POSS] beard using\",\"stimulus_1\":\"catching a fish in\",\"condition_0\":\"inconceivable\",\"condition_1\":\"improbable\",\"continuation_0\":\"a belief\",\"continuation_1\":\"a puddle\",\"id_0\":54,\"id_1\":8,\"context_0\":\"They do not have a razor, so they are\",\"context_1\":\"They are not near a lake, so they are\",\"task_type\":\"attention_check\",\"choices\":[\"Don't Click This Button!\",\"Click This Button!\"],\"trial_type\":\"html-button-response\",\"trial_index\":15,\"time_elapsed\":128167,\"internal_node_id\":\"0.0-1.0-1.11-0.11\",\"subject_id\":\"67896face1c2b598c95a41ca\",\"study_id\":\"67e2c7f5c9ee767149702482\",\"session_id\":\"67e2cbe5ad13aca88e7ac690\",\"rng_seed\":\"0.6540580076471056\"},{\"rt\":1329,\"stimulus\":\"<div style=\\\"font-size:20px;\\\"><p>Which scenario is more improbable?</p>\\n  Reminder: <strong>Improbable</strong> means it is possible, but unlikely (e.g., \\\"I painted the house with my hair.\\\").</div>\",\"response\":0,\"stimulus_0\":\"sewing a shirt using\",\"stimulus_1\":\"taking a vacation to\",\"condition_0\":\"improbable\",\"condition_1\":\"impossible\",\"continuation_0\":\"a toothpick\",\"continuation_1\":\"the sun\",\"id_0\":52,\"id_1\":61,\"context_0\":\"They do not have a needle, so they are\",\"context_1\":\"They are not near the beach, so they are\",\"task_type\":\"critical\",\"concept\":\"improbable\",\"trial_type\":\"html-button-response\",\"trial_index\":16,\"time_elapsed\":129497,\"internal_node_id\":\"0.0-1.0-0.12\",\"subject_id\":\"67896face1c2b598c95a41ca\",\"study_id\":\"67e2c7f5c9ee767149702482\",\"session_id\":\"67e2cbe5ad13aca88e7ac690\",\"rng_seed\":\"0.6540580076471056\",\"response_label\":0,\"provided_context\":true},{\"rt\":1267,\"stimulus\":\"<div style=\\\"font-size:20px;\\\"><p>Which scenario is more improbable?</p>\\n  Reminder: <strong>Improbable</strong> means it is possible, but unlikely (e.g., \\\"I painted the house with my hair.\\\").</div>\",\"response\":1,\"stimulus_0\":\"plucking a hair using\",\"stimulus_1\":\"crafting a bowl out of\",\"condition_0\":\"inconceivable\",\"condition_1\":\"impossible\",\"continuation_0\":\"sympathy\",\"continuation_1\":\"smoke\",\"id_0\":47,\"id_1\":19,\"context_0\":\"They do not have tweezers, so they are\",\"context_1\":\"They do not have clay, so they are\",\"task_type\":\"critical\",\"concept\":\"improbable\",\"trial_type\":\"html-button-response\",\"trial_index\":17,\"time_elapsed\":130765,\"internal_node_id\":\"0.0-1.0-0.13\",\"subject_id\":\"67896face1c2b598c95a41ca\",\"study_id\":\"67e2c7f5c9ee767149702482\",\"session_id\":\"67e2cbe5ad13aca88e7ac690\",\"rng_seed\":\"0.6540580076471056\",\"response_label\":1,\"provided_context\":true},{\"rt\":2747,\"stimulus\":\"<div style=\\\"font-size:20px;\\\"><p>Which scenario is more improbable?</p>\\n  Reminder: <strong>Improbable</strong> means it is possible, but unlikely (e.g., \\\"I painted the house with my hair.\\\").</div>\",\"response\":0,\"stimulus_0\":\"shattering a window using\",\"stimulus_1\":\"cooling a room using\",\"condition_0\":\"impossible\",\"condition_1\":\"inconceivable\",\"continuation_0\":\"confetti\",\"continuation_1\":\"a taste\",\"id_0\":53,\"id_1\":17,\"context_0\":\"They do not have a stone, so they are\",\"context_1\":\"They do not have a fan, so they are\",\"task_type\":\"critical\",\"concept\":\"improbable\",\"trial_type\":\"html-button-response\",\"trial_index\":18,\"time_elapsed\":133513,\"internal_node_id\":\"0.0-1.0-0.14\",\"subject_id\":\"67896face1c2b598c95a41ca\",\"study_id\":\"67e2c7f5c9ee767149702482\",\"session_id\":\"67e2cbe5ad13aca88e7ac690\",\"rng_seed\":\"0.6540580076471056\",\"response_label\":0,\"provided_context\":true},{\"rt\":1484,\"stimulus\":\"<div style=\\\"font-size:20px;\\\"><p>Which scenario is more improbable?</p>\\n  Reminder: <strong>Improbable</strong> means it is possible, but unlikely (e.g., \\\"I painted the house with my hair.\\\").</div>\",\"response\":0,\"stimulus_0\":\"building a bridge out of\",\"stimulus_1\":\"packing a suit inside\",\"condition_0\":\"improbable\",\"condition_1\":\"improbable\",\"continuation_0\":\"plastic\",\"continuation_1\":\"a pocket\",\"id_0\":4,\"id_1\":44,\"context_0\":\"They do not have any steel, so they are\",\"context_1\":\"They do not have a suitcase, so they are\",\"task_type\":\"critical\",\"concept\":\"improbable\",\"trial_type\":\"html-button-response\",\"trial_index\":19,\"time_elapsed\":134998,\"internal_node_id\":\"0.0-1.0-0.15\",\"subject_id\":\"67896face1c2b598c95a41ca\",\"study_id\":\"67e2c7f5c9ee767149702482\",\"session_id\":\"67e2cbe5ad13aca88e7ac690\",\"rng_seed\":\"0.6540580076471056\",\"response_label\":0,\"provided_context\":true},{\"rt\":2839,\"stimulus\":\"<div style=\\\"font-size:20px;\\\"><p>Follow the instructions below.</p></div>\",\"response\":0,\"stimulus_0\":\"building a bridge out of\",\"stimulus_1\":\"packing a suit inside\",\"condition_0\":\"improbable\",\"condition_1\":\"improbable\",\"continuation_0\":\"plastic\",\"continuation_1\":\"a pocket\",\"id_0\":4,\"id_1\":44,\"context_0\":\"They do not have any steel, so they are\",\"context_1\":\"They do not have a suitcase, so they are\",\"task_type\":\"attention_check\",\"choices\":[\"Click This Button!\",\"Don't Click This Button!\"],\"trial_type\":\"html-button-response\",\"trial_index\":20,\"time_elapsed\":137837,\"internal_node_id\":\"0.0-1.0-1.15-0.15\",\"subject_id\":\"67896face1c2b598c95a41ca\",\"study_id\":\"67e2c7f5c9ee767149702482\",\"session_id\":\"67e2cbe5ad13aca88e7ac690\",\"rng_seed\":\"0.6540580076471056\"},{\"rt\":2607,\"stimulus\":\"<div style=\\\"font-size:20px;\\\"><p>Which scenario is more improbable?</p>\\n  Reminder: <strong>Improbable</strong> means it is possible, but unlikely (e.g., \\\"I painted the house with my hair.\\\").</div>\",\"response\":1,\"stimulus_0\":\"polishing jewelry using\",\"stimulus_1\":\"plucking a hair using\",\"condition_0\":\"impossible\",\"condition_1\":\"inconceivable\",\"continuation_0\":\"a chainsaw\",\"continuation_1\":\"sympathy\",\"id_0\":48,\"id_1\":47,\"context_0\":\"They do not have a cloth, so they are\",\"context_1\":\"They do not have tweezers, so they are\",\"task_type\":\"critical\",\"concept\":\"improbable\",\"trial_type\":\"html-button-response\",\"trial_index\":21,\"time_elapsed\":140444,\"internal_node_id\":\"0.0-1.0-0.16\",\"subject_id\":\"67896face1c2b598c95a41ca\",\"study_id\":\"67e2c7f5c9ee767149702482\",\"session_id\":\"67e2cbe5ad13aca88e7ac690\",\"rng_seed\":\"0.6540580076471056\",\"response_label\":1,\"provided_context\":true},{\"rt\":1492,\"stimulus\":\"<div style=\\\"font-size:20px;\\\"><p>Which scenario is more improbable?</p>\\n  Reminder: <strong>Improbable</strong> means it is possible, but unlikely (e.g., \\\"I painted the house with my hair.\\\").</div>\",\"response\":0,\"stimulus_0\":\"denting a car with\",\"stimulus_1\":\"plucking a hair using\",\"condition_0\":\"improbable\",\"condition_1\":\"inconceivable\",\"continuation_0\":\"a dumbbell\",\"continuation_1\":\"sympathy\",\"id_0\":23,\"id_1\":47,\"context_0\":\"They do not have a baseball bat, so they are\",\"context_1\":\"They do not have tweezers, so they are\",\"task_type\":\"critical\",\"concept\":\"improbable\",\"trial_type\":\"html-button-response\",\"trial_index\":22,\"time_elapsed\":141938,\"internal_node_id\":\"0.0-1.0-0.17\",\"subject_id\":\"67896face1c2b598c95a41ca\",\"study_id\":\"67e2c7f5c9ee767149702482\",\"session_id\":\"67e2cbe5ad13aca88e7ac690\",\"rng_seed\":\"0.6540580076471056\",\"response_label\":0,\"provided_context\":true},{\"rt\":1775,\"stimulus\":\"<div style=\\\"font-size:20px;\\\"><p>Which scenario is more improbable?</p>\\n  Reminder: <strong>Improbable</strong> means it is possible, but unlikely (e.g., \\\"I painted the house with my hair.\\\").</div>\",\"response\":1,\"stimulus_0\":\"cooling a room using\",\"stimulus_1\":\"filling a bucket with\",\"condition_0\":\"inconceivable\",\"condition_1\":\"impossible\",\"continuation_0\":\"a taste\",\"continuation_1\":\"buildings\",\"id_0\":17,\"id_1\":33,\"context_0\":\"They do not have a fan, so they are\",\"context_1\":\"They are not near sand, so they are\",\"task_type\":\"critical\",\"concept\":\"improbable\",\"trial_type\":\"html-button-response\",\"trial_index\":23,\"time_elapsed\":143714,\"internal_node_id\":\"0.0-1.0-0.18\",\"subject_id\":\"67896face1c2b598c95a41ca\",\"study_id\":\"67e2c7f5c9ee767149702482\",\"session_id\":\"67e2cbe5ad13aca88e7ac690\",\"rng_seed\":\"0.6540580076471056\",\"response_label\":1,\"provided_context\":true},{\"rt\":1587,\"stimulus\":\"<div style=\\\"font-size:20px;\\\"><p>Which scenario is more improbable?</p>\\n  Reminder: <strong>Improbable</strong> means it is possible, but unlikely (e.g., \\\"I painted the house with my hair.\\\").</div>\",\"response\":1,\"stimulus_0\":\"eating soup using\",\"stimulus_1\":\"cooking dinner out of\",\"condition_0\":\"improbable\",\"condition_1\":\"impossible\",\"continuation_0\":\"a bucket\",\"continuation_1\":\"the moon\",\"id_0\":31,\"id_1\":16,\"context_0\":\"They do not have a spoon, so they are\",\"context_1\":\"They do not have pasta, so they are\",\"task_type\":\"critical\",\"concept\":\"improbable\",\"trial_type\":\"html-button-response\",\"trial_index\":24,\"time_elapsed\":145301,\"internal_node_id\":\"0.0-1.0-0.19\",\"subject_id\":\"67896face1c2b598c95a41ca\",\"study_id\":\"67e2c7f5c9ee767149702482\",\"session_id\":\"67e2cbe5ad13aca88e7ac690\",\"rng_seed\":\"0.6540580076471056\",\"response_label\":1,\"provided_context\":true},{\"rt\":1837,\"stimulus\":\"<div style=\\\"font-size:20px;\\\"><p>Follow the instructions below.</p></div>\",\"response\":1,\"stimulus_0\":\"eating soup using\",\"stimulus_1\":\"cooking dinner out of\",\"condition_0\":\"improbable\",\"condition_1\":\"impossible\",\"continuation_0\":\"a bucket\",\"continuation_1\":\"the moon\",\"id_0\":31,\"id_1\":16,\"context_0\":\"They do not have a spoon, so they are\",\"context_1\":\"They do not have pasta, so they are\",\"task_type\":\"attention_check\",\"choices\":[\"Don't Click This Button!\",\"Click This Button!\"],\"trial_type\":\"html-button-response\",\"trial_index\":25,\"time_elapsed\":147139,\"internal_node_id\":\"0.0-1.0-1.19-0.19\",\"subject_id\":\"67896face1c2b598c95a41ca\",\"study_id\":\"67e2c7f5c9ee767149702482\",\"session_id\":\"67e2cbe5ad13aca88e7ac690\",\"rng_seed\":\"0.6540580076471056\"},{\"rt\":12255,\"response\":{\"language\":\"English \",\"gender\":\"Male\",\"feedback\":\"\"},\"trial_type\":\"survey-text\",\"trial_index\":26,\"time_elapsed\":159399,\"internal_node_id\":\"0.0-2.0\",\"subject_id\":\"67896face1c2b598c95a41ca\",\"study_id\":\"67e2c7f5c9ee767149702482\",\"session_id\":\"67e2cbe5ad13aca88e7ac690\",\"rng_seed\":\"0.6540580076471056\",\"task_type\":\"survey\"},{\"success\":true,\"completion_time\":\"2025-03-25T15:33:21.641Z\",\"exp_type\":\"gesture-beat-expt-pilot\"}]",
    "dir_path": "data/experiment_2_pilot"
}