{
    "prolific_data": {
        "subject_id": "66dca29d14f4d3d03a07c762",
        "study_id": "67e2c7f5c9ee767149702482",
        "session_id": "67e2d7fc4af61f11e71d6c31",
        "rng_seed": "0.25609388173592373"
    },
    "data": "[{\"rt\":7930,\"stimulus\":\"\\n  <div class=\\\"jspsych-content\\\" align=left style=\\\"width:100%;text-align: left;\\\">\\n  <h2>Hello, and welcome to our study!</h2>\\n      In this study, we will ask you to 25 questions.\\n      <p>\\n      In 20 of the questions, we will need your help deciding which statement is more <strong>nonsensical</strong>.\\n      </p>\\n      <strong>Nonsensical</strong> means it does not make sense due to some basic conceptual error (\\\"I painted the house with my number.\\\"). \\n      <p>\\n      The remaining questions will check to make sure that you are paying attention to the study.\\n      <p>\\n    <h3>IMPORTANT:</h3>\\n    <ul>\\n      <li>Respond as quickly as you can.</li>\\n      <li>Answer the questions based on what is possible given the physical laws of the real world.</li>\\n      <li>There are no right or wrong answers. We are simply interested in your intuitions.</li>\\n      </ul>\\n    Once you are done reading this page, please press SPACEBAR to continue.\\n    </p>\\n  </div>\\n  \",\"response\":\" \",\"trial_type\":\"html-keyboard-response\",\"trial_index\":0,\"time_elapsed\":7933,\"internal_node_id\":\"0.0-0.0\",\"subject_id\":\"66dca29d14f4d3d03a07c762\",\"study_id\":\"67e2c7f5c9ee767149702482\",\"session_id\":\"67e2d7fc4af61f11e71d6c31\",\"rng_seed\":\"0.25609388173592373\"},{\"rt\":6910,\"stimulus\":\"<div style=\\\"font-size:20px;\\\"><p>Which scenario is more nonsensical?</p>\\n  Reminder: <strong>Nonsensical</strong> means it does not make sense due to some basic conceptual error (\\\"I painted the house with my number.\\\"). </div>\",\"response\":0,\"stimulus_0\":\"cutting cardboard using\",\"stimulus_1\":\"carving a statue using\",\"condition_0\":\"inconceivable\",\"condition_1\":\"impossible\",\"continuation_0\":\"a snore\",\"continuation_1\":\"a sock\",\"id_0\":22,\"id_1\":7,\"context_0\":\"They do not have scissors, so they are\",\"context_1\":\"They do not have a chisel, so they are\",\"task_type\":\"critical\",\"concept\":\"inconceivable\",\"trial_type\":\"html-button-response\",\"trial_index\":1,\"time_elapsed\":14846,\"internal_node_id\":\"0.0-1.0-0.0\",\"subject_id\":\"66dca29d14f4d3d03a07c762\",\"study_id\":\"67e2c7f5c9ee767149702482\",\"session_id\":\"67e2d7fc4af61f11e71d6c31\",\"rng_seed\":\"0.25609388173592373\",\"response_label\":0,\"provided_context\":true},{\"rt\":11457,\"stimulus\":\"<div style=\\\"font-size:20px;\\\"><p>Which scenario is more nonsensical?</p>\\n  Reminder: <strong>Nonsensical</strong> means it does not make sense due to some basic conceptual error (\\\"I painted the house with my number.\\\"). </div>\",\"response\":0,\"stimulus_0\":\"hanging a painting using\",\"stimulus_1\":\"cleaning a spill using\",\"condition_0\":\"inconceivable\",\"condition_1\":\"inconceivable\",\"continuation_0\":\"a handshake\",\"continuation_1\":\"a country\",\"id_0\":36,\"id_1\":11,\"context_0\":\"They do not have screws, so they are\",\"context_1\":\"They do not have a sponge, so they are\",\"task_type\":\"critical\",\"concept\":\"inconceivable\",\"trial_type\":\"html-button-response\",\"trial_index\":2,\"time_elapsed\":26304,\"internal_node_id\":\"0.0-1.0-0.1\",\"subject_id\":\"66dca29d14f4d3d03a07c762\",\"study_id\":\"67e2c7f5c9ee767149702482\",\"session_id\":\"67e2d7fc4af61f11e71d6c31\",\"rng_seed\":\"0.25609388173592373\",\"response_label\":0,\"provided_context\":true},{\"rt\":6864,\"stimulus\":\"<div style=\\\"font-size:20px;\\\"><p>Which scenario is more nonsensical?</p>\\n  Reminder: <strong>Nonsensical</strong> means it does not make sense due to some basic conceptual error (\\\"I painted the house with my number.\\\"). </div>\",\"response\":0,\"stimulus_0\":\"drinking a cup full of\",\"stimulus_1\":\"unlocking a door using\",\"condition_0\":\"inconceivable\",\"condition_1\":\"impossible\",\"continuation_0\":\"minutes\",\"continuation_1\":\"a marshmallow\",\"id_0\":28,\"id_1\":64,\"context_0\":\"They do not have water, so they are\",\"context_1\":\"They do not have a key, so they are\",\"task_type\":\"critical\",\"concept\":\"inconceivable\",\"trial_type\":\"html-button-response\",\"trial_index\":3,\"time_elapsed\":33169,\"internal_node_id\":\"0.0-1.0-0.2\",\"subject_id\":\"66dca29d14f4d3d03a07c762\",\"study_id\":\"67e2c7f5c9ee767149702482\",\"session_id\":\"67e2d7fc4af61f11e71d6c31\",\"rng_seed\":\"0.25609388173592373\",\"response_label\":0,\"provided_context\":true},{\"rt\":6455,\"stimulus\":\"<div style=\\\"font-size:20px;\\\"><p>Which scenario is more nonsensical?</p>\\n  Reminder: <strong>Nonsensical</strong> means it does not make sense due to some basic conceptual error (\\\"I painted the house with my number.\\\"). </div>\",\"response\":0,\"stimulus_0\":\"crushing a soda can using\",\"stimulus_1\":\"denting a car with\",\"condition_0\":\"improbable\",\"condition_1\":\"improbable\",\"continuation_0\":\"a chair\",\"continuation_1\":\"a dumbbell\",\"id_0\":20,\"id_1\":23,\"context_0\":\"They do not have a shoe, so they are\",\"context_1\":\"They do not have a baseball bat, so they are\",\"task_type\":\"critical\",\"concept\":\"inconceivable\",\"trial_type\":\"html-button-response\",\"trial_index\":4,\"time_elapsed\":39625,\"internal_node_id\":\"0.0-1.0-0.3\",\"subject_id\":\"66dca29d14f4d3d03a07c762\",\"study_id\":\"67e2c7f5c9ee767149702482\",\"session_id\":\"67e2d7fc4af61f11e71d6c31\",\"rng_seed\":\"0.25609388173592373\",\"response_label\":0,\"provided_context\":true},{\"rt\":2015,\"stimulus\":\"<div style=\\\"font-size:20px;\\\"><p>Follow the instructions below.</p></div>\",\"response\":1,\"stimulus_0\":\"crushing a soda can using\",\"stimulus_1\":\"denting a car with\",\"condition_0\":\"improbable\",\"condition_1\":\"improbable\",\"continuation_0\":\"a chair\",\"continuation_1\":\"a dumbbell\",\"id_0\":20,\"id_1\":23,\"context_0\":\"They do not have a shoe, so they are\",\"context_1\":\"They do not have a baseball bat, so they are\",\"task_type\":\"attention_check\",\"choices\":[\"Don't Click This Button!\",\"Click This Button!\"],\"trial_type\":\"html-button-response\",\"trial_index\":5,\"time_elapsed\":41640,\"internal_node_id\":\"0.0-1.0-1.3-0.3\",\"subject_id\":\"66dca29d14f4d3d03a07c762\",\"study_id\":\"67e2c7f5c9ee767149702482\",\"session_id\":\"67e2d7fc4af61f11e71d6c31\",\"rng_seed\":\"0.25609388173592373\"},{\"rt\":5249,\"stimulus\":\"<div style=\\\"font-size:20px;\\\"><p>Which scenario is more nonsensical?</p>\\n  Reminder: <strong>Nonsensical</strong> means it does not make sense due to some basic conceptual error (\\\"I painted the house with my number.\\\"). </div>\",\"response\":0,\"stimulus_0\":\"cooling a room using\",\"stimulus_1\":\"packing a suit inside\",\"condition_0\":\"inconceivable\",\"condition_1\":\"improbable\",\"continuation_0\":\"a taste\",\"continuation_1\":\"a pocket\",\"id_0\":17,\"id_1\":44,\"context_0\":\"They do not have a fan, so they are\",\"context_1\":\"They do not have a suitcase, so they are\",\"task_type\":\"critical\",\"concept\":\"inconceivable\",\"trial_type\":\"html-button-response\",\"trial_index\":6,\"time_elapsed\":46891,\"internal_node_id\":\"0.0-1.0-0.4\",\"subject_id\":\"66dca29d14f4d3d03a07c762\",\"study_id\":\"67e2c7f5c9ee767149702482\",\"session_id\":\"67e2d7fc4af61f11e71d6c31\",\"rng_seed\":\"0.25609388173592373\",\"response_label\":0,\"provided_context\":true},{\"rt\":4664,\"stimulus\":\"<div style=\\\"font-size:20px;\\\"><p>Which scenario is more nonsensical?</p>\\n  Reminder: <strong>Nonsensical</strong> means it does not make sense due to some basic conceptual error (\\\"I painted the house with my number.\\\"). </div>\",\"response\":0,\"stimulus_0\":\"plucking a hair using\",\"stimulus_1\":\"shattering a window using\",\"condition_0\":\"inconceivable\",\"condition_1\":\"impossible\",\"continuation_0\":\"sympathy\",\"continuation_1\":\"confetti\",\"id_0\":47,\"id_1\":53,\"context_0\":\"They do not have tweezers, so they are\",\"context_1\":\"They do not have a stone, so they are\",\"task_type\":\"critical\",\"concept\":\"inconceivable\",\"trial_type\":\"html-button-response\",\"trial_index\":7,\"time_elapsed\":51555,\"internal_node_id\":\"0.0-1.0-0.5\",\"subject_id\":\"66dca29d14f4d3d03a07c762\",\"study_id\":\"67e2c7f5c9ee767149702482\",\"session_id\":\"67e2d7fc4af61f11e71d6c31\",\"rng_seed\":\"0.25609388173592373\",\"response_label\":0,\"provided_context\":true},{\"rt\":3102,\"stimulus\":\"<div style=\\\"font-size:20px;\\\"><p>Which scenario is more nonsensical?</p>\\n  Reminder: <strong>Nonsensical</strong> means it does not make sense due to some basic conceptual error (\\\"I painted the house with my number.\\\"). </div>\",\"response\":1,\"stimulus_0\":\"squishing a blueberry using\",\"stimulus_1\":\"hanging a painting using\",\"condition_0\":\"improbable\",\"condition_1\":\"inconceivable\",\"continuation_0\":\"[POSS] nose\",\"continuation_1\":\"a handshake\",\"id_0\":58,\"id_1\":36,\"context_0\":\"They do not have fingers, so they are\",\"context_1\":\"They do not have screws, so they are\",\"task_type\":\"critical\",\"concept\":\"inconceivable\",\"trial_type\":\"html-button-response\",\"trial_index\":8,\"time_elapsed\":54658,\"internal_node_id\":\"0.0-1.0-0.6\",\"subject_id\":\"66dca29d14f4d3d03a07c762\",\"study_id\":\"67e2c7f5c9ee767149702482\",\"session_id\":\"67e2d7fc4af61f11e71d6c31\",\"rng_seed\":\"0.25609388173592373\",\"response_label\":1,\"provided_context\":true},{\"rt\":5303,\"stimulus\":\"<div style=\\\"font-size:20px;\\\"><p>Which scenario is more nonsensical?</p>\\n  Reminder: <strong>Nonsensical</strong> means it does not make sense due to some basic conceptual error (\\\"I painted the house with my number.\\\"). </div>\",\"response\":0,\"stimulus_0\":\"taking a vacation to\",\"stimulus_1\":\"shattering a window using\",\"condition_0\":\"impossible\",\"condition_1\":\"impossible\",\"continuation_0\":\"the sun\",\"continuation_1\":\"confetti\",\"id_0\":61,\"id_1\":53,\"context_0\":\"They are not near the beach, so they are\",\"context_1\":\"They do not have a stone, so they are\",\"task_type\":\"critical\",\"concept\":\"inconceivable\",\"trial_type\":\"html-button-response\",\"trial_index\":9,\"time_elapsed\":59962,\"internal_node_id\":\"0.0-1.0-0.7\",\"subject_id\":\"66dca29d14f4d3d03a07c762\",\"study_id\":\"67e2c7f5c9ee767149702482\",\"session_id\":\"67e2d7fc4af61f11e71d6c31\",\"rng_seed\":\"0.25609388173592373\",\"response_label\":0,\"provided_context\":true},{\"rt\":1282,\"stimulus\":\"<div style=\\\"font-size:20px;\\\"><p>Follow the instructions below.</p></div>\",\"response\":1,\"stimulus_0\":\"taking a vacation to\",\"stimulus_1\":\"shattering a window using\",\"condition_0\":\"impossible\",\"condition_1\":\"impossible\",\"continuation_0\":\"the sun\",\"continuation_1\":\"confetti\",\"id_0\":61,\"id_1\":53,\"context_0\":\"They are not near the beach, so they are\",\"context_1\":\"They do not have a stone, so they are\",\"task_type\":\"attention_check\",\"choices\":[\"Don't Click This Button!\",\"Click This Button!\"],\"trial_type\":\"html-button-response\",\"trial_index\":10,\"time_elapsed\":61245,\"internal_node_id\":\"0.0-1.0-1.7-0.7\",\"subject_id\":\"66dca29d14f4d3d03a07c762\",\"study_id\":\"67e2c7f5c9ee767149702482\",\"session_id\":\"67e2d7fc4af61f11e71d6c31\",\"rng_seed\":\"0.25609388173592373\"},{\"rt\":6064,\"stimulus\":\"<div style=\\\"font-size:20px;\\\"><p>Which scenario is more nonsensical?</p>\\n  Reminder: <strong>Nonsensical</strong> means it does not make sense due to some basic conceptual error (\\\"I painted the house with my number.\\\"). </div>\",\"response\":0,\"stimulus_0\":\"cutting cardboard using\",\"stimulus_1\":\"unlocking a door using\",\"condition_0\":\"inconceivable\",\"condition_1\":\"impossible\",\"continuation_0\":\"a snore\",\"continuation_1\":\"a marshmallow\",\"id_0\":22,\"id_1\":64,\"context_0\":\"They do not have scissors, so they are\",\"context_1\":\"They do not have a key, so they are\",\"task_type\":\"critical\",\"concept\":\"inconceivable\",\"trial_type\":\"html-button-response\",\"trial_index\":11,\"time_elapsed\":67309,\"internal_node_id\":\"0.0-1.0-0.8\",\"subject_id\":\"66dca29d14f4d3d03a07c762\",\"study_id\":\"67e2c7f5c9ee767149702482\",\"session_id\":\"67e2d7fc4af61f11e71d6c31\",\"rng_seed\":\"0.25609388173592373\",\"response_label\":0,\"provided_context\":true},{\"rt\":9687,\"stimulus\":\"<div style=\\\"font-size:20px;\\\"><p>Which scenario is more nonsensical?</p>\\n  Reminder: <strong>Nonsensical</strong> means it does not make sense due to some basic conceptual error (\\\"I painted the house with my number.\\\"). </div>\",\"response\":0,\"stimulus_0\":\"writing an equation on\",\"stimulus_1\":\"baking a cake inside\",\"condition_0\":\"inconceivable\",\"condition_1\":\"inconceivable\",\"continuation_0\":\"a scream\",\"continuation_1\":\"a sigh\",\"id_0\":69,\"id_1\":0,\"context_0\":\"They do not have a chalkboard, so they are\",\"context_1\":\"They do not have an oven, so they are\",\"task_type\":\"critical\",\"concept\":\"inconceivable\",\"trial_type\":\"html-button-response\",\"trial_index\":12,\"time_elapsed\":76997,\"internal_node_id\":\"0.0-1.0-0.9\",\"subject_id\":\"66dca29d14f4d3d03a07c762\",\"study_id\":\"67e2c7f5c9ee767149702482\",\"session_id\":\"67e2d7fc4af61f11e71d6c31\",\"rng_seed\":\"0.25609388173592373\",\"response_label\":0,\"provided_context\":true},{\"rt\":3032,\"stimulus\":\"<div style=\\\"font-size:20px;\\\"><p>Which scenario is more nonsensical?</p>\\n  Reminder: <strong>Nonsensical</strong> means it does not make sense due to some basic conceptual error (\\\"I painted the house with my number.\\\"). </div>\",\"response\":0,\"stimulus_0\":\"writing an equation on\",\"stimulus_1\":\"crafting a bowl out of\",\"condition_0\":\"inconceivable\",\"condition_1\":\"impossible\",\"continuation_0\":\"a scream\",\"continuation_1\":\"smoke\",\"id_0\":69,\"id_1\":19,\"context_0\":\"They do not have a chalkboard, so they are\",\"context_1\":\"They do not have clay, so they are\",\"task_type\":\"critical\",\"concept\":\"inconceivable\",\"trial_type\":\"html-button-response\",\"trial_index\":13,\"time_elapsed\":80029,\"internal_node_id\":\"0.0-1.0-0.10\",\"subject_id\":\"66dca29d14f4d3d03a07c762\",\"study_id\":\"67e2c7f5c9ee767149702482\",\"session_id\":\"67e2d7fc4af61f11e71d6c31\",\"rng_seed\":\"0.25609388173592373\",\"response_label\":0,\"provided_context\":true},{\"rt\":4677,\"stimulus\":\"<div style=\\\"font-size:20px;\\\"><p>Which scenario is more nonsensical?</p>\\n  Reminder: <strong>Nonsensical</strong> means it does not make sense due to some basic conceptual error (\\\"I painted the house with my number.\\\"). </div>\",\"response\":0,\"stimulus_0\":\"painting a wall using\",\"stimulus_1\":\"crushing a soda can using\",\"condition_0\":\"inconceivable\",\"condition_1\":\"improbable\",\"continuation_0\":\"a whisper\",\"continuation_1\":\"a chair\",\"id_0\":45,\"id_1\":20,\"context_0\":\"They do not have a brush, so they are\",\"context_1\":\"They do not have a shoe, so they are\",\"task_type\":\"critical\",\"concept\":\"inconceivable\",\"trial_type\":\"html-button-response\",\"trial_index\":14,\"time_elapsed\":84707,\"internal_node_id\":\"0.0-1.0-0.11\",\"subject_id\":\"66dca29d14f4d3d03a07c762\",\"study_id\":\"67e2c7f5c9ee767149702482\",\"session_id\":\"67e2d7fc4af61f11e71d6c31\",\"rng_seed\":\"0.25609388173592373\",\"response_label\":0,\"provided_context\":true},{\"rt\":1436,\"stimulus\":\"<div style=\\\"font-size:20px;\\\"><p>Follow the instructions below.</p></div>\",\"response\":0,\"stimulus_0\":\"painting a wall using\",\"stimulus_1\":\"crushing a soda can using\",\"condition_0\":\"inconceivable\",\"condition_1\":\"improbable\",\"continuation_0\":\"a whisper\",\"continuation_1\":\"a chair\",\"id_0\":45,\"id_1\":20,\"context_0\":\"They do not have a brush, so they are\",\"context_1\":\"They do not have a shoe, so they are\",\"task_type\":\"attention_check\",\"choices\":[\"Click This Button!\",\"Don't Click This Button!\"],\"trial_type\":\"html-button-response\",\"trial_index\":15,\"time_elapsed\":86144,\"internal_node_id\":\"0.0-1.0-1.11-0.11\",\"subject_id\":\"66dca29d14f4d3d03a07c762\",\"study_id\":\"67e2c7f5c9ee767149702482\",\"session_id\":\"67e2d7fc4af61f11e71d6c31\",\"rng_seed\":\"0.25609388173592373\"},{\"rt\":6312,\"stimulus\":\"<div style=\\\"font-size:20px;\\\"><p>Which scenario is more nonsensical?</p>\\n  Reminder: <strong>Nonsensical</strong> means it does not make sense due to some basic conceptual error (\\\"I painted the house with my number.\\\"). </div>\",\"response\":1,\"stimulus_0\":\"drying laundry using\",\"stimulus_1\":\"filling a bucket with\",\"condition_0\":\"improbable\",\"condition_1\":\"impossible\",\"continuation_0\":\"a fan\",\"continuation_1\":\"buildings\",\"id_0\":30,\"id_1\":33,\"context_0\":\"They do not have a clothesline, so they are\",\"context_1\":\"They are not near sand, so they are\",\"task_type\":\"critical\",\"concept\":\"inconceivable\",\"trial_type\":\"html-button-response\",\"trial_index\":16,\"time_elapsed\":92457,\"internal_node_id\":\"0.0-1.0-0.12\",\"subject_id\":\"66dca29d14f4d3d03a07c762\",\"study_id\":\"67e2c7f5c9ee767149702482\",\"session_id\":\"67e2d7fc4af61f11e71d6c31\",\"rng_seed\":\"0.25609388173592373\",\"response_label\":1,\"provided_context\":true},{\"rt\":2343,\"stimulus\":\"<div style=\\\"font-size:20px;\\\"><p>Which scenario is more nonsensical?</p>\\n  Reminder: <strong>Nonsensical</strong> means it does not make sense due to some basic conceptual error (\\\"I painted the house with my number.\\\"). </div>\",\"response\":1,\"stimulus_0\":\"denting a car with\",\"stimulus_1\":\"cooling a room using\",\"condition_0\":\"improbable\",\"condition_1\":\"inconceivable\",\"continuation_0\":\"a dumbbell\",\"continuation_1\":\"a taste\",\"id_0\":23,\"id_1\":17,\"context_0\":\"They do not have a baseball bat, so they are\",\"context_1\":\"They do not have a fan, so they are\",\"task_type\":\"critical\",\"concept\":\"inconceivable\",\"trial_type\":\"html-button-response\",\"trial_index\":17,\"time_elapsed\":94801,\"internal_node_id\":\"0.0-1.0-0.13\",\"subject_id\":\"66dca29d14f4d3d03a07c762\",\"study_id\":\"67e2c7f5c9ee767149702482\",\"session_id\":\"67e2d7fc4af61f11e71d6c31\",\"rng_seed\":\"0.25609388173592373\",\"response_label\":1,\"provided_context\":true},{\"rt\":1626,\"stimulus\":\"<div style=\\\"font-size:20px;\\\"><p>Which scenario is more nonsensical?</p>\\n  Reminder: <strong>Nonsensical</strong> means it does not make sense due to some basic conceptual error (\\\"I painted the house with my number.\\\"). </div>\",\"response\":0,\"stimulus_0\":\"drinking a cup full of\",\"stimulus_1\":\"denting a car with\",\"condition_0\":\"inconceivable\",\"condition_1\":\"improbable\",\"continuation_0\":\"minutes\",\"continuation_1\":\"a dumbbell\",\"id_0\":28,\"id_1\":23,\"context_0\":\"They do not have water, so they are\",\"context_1\":\"They do not have a baseball bat, so they are\",\"task_type\":\"critical\",\"concept\":\"inconceivable\",\"trial_type\":\"html-button-response\",\"trial_index\":18,\"time_elapsed\":96427,\"internal_node_id\":\"0.0-1.0-0.14\",\"subject_id\":\"66dca29d14f4d3d03a07c762\",\"study_id\":\"67e2c7f5c9ee767149702482\",\"session_id\":\"67e2d7fc4af61f11e71d6c31\",\"rng_seed\":\"0.25609388173592373\",\"response_label\":0,\"provided_context\":true},{\"rt\":1593,\"stimulus\":\"<div style=\\\"font-size:20px;\\\"><p>Which scenario is more nonsensical?</p>\\n  Reminder: <strong>Nonsensical</strong> means it does not make sense due to some basic conceptual error (\\\"I painted the house with my number.\\\"). </div>\",\"response\":0,\"stimulus_0\":\"cooking dinner out of\",\"stimulus_1\":\"crushing a soda can using\",\"condition_0\":\"impossible\",\"condition_1\":\"improbable\",\"continuation_0\":\"the moon\",\"continuation_1\":\"a chair\",\"id_0\":16,\"id_1\":20,\"context_0\":\"They do not have pasta, so they are\",\"context_1\":\"They do not have a shoe, so they are\",\"task_type\":\"critical\",\"concept\":\"inconceivable\",\"trial_type\":\"html-button-response\",\"trial_index\":19,\"time_elapsed\":98021,\"internal_node_id\":\"0.0-1.0-0.15\",\"subject_id\":\"66dca29d14f4d3d03a07c762\",\"study_id\":\"67e2c7f5c9ee767149702482\",\"session_id\":\"67e2d7fc4af61f11e71d6c31\",\"rng_seed\":\"0.25609388173592373\",\"response_label\":0,\"provided_context\":true},{\"rt\":1195,\"stimulus\":\"<div style=\\\"font-size:20px;\\\"><p>Follow the instructions below.</p></div>\",\"response\":1,\"stimulus_0\":\"cooking dinner out of\",\"stimulus_1\":\"crushing a soda can using\",\"condition_0\":\"impossible\",\"condition_1\":\"improbable\",\"continuation_0\":\"the moon\",\"continuation_1\":\"a chair\",\"id_0\":16,\"id_1\":20,\"context_0\":\"They do not have pasta, so they are\",\"context_1\":\"They do not have a shoe, so they are\",\"task_type\":\"attention_check\",\"choices\":[\"Don't Click This Button!\",\"Click This Button!\"],\"trial_type\":\"html-button-response\",\"trial_index\":20,\"time_elapsed\":99217,\"internal_node_id\":\"0.0-1.0-1.15-0.15\",\"subject_id\":\"66dca29d14f4d3d03a07c762\",\"study_id\":\"67e2c7f5c9ee767149702482\",\"session_id\":\"67e2d7fc4af61f11e71d6c31\",\"rng_seed\":\"0.25609388173592373\"},{\"rt\":3320,\"stimulus\":\"<div style=\\\"font-size:20px;\\\"><p>Which scenario is more nonsensical?</p>\\n  Reminder: <strong>Nonsensical</strong> means it does not make sense due to some basic conceptual error (\\\"I painted the house with my number.\\\"). </div>\",\"response\":0,\"stimulus_0\":\"drinking a cup full of\",\"stimulus_1\":\"sewing a shirt using\",\"condition_0\":\"inconceivable\",\"condition_1\":\"improbable\",\"continuation_0\":\"minutes\",\"continuation_1\":\"a toothpick\",\"id_0\":28,\"id_1\":52,\"context_0\":\"They do not have water, so they are\",\"context_1\":\"They do not have a needle, so they are\",\"task_type\":\"critical\",\"concept\":\"inconceivable\",\"trial_type\":\"html-button-response\",\"trial_index\":21,\"time_elapsed\":102538,\"internal_node_id\":\"0.0-1.0-0.16\",\"subject_id\":\"66dca29d14f4d3d03a07c762\",\"study_id\":\"67e2c7f5c9ee767149702482\",\"session_id\":\"67e2d7fc4af61f11e71d6c31\",\"rng_seed\":\"0.25609388173592373\",\"response_label\":0,\"provided_context\":true},{\"rt\":3387,\"stimulus\":\"<div style=\\\"font-size:20px;\\\"><p>Which scenario is more nonsensical?</p>\\n  Reminder: <strong>Nonsensical</strong> means it does not make sense due to some basic conceptual error (\\\"I painted the house with my number.\\\"). </div>\",\"response\":0,\"stimulus_0\":\"cooling a room using\",\"stimulus_1\":\"filling a bucket with\",\"condition_0\":\"inconceivable\",\"condition_1\":\"impossible\",\"continuation_0\":\"a taste\",\"continuation_1\":\"buildings\",\"id_0\":17,\"id_1\":33,\"context_0\":\"They do not have a fan, so they are\",\"context_1\":\"They are not near sand, so they are\",\"task_type\":\"critical\",\"concept\":\"inconceivable\",\"trial_type\":\"html-button-response\",\"trial_index\":22,\"time_elapsed\":105926,\"internal_node_id\":\"0.0-1.0-0.17\",\"subject_id\":\"66dca29d14f4d3d03a07c762\",\"study_id\":\"67e2c7f5c9ee767149702482\",\"session_id\":\"67e2d7fc4af61f11e71d6c31\",\"rng_seed\":\"0.25609388173592373\",\"response_label\":0,\"provided_context\":true},{\"rt\":1672,\"stimulus\":\"<div style=\\\"font-size:20px;\\\"><p>Which scenario is more nonsensical?</p>\\n  Reminder: <strong>Nonsensical</strong> means it does not make sense due to some basic conceptual error (\\\"I painted the house with my number.\\\"). </div>\",\"response\":0,\"stimulus_0\":\"packing a suit inside\",\"stimulus_1\":\"crushing a soda can using\",\"condition_0\":\"improbable\",\"condition_1\":\"improbable\",\"continuation_0\":\"a pocket\",\"continuation_1\":\"a chair\",\"id_0\":44,\"id_1\":20,\"context_0\":\"They do not have a suitcase, so they are\",\"context_1\":\"They do not have a shoe, so they are\",\"task_type\":\"critical\",\"concept\":\"inconceivable\",\"trial_type\":\"html-button-response\",\"trial_index\":23,\"time_elapsed\":107598,\"internal_node_id\":\"0.0-1.0-0.18\",\"subject_id\":\"66dca29d14f4d3d03a07c762\",\"study_id\":\"67e2c7f5c9ee767149702482\",\"session_id\":\"67e2d7fc4af61f11e71d6c31\",\"rng_seed\":\"0.25609388173592373\",\"response_label\":0,\"provided_context\":true},{\"rt\":2434,\"stimulus\":\"<div style=\\\"font-size:20px;\\\"><p>Which scenario is more nonsensical?</p>\\n  Reminder: <strong>Nonsensical</strong> means it does not make sense due to some basic conceptual error (\\\"I painted the house with my number.\\\"). </div>\",\"response\":0,\"stimulus_0\":\"drinking a cup full of\",\"stimulus_1\":\"hanging a painting using\",\"condition_0\":\"inconceivable\",\"condition_1\":\"inconceivable\",\"continuation_0\":\"minutes\",\"continuation_1\":\"a handshake\",\"id_0\":28,\"id_1\":36,\"context_0\":\"They do not have water, so they are\",\"context_1\":\"They do not have screws, so they are\",\"task_type\":\"critical\",\"concept\":\"inconceivable\",\"trial_type\":\"html-button-response\",\"trial_index\":24,\"time_elapsed\":110033,\"internal_node_id\":\"0.0-1.0-0.19\",\"subject_id\":\"66dca29d14f4d3d03a07c762\",\"study_id\":\"67e2c7f5c9ee767149702482\",\"session_id\":\"67e2d7fc4af61f11e71d6c31\",\"rng_seed\":\"0.25609388173592373\",\"response_label\":0,\"provided_context\":true},{\"rt\":993,\"stimulus\":\"<div style=\\\"font-size:20px;\\\"><p>Follow the instructions below.</p></div>\",\"response\":1,\"stimulus_0\":\"drinking a cup full of\",\"stimulus_1\":\"hanging a painting using\",\"condition_0\":\"inconceivable\",\"condition_1\":\"inconceivable\",\"continuation_0\":\"minutes\",\"continuation_1\":\"a handshake\",\"id_0\":28,\"id_1\":36,\"context_0\":\"They do not have water, so they are\",\"context_1\":\"They do not have screws, so they are\",\"task_type\":\"attention_check\",\"choices\":[\"Don't Click This Button!\",\"Click This Button!\"],\"trial_type\":\"html-button-response\",\"trial_index\":25,\"time_elapsed\":111027,\"internal_node_id\":\"0.0-1.0-1.19-0.19\",\"subject_id\":\"66dca29d14f4d3d03a07c762\",\"study_id\":\"67e2c7f5c9ee767149702482\",\"session_id\":\"67e2d7fc4af61f11e71d6c31\",\"rng_seed\":\"0.25609388173592373\"},{\"rt\":4336,\"response\":{\"language\":\"\",\"gender\":\"\",\"feedback\":\"\"},\"trial_type\":\"survey-text\",\"trial_index\":26,\"time_elapsed\":115366,\"internal_node_id\":\"0.0-2.0\",\"subject_id\":\"66dca29d14f4d3d03a07c762\",\"study_id\":\"67e2c7f5c9ee767149702482\",\"session_id\":\"67e2d7fc4af61f11e71d6c31\",\"rng_seed\":\"0.25609388173592373\",\"task_type\":\"survey\"},{\"success\":true,\"completion_time\":\"2025-03-25T16:23:48.024Z\",\"exp_type\":\"gesture-beat-expt-pilot\"}]",
    "dir_path": "data/experiment_2_pilot"
}