{
    "prolific_data": {
        "subject_id": "65b66ffb639dfa4053f0a1cf",
        "study_id": "67e2c7f5c9ee767149702482",
        "session_id": "67e2cc82b3dcafcdcc37caf8",
        "rng_seed": "0.9260024966542044"
    },
    "data": "[{\"rt\":17003,\"stimulus\":\"\\n  <div class=\\\"jspsych-content\\\" align=left style=\\\"width:100%;text-align: left;\\\">\\n  <h2>Hello, and welcome to our study!</h2>\\n      In this study, we will ask you to 25 questions.\\n      <p>\\n      In 20 of the questions, we will need your help deciding which statement is more <strong>improbable</strong>.\\n      </p>\\n      <strong>Improbable</strong> means it is possible, but unlikely (e.g., \\\"I painted the house with my hair.\\\").\\n      <p>\\n      The remaining questions will check to make sure that you are paying attention to the study.\\n      <p>\\n    <h3>IMPORTANT:</h3>\\n    <ul>\\n      <li>Respond as quickly as you can.</li>\\n      <li>Answer the questions based on what is possible given the physical laws of the real world.</li>\\n      <li>There are no right or wrong answers. We are simply interested in your intuitions.</li>\\n      </ul>\\n    Once you are done reading this page, please press SPACEBAR to continue.\\n    </p>\\n  </div>\\n  \",\"response\":\" \",\"trial_type\":\"html-keyboard-response\",\"trial_index\":0,\"time_elapsed\":17010,\"internal_node_id\":\"0.0-0.0\",\"subject_id\":\"65b66ffb639dfa4053f0a1cf\",\"study_id\":\"67e2c7f5c9ee767149702482\",\"session_id\":\"67e2cc82b3dcafcdcc37caf8\",\"rng_seed\":\"0.9260024966542044\"},{\"rt\":14010,\"stimulus\":\"<div style=\\\"font-size:20px;\\\"><p>Which scenario is more improbable?</p>\\n  Reminder: <strong>Improbable</strong> means it is possible, but unlikely (e.g., \\\"I painted the house with my hair.\\\").</div>\",\"response\":0,\"stimulus_0\":\"eating soup using\",\"stimulus_1\":\"catching a fish in\",\"condition_0\":\"improbable\",\"condition_1\":\"improbable\",\"continuation_0\":\"a bucket\",\"continuation_1\":\"a puddle\",\"id_0\":31,\"id_1\":8,\"context_0\":\"They do not have a spoon, so they are\",\"context_1\":\"They are not near a lake, so they are\",\"task_type\":\"critical\",\"concept\":\"improbable\",\"trial_type\":\"html-button-response\",\"trial_index\":1,\"time_elapsed\":31027,\"internal_node_id\":\"0.0-1.0-0.0\",\"subject_id\":\"65b66ffb639dfa4053f0a1cf\",\"study_id\":\"67e2c7f5c9ee767149702482\",\"session_id\":\"67e2cc82b3dcafcdcc37caf8\",\"rng_seed\":\"0.9260024966542044\",\"response_label\":0,\"provided_context\":true},{\"rt\":16296,\"stimulus\":\"<div style=\\\"font-size:20px;\\\"><p>Which scenario is more improbable?</p>\\n  Reminder: <strong>Improbable</strong> means it is possible, but unlikely (e.g., \\\"I painted the house with my hair.\\\").</div>\",\"response\":0,\"stimulus_0\":\"unlocking a door using\",\"stimulus_1\":\"eating soup using\",\"condition_0\":\"impossible\",\"condition_1\":\"improbable\",\"continuation_0\":\"a marshmallow\",\"continuation_1\":\"a bucket\",\"id_0\":64,\"id_1\":31,\"context_0\":\"They do not have a key, so they are\",\"context_1\":\"They do not have a spoon, so they are\",\"task_type\":\"critical\",\"concept\":\"improbable\",\"trial_type\":\"html-button-response\",\"trial_index\":2,\"time_elapsed\":47327,\"internal_node_id\":\"0.0-1.0-0.1\",\"subject_id\":\"65b66ffb639dfa4053f0a1cf\",\"study_id\":\"67e2c7f5c9ee767149702482\",\"session_id\":\"67e2cc82b3dcafcdcc37caf8\",\"rng_seed\":\"0.9260024966542044\",\"response_label\":0,\"provided_context\":true},{\"rt\":12696,\"stimulus\":\"<div style=\\\"font-size:20px;\\\"><p>Which scenario is more improbable?</p>\\n  Reminder: <strong>Improbable</strong> means it is possible, but unlikely (e.g., \\\"I painted the house with my hair.\\\").</div>\",\"response\":1,\"stimulus_0\":\"shaving [POSS] beard using\",\"stimulus_1\":\"catching a fish in\",\"condition_0\":\"inconceivable\",\"condition_1\":\"improbable\",\"continuation_0\":\"a belief\",\"continuation_1\":\"a puddle\",\"id_0\":54,\"id_1\":8,\"context_0\":\"They do not have a razor, so they are\",\"context_1\":\"They are not near a lake, so they are\",\"task_type\":\"critical\",\"concept\":\"improbable\",\"trial_type\":\"html-button-response\",\"trial_index\":3,\"time_elapsed\":60028,\"internal_node_id\":\"0.0-1.0-0.2\",\"subject_id\":\"65b66ffb639dfa4053f0a1cf\",\"study_id\":\"67e2c7f5c9ee767149702482\",\"session_id\":\"67e2cc82b3dcafcdcc37caf8\",\"rng_seed\":\"0.9260024966542044\",\"response_label\":1,\"provided_context\":true},{\"rt\":11761,\"stimulus\":\"<div style=\\\"font-size:20px;\\\"><p>Which scenario is more improbable?</p>\\n  Reminder: <strong>Improbable</strong> means it is possible, but unlikely (e.g., \\\"I painted the house with my hair.\\\").</div>\",\"response\":1,\"stimulus_0\":\"baking a cake inside\",\"stimulus_1\":\"catching a fish in\",\"condition_0\":\"inconceivable\",\"condition_1\":\"improbable\",\"continuation_0\":\"a sigh\",\"continuation_1\":\"a puddle\",\"id_0\":0,\"id_1\":8,\"context_0\":\"They do not have an oven, so they are\",\"context_1\":\"They are not near a lake, so they are\",\"task_type\":\"critical\",\"concept\":\"improbable\",\"trial_type\":\"html-button-response\",\"trial_index\":4,\"time_elapsed\":71792,\"internal_node_id\":\"0.0-1.0-0.3\",\"subject_id\":\"65b66ffb639dfa4053f0a1cf\",\"study_id\":\"67e2c7f5c9ee767149702482\",\"session_id\":\"67e2cc82b3dcafcdcc37caf8\",\"rng_seed\":\"0.9260024966542044\",\"response_label\":1,\"provided_context\":true},{\"rt\":9004,\"stimulus\":\"<div style=\\\"font-size:20px;\\\"><p>Follow the instructions below.</p></div>\",\"response\":0,\"stimulus_0\":\"baking a cake inside\",\"stimulus_1\":\"catching a fish in\",\"condition_0\":\"inconceivable\",\"condition_1\":\"improbable\",\"continuation_0\":\"a sigh\",\"continuation_1\":\"a puddle\",\"id_0\":0,\"id_1\":8,\"context_0\":\"They do not have an oven, so they are\",\"context_1\":\"They are not near a lake, so they are\",\"task_type\":\"attention_check\",\"choices\":[\"Click This Button!\",\"Don't Click This Button!\"],\"trial_type\":\"html-button-response\",\"trial_index\":5,\"time_elapsed\":80798,\"internal_node_id\":\"0.0-1.0-1.3-0.3\",\"subject_id\":\"65b66ffb639dfa4053f0a1cf\",\"study_id\":\"67e2c7f5c9ee767149702482\",\"session_id\":\"67e2cc82b3dcafcdcc37caf8\",\"rng_seed\":\"0.9260024966542044\"},{\"rt\":8986,\"stimulus\":\"<div style=\\\"font-size:20px;\\\"><p>Which scenario is more improbable?</p>\\n  Reminder: <strong>Improbable</strong> means it is possible, but unlikely (e.g., \\\"I painted the house with my hair.\\\").</div>\",\"response\":0,\"stimulus_0\":\"catching a fish in\",\"stimulus_1\":\"shattering a window using\",\"condition_0\":\"improbable\",\"condition_1\":\"impossible\",\"continuation_0\":\"a puddle\",\"continuation_1\":\"confetti\",\"id_0\":8,\"id_1\":53,\"context_0\":\"They are not near a lake, so they are\",\"context_1\":\"They do not have a stone, so they are\",\"task_type\":\"critical\",\"concept\":\"improbable\",\"trial_type\":\"html-button-response\",\"trial_index\":6,\"time_elapsed\":89788,\"internal_node_id\":\"0.0-1.0-0.4\",\"subject_id\":\"65b66ffb639dfa4053f0a1cf\",\"study_id\":\"67e2c7f5c9ee767149702482\",\"session_id\":\"67e2cc82b3dcafcdcc37caf8\",\"rng_seed\":\"0.9260024966542044\",\"response_label\":0,\"provided_context\":true},{\"rt\":13700,\"stimulus\":\"<div style=\\\"font-size:20px;\\\"><p>Which scenario is more improbable?</p>\\n  Reminder: <strong>Improbable</strong> means it is possible, but unlikely (e.g., \\\"I painted the house with my hair.\\\").</div>\",\"response\":0,\"stimulus_0\":\"baking a cake inside\",\"stimulus_1\":\"polishing jewelry using\",\"condition_0\":\"inconceivable\",\"condition_1\":\"impossible\",\"continuation_0\":\"a sigh\",\"continuation_1\":\"a chainsaw\",\"id_0\":0,\"id_1\":48,\"context_0\":\"They do not have an oven, so they are\",\"context_1\":\"They do not have a cloth, so they are\",\"task_type\":\"critical\",\"concept\":\"improbable\",\"trial_type\":\"html-button-response\",\"trial_index\":7,\"time_elapsed\":103490,\"internal_node_id\":\"0.0-1.0-0.5\",\"subject_id\":\"65b66ffb639dfa4053f0a1cf\",\"study_id\":\"67e2c7f5c9ee767149702482\",\"session_id\":\"67e2cc82b3dcafcdcc37caf8\",\"rng_seed\":\"0.9260024966542044\",\"response_label\":0,\"provided_context\":true},{\"rt\":9112,\"stimulus\":\"<div style=\\\"font-size:20px;\\\"><p>Which scenario is more improbable?</p>\\n  Reminder: <strong>Improbable</strong> means it is possible, but unlikely (e.g., \\\"I painted the house with my hair.\\\").</div>\",\"response\":1,\"stimulus_0\":\"catching a fish in\",\"stimulus_1\":\"eating soup using\",\"condition_0\":\"improbable\",\"condition_1\":\"improbable\",\"continuation_0\":\"a puddle\",\"continuation_1\":\"a bucket\",\"id_0\":8,\"id_1\":31,\"context_0\":\"They are not near a lake, so they are\",\"context_1\":\"They do not have a spoon, so they are\",\"task_type\":\"critical\",\"concept\":\"improbable\",\"trial_type\":\"html-button-response\",\"trial_index\":8,\"time_elapsed\":112605,\"internal_node_id\":\"0.0-1.0-0.6\",\"subject_id\":\"65b66ffb639dfa4053f0a1cf\",\"study_id\":\"67e2c7f5c9ee767149702482\",\"session_id\":\"67e2cc82b3dcafcdcc37caf8\",\"rng_seed\":\"0.9260024966542044\",\"response_label\":1,\"provided_context\":true},{\"rt\":4832,\"stimulus\":\"<div style=\\\"font-size:20px;\\\"><p>Which scenario is more improbable?</p>\\n  Reminder: <strong>Improbable</strong> means it is possible, but unlikely (e.g., \\\"I painted the house with my hair.\\\").</div>\",\"response\":0,\"stimulus_0\":\"drying laundry using\",\"stimulus_1\":\"unlocking a door using\",\"condition_0\":\"improbable\",\"condition_1\":\"impossible\",\"continuation_0\":\"a fan\",\"continuation_1\":\"a marshmallow\",\"id_0\":30,\"id_1\":64,\"context_0\":\"They do not have a clothesline, so they are\",\"context_1\":\"They do not have a key, so they are\",\"task_type\":\"critical\",\"concept\":\"improbable\",\"trial_type\":\"html-button-response\",\"trial_index\":9,\"time_elapsed\":117440,\"internal_node_id\":\"0.0-1.0-0.7\",\"subject_id\":\"65b66ffb639dfa4053f0a1cf\",\"study_id\":\"67e2c7f5c9ee767149702482\",\"session_id\":\"67e2cc82b3dcafcdcc37caf8\",\"rng_seed\":\"0.9260024966542044\",\"response_label\":0,\"provided_context\":true},{\"rt\":2057,\"stimulus\":\"<div style=\\\"font-size:20px;\\\"><p>Follow the instructions below.</p></div>\",\"response\":1,\"stimulus_0\":\"drying laundry using\",\"stimulus_1\":\"unlocking a door using\",\"condition_0\":\"improbable\",\"condition_1\":\"impossible\",\"continuation_0\":\"a fan\",\"continuation_1\":\"a marshmallow\",\"id_0\":30,\"id_1\":64,\"context_0\":\"They do not have a clothesline, so they are\",\"context_1\":\"They do not have a key, so they are\",\"task_type\":\"attention_check\",\"choices\":[\"Don't Click This Button!\",\"Click This Button!\"],\"trial_type\":\"html-button-response\",\"trial_index\":10,\"time_elapsed\":119499,\"internal_node_id\":\"0.0-1.0-1.7-0.7\",\"subject_id\":\"65b66ffb639dfa4053f0a1cf\",\"study_id\":\"67e2c7f5c9ee767149702482\",\"session_id\":\"67e2cc82b3dcafcdcc37caf8\",\"rng_seed\":\"0.9260024966542044\"},{\"rt\":12245,\"stimulus\":\"<div style=\\\"font-size:20px;\\\"><p>Which scenario is more improbable?</p>\\n  Reminder: <strong>Improbable</strong> means it is possible, but unlikely (e.g., \\\"I painted the house with my hair.\\\").</div>\",\"response\":1,\"stimulus_0\":\"taking a vacation to\",\"stimulus_1\":\"writing an equation on\",\"condition_0\":\"impossible\",\"condition_1\":\"inconceivable\",\"continuation_0\":\"the sun\",\"continuation_1\":\"a scream\",\"id_0\":61,\"id_1\":69,\"context_0\":\"They are not near the beach, so they are\",\"context_1\":\"They do not have a chalkboard, so they are\",\"task_type\":\"critical\",\"concept\":\"improbable\",\"trial_type\":\"html-button-response\",\"trial_index\":11,\"time_elapsed\":131747,\"internal_node_id\":\"0.0-1.0-0.8\",\"subject_id\":\"65b66ffb639dfa4053f0a1cf\",\"study_id\":\"67e2c7f5c9ee767149702482\",\"session_id\":\"67e2cc82b3dcafcdcc37caf8\",\"rng_seed\":\"0.9260024966542044\",\"response_label\":1,\"provided_context\":true},{\"rt\":1999,\"stimulus\":\"<div style=\\\"font-size:20px;\\\"><p>Which scenario is more improbable?</p>\\n  Reminder: <strong>Improbable</strong> means it is possible, but unlikely (e.g., \\\"I painted the house with my hair.\\\").</div>\",\"response\":1,\"stimulus_0\":\"carving a statue using\",\"stimulus_1\":\"shattering a window using\",\"condition_0\":\"impossible\",\"condition_1\":\"impossible\",\"continuation_0\":\"a sock\",\"continuation_1\":\"confetti\",\"id_0\":7,\"id_1\":53,\"context_0\":\"They do not have a chisel, so they are\",\"context_1\":\"They do not have a stone, so they are\",\"task_type\":\"critical\",\"concept\":\"improbable\",\"trial_type\":\"html-button-response\",\"trial_index\":12,\"time_elapsed\":133750,\"internal_node_id\":\"0.0-1.0-0.9\",\"subject_id\":\"65b66ffb639dfa4053f0a1cf\",\"study_id\":\"67e2c7f5c9ee767149702482\",\"session_id\":\"67e2cc82b3dcafcdcc37caf8\",\"rng_seed\":\"0.9260024966542044\",\"response_label\":1,\"provided_context\":true},{\"rt\":6689,\"stimulus\":\"<div style=\\\"font-size:20px;\\\"><p>Which scenario is more improbable?</p>\\n  Reminder: <strong>Improbable</strong> means it is possible, but unlikely (e.g., \\\"I painted the house with my hair.\\\").</div>\",\"response\":0,\"stimulus_0\":\"catching a fish in\",\"stimulus_1\":\"cooking dinner out of\",\"condition_0\":\"improbable\",\"condition_1\":\"impossible\",\"continuation_0\":\"a puddle\",\"continuation_1\":\"the moon\",\"id_0\":8,\"id_1\":16,\"context_0\":\"They are not near a lake, so they are\",\"context_1\":\"They do not have pasta, so they are\",\"task_type\":\"critical\",\"concept\":\"improbable\",\"trial_type\":\"html-button-response\",\"trial_index\":13,\"time_elapsed\":140442,\"internal_node_id\":\"0.0-1.0-0.10\",\"subject_id\":\"65b66ffb639dfa4053f0a1cf\",\"study_id\":\"67e2c7f5c9ee767149702482\",\"session_id\":\"67e2cc82b3dcafcdcc37caf8\",\"rng_seed\":\"0.9260024966542044\",\"response_label\":0,\"provided_context\":true},{\"rt\":7850,\"stimulus\":\"<div style=\\\"font-size:20px;\\\"><p>Which scenario is more improbable?</p>\\n  Reminder: <strong>Improbable</strong> means it is possible, but unlikely (e.g., \\\"I painted the house with my hair.\\\").</div>\",\"response\":0,\"stimulus_0\":\"squishing a blueberry using\",\"stimulus_1\":\"drinking a cup full of\",\"condition_0\":\"improbable\",\"condition_1\":\"inconceivable\",\"continuation_0\":\"[POSS] nose\",\"continuation_1\":\"minutes\",\"id_0\":58,\"id_1\":28,\"context_0\":\"They do not have fingers, so they are\",\"context_1\":\"They do not have water, so they are\",\"task_type\":\"critical\",\"concept\":\"improbable\",\"trial_type\":\"html-button-response\",\"trial_index\":14,\"time_elapsed\":148295,\"internal_node_id\":\"0.0-1.0-0.11\",\"subject_id\":\"65b66ffb639dfa4053f0a1cf\",\"study_id\":\"67e2c7f5c9ee767149702482\",\"session_id\":\"67e2cc82b3dcafcdcc37caf8\",\"rng_seed\":\"0.9260024966542044\",\"response_label\":0,\"provided_context\":true},{\"rt\":2288,\"stimulus\":\"<div style=\\\"font-size:20px;\\\"><p>Follow the instructions below.</p></div>\",\"response\":1,\"stimulus_0\":\"squishing a blueberry using\",\"stimulus_1\":\"drinking a cup full of\",\"condition_0\":\"improbable\",\"condition_1\":\"inconceivable\",\"continuation_0\":\"[POSS] nose\",\"continuation_1\":\"minutes\",\"id_0\":58,\"id_1\":28,\"context_0\":\"They do not have fingers, so they are\",\"context_1\":\"They do not have water, so they are\",\"task_type\":\"attention_check\",\"choices\":[\"Click This Button!\",\"Don't Click This Button!\"],\"trial_type\":\"html-button-response\",\"trial_index\":15,\"time_elapsed\":150585,\"internal_node_id\":\"0.0-1.0-1.11-0.11\",\"subject_id\":\"65b66ffb639dfa4053f0a1cf\",\"study_id\":\"67e2c7f5c9ee767149702482\",\"session_id\":\"67e2cc82b3dcafcdcc37caf8\",\"rng_seed\":\"0.9260024966542044\"},{\"rt\":6928,\"stimulus\":\"<div style=\\\"font-size:20px;\\\"><p>Which scenario is more improbable?</p>\\n  Reminder: <strong>Improbable</strong> means it is possible, but unlikely (e.g., \\\"I painted the house with my hair.\\\").</div>\",\"response\":1,\"stimulus_0\":\"taking a vacation to\",\"stimulus_1\":\"packing a suit inside\",\"condition_0\":\"impossible\",\"condition_1\":\"improbable\",\"continuation_0\":\"the sun\",\"continuation_1\":\"a pocket\",\"id_0\":61,\"id_1\":44,\"context_0\":\"They are not near the beach, so they are\",\"context_1\":\"They do not have a suitcase, so they are\",\"task_type\":\"critical\",\"concept\":\"improbable\",\"trial_type\":\"html-button-response\",\"trial_index\":16,\"time_elapsed\":157516,\"internal_node_id\":\"0.0-1.0-0.12\",\"subject_id\":\"65b66ffb639dfa4053f0a1cf\",\"study_id\":\"67e2c7f5c9ee767149702482\",\"session_id\":\"67e2cc82b3dcafcdcc37caf8\",\"rng_seed\":\"0.9260024966542044\",\"response_label\":1,\"provided_context\":true},{\"rt\":8445,\"stimulus\":\"<div style=\\\"font-size:20px;\\\"><p>Which scenario is more improbable?</p>\\n  Reminder: <strong>Improbable</strong> means it is possible, but unlikely (e.g., \\\"I painted the house with my hair.\\\").</div>\",\"response\":1,\"stimulus_0\":\"plucking a hair using\",\"stimulus_1\":\"eating soup using\",\"condition_0\":\"inconceivable\",\"condition_1\":\"improbable\",\"continuation_0\":\"sympathy\",\"continuation_1\":\"a bucket\",\"id_0\":47,\"id_1\":31,\"context_0\":\"They do not have tweezers, so they are\",\"context_1\":\"They do not have a spoon, so they are\",\"task_type\":\"critical\",\"concept\":\"improbable\",\"trial_type\":\"html-button-response\",\"trial_index\":17,\"time_elapsed\":165964,\"internal_node_id\":\"0.0-1.0-0.13\",\"subject_id\":\"65b66ffb639dfa4053f0a1cf\",\"study_id\":\"67e2c7f5c9ee767149702482\",\"session_id\":\"67e2cc82b3dcafcdcc37caf8\",\"rng_seed\":\"0.9260024966542044\",\"response_label\":1,\"provided_context\":true},{\"rt\":9942,\"stimulus\":\"<div style=\\\"font-size:20px;\\\"><p>Which scenario is more improbable?</p>\\n  Reminder: <strong>Improbable</strong> means it is possible, but unlikely (e.g., \\\"I painted the house with my hair.\\\").</div>\",\"response\":1,\"stimulus_0\":\"crafting a bowl out of\",\"stimulus_1\":\"digging a hole using\",\"condition_0\":\"impossible\",\"condition_1\":\"impossible\",\"continuation_0\":\"smoke\",\"continuation_1\":\"dirt\",\"id_0\":19,\"id_1\":24,\"context_0\":\"They do not have clay, so they are\",\"context_1\":\"They do not have a shovel, so they are\",\"task_type\":\"critical\",\"concept\":\"improbable\",\"trial_type\":\"html-button-response\",\"trial_index\":18,\"time_elapsed\":175909,\"internal_node_id\":\"0.0-1.0-0.14\",\"subject_id\":\"65b66ffb639dfa4053f0a1cf\",\"study_id\":\"67e2c7f5c9ee767149702482\",\"session_id\":\"67e2cc82b3dcafcdcc37caf8\",\"rng_seed\":\"0.9260024966542044\",\"response_label\":1,\"provided_context\":true},{\"rt\":9896,\"stimulus\":\"<div style=\\\"font-size:20px;\\\"><p>Which scenario is more improbable?</p>\\n  Reminder: <strong>Improbable</strong> means it is possible, but unlikely (e.g., \\\"I painted the house with my hair.\\\").</div>\",\"response\":0,\"stimulus_0\":\"cleaning a spill using\",\"stimulus_1\":\"shaving [POSS] beard using\",\"condition_0\":\"inconceivable\",\"condition_1\":\"inconceivable\",\"continuation_0\":\"a country\",\"continuation_1\":\"a belief\",\"id_0\":11,\"id_1\":54,\"context_0\":\"They do not have a sponge, so they are\",\"context_1\":\"They do not have a razor, so they are\",\"task_type\":\"critical\",\"concept\":\"improbable\",\"trial_type\":\"html-button-response\",\"trial_index\":19,\"time_elapsed\":185806,\"internal_node_id\":\"0.0-1.0-0.15\",\"subject_id\":\"65b66ffb639dfa4053f0a1cf\",\"study_id\":\"67e2c7f5c9ee767149702482\",\"session_id\":\"67e2cc82b3dcafcdcc37caf8\",\"rng_seed\":\"0.9260024966542044\",\"response_label\":0,\"provided_context\":true},{\"rt\":2696,\"stimulus\":\"<div style=\\\"font-size:20px;\\\"><p>Follow the instructions below.</p></div>\",\"response\":1,\"stimulus_0\":\"cleaning a spill using\",\"stimulus_1\":\"shaving [POSS] beard using\",\"condition_0\":\"inconceivable\",\"condition_1\":\"inconceivable\",\"continuation_0\":\"a country\",\"continuation_1\":\"a belief\",\"id_0\":11,\"id_1\":54,\"context_0\":\"They do not have a sponge, so they are\",\"context_1\":\"They do not have a razor, so they are\",\"task_type\":\"attention_check\",\"choices\":[\"Click This Button!\",\"Don't Click This Button!\"],\"trial_type\":\"html-button-response\",\"trial_index\":20,\"time_elapsed\":188506,\"internal_node_id\":\"0.0-1.0-1.15-0.15\",\"subject_id\":\"65b66ffb639dfa4053f0a1cf\",\"study_id\":\"67e2c7f5c9ee767149702482\",\"session_id\":\"67e2cc82b3dcafcdcc37caf8\",\"rng_seed\":\"0.9260024966542044\"},{\"rt\":9074,\"stimulus\":\"<div style=\\\"font-size:20px;\\\"><p>Which scenario is more improbable?</p>\\n  Reminder: <strong>Improbable</strong> means it is possible, but unlikely (e.g., \\\"I painted the house with my hair.\\\").</div>\",\"response\":1,\"stimulus_0\":\"painting a wall using\",\"stimulus_1\":\"cooking dinner out of\",\"condition_0\":\"inconceivable\",\"condition_1\":\"impossible\",\"continuation_0\":\"a whisper\",\"continuation_1\":\"the moon\",\"id_0\":45,\"id_1\":16,\"context_0\":\"They do not have a brush, so they are\",\"context_1\":\"They do not have pasta, so they are\",\"task_type\":\"critical\",\"concept\":\"improbable\",\"trial_type\":\"html-button-response\",\"trial_index\":21,\"time_elapsed\":197583,\"internal_node_id\":\"0.0-1.0-0.16\",\"subject_id\":\"65b66ffb639dfa4053f0a1cf\",\"study_id\":\"67e2c7f5c9ee767149702482\",\"session_id\":\"67e2cc82b3dcafcdcc37caf8\",\"rng_seed\":\"0.9260024966542044\",\"response_label\":1,\"provided_context\":true},{\"rt\":5507,\"stimulus\":\"<div style=\\\"font-size:20px;\\\"><p>Which scenario is more improbable?</p>\\n  Reminder: <strong>Improbable</strong> means it is possible, but unlikely (e.g., \\\"I painted the house with my hair.\\\").</div>\",\"response\":0,\"stimulus_0\":\"packing a suit inside\",\"stimulus_1\":\"taking a vacation to\",\"condition_0\":\"improbable\",\"condition_1\":\"impossible\",\"continuation_0\":\"a pocket\",\"continuation_1\":\"the sun\",\"id_0\":44,\"id_1\":61,\"context_0\":\"They do not have a suitcase, so they are\",\"context_1\":\"They are not near the beach, so they are\",\"task_type\":\"critical\",\"concept\":\"improbable\",\"trial_type\":\"html-button-response\",\"trial_index\":22,\"time_elapsed\":203093,\"internal_node_id\":\"0.0-1.0-0.17\",\"subject_id\":\"65b66ffb639dfa4053f0a1cf\",\"study_id\":\"67e2c7f5c9ee767149702482\",\"session_id\":\"67e2cc82b3dcafcdcc37caf8\",\"rng_seed\":\"0.9260024966542044\",\"response_label\":0,\"provided_context\":true},{\"rt\":5144,\"stimulus\":\"<div style=\\\"font-size:20px;\\\"><p>Which scenario is more improbable?</p>\\n  Reminder: <strong>Improbable</strong> means it is possible, but unlikely (e.g., \\\"I painted the house with my hair.\\\").</div>\",\"response\":1,\"stimulus_0\":\"shaving [POSS] beard using\",\"stimulus_1\":\"catching a fish in\",\"condition_0\":\"inconceivable\",\"condition_1\":\"improbable\",\"continuation_0\":\"a belief\",\"continuation_1\":\"a puddle\",\"id_0\":54,\"id_1\":8,\"context_0\":\"They do not have a razor, so they are\",\"context_1\":\"They are not near a lake, so they are\",\"task_type\":\"critical\",\"concept\":\"improbable\",\"trial_type\":\"html-button-response\",\"trial_index\":23,\"time_elapsed\":208239,\"internal_node_id\":\"0.0-1.0-0.18\",\"subject_id\":\"65b66ffb639dfa4053f0a1cf\",\"study_id\":\"67e2c7f5c9ee767149702482\",\"session_id\":\"67e2cc82b3dcafcdcc37caf8\",\"rng_seed\":\"0.9260024966542044\",\"response_label\":1,\"provided_context\":true},{\"rt\":8552,\"stimulus\":\"<div style=\\\"font-size:20px;\\\"><p>Which scenario is more improbable?</p>\\n  Reminder: <strong>Improbable</strong> means it is possible, but unlikely (e.g., \\\"I painted the house with my hair.\\\").</div>\",\"response\":1,\"stimulus_0\":\"polishing jewelry using\",\"stimulus_1\":\"shattering a window using\",\"condition_0\":\"impossible\",\"condition_1\":\"impossible\",\"continuation_0\":\"a chainsaw\",\"continuation_1\":\"confetti\",\"id_0\":48,\"id_1\":53,\"context_0\":\"They do not have a cloth, so they are\",\"context_1\":\"They do not have a stone, so they are\",\"task_type\":\"critical\",\"concept\":\"improbable\",\"trial_type\":\"html-button-response\",\"trial_index\":24,\"time_elapsed\":216794,\"internal_node_id\":\"0.0-1.0-0.19\",\"subject_id\":\"65b66ffb639dfa4053f0a1cf\",\"study_id\":\"67e2c7f5c9ee767149702482\",\"session_id\":\"67e2cc82b3dcafcdcc37caf8\",\"rng_seed\":\"0.9260024966542044\",\"response_label\":1,\"provided_context\":true},{\"rt\":3574,\"stimulus\":\"<div style=\\\"font-size:20px;\\\"><p>Follow the instructions below.</p></div>\",\"response\":0,\"stimulus_0\":\"polishing jewelry using\",\"stimulus_1\":\"shattering a window using\",\"condition_0\":\"impossible\",\"condition_1\":\"impossible\",\"continuation_0\":\"a chainsaw\",\"continuation_1\":\"confetti\",\"id_0\":48,\"id_1\":53,\"context_0\":\"They do not have a cloth, so they are\",\"context_1\":\"They do not have a stone, so they are\",\"task_type\":\"attention_check\",\"choices\":[\"Don't Click This Button!\",\"Click This Button!\"],\"trial_type\":\"html-button-response\",\"trial_index\":25,\"time_elapsed\":220371,\"internal_node_id\":\"0.0-1.0-1.19-0.19\",\"subject_id\":\"65b66ffb639dfa4053f0a1cf\",\"study_id\":\"67e2c7f5c9ee767149702482\",\"session_id\":\"67e2cc82b3dcafcdcc37caf8\",\"rng_seed\":\"0.9260024966542044\"},{\"rt\":41305,\"response\":{\"language\":\"English\",\"gender\":\"Female\",\"feedback\":\"I enjoyed doing this survey. It was fun.\"},\"trial_type\":\"survey-text\",\"trial_index\":26,\"time_elapsed\":261690,\"internal_node_id\":\"0.0-2.0\",\"subject_id\":\"65b66ffb639dfa4053f0a1cf\",\"study_id\":\"67e2c7f5c9ee767149702482\",\"session_id\":\"67e2cc82b3dcafcdcc37caf8\",\"rng_seed\":\"0.9260024966542044\",\"task_type\":\"survey\"},{\"success\":true,\"completion_time\":\"2025-03-25T15:37:17.824Z\",\"exp_type\":\"gesture-beat-expt-pilot\"}]",
    "dir_path": "data/experiment_2_pilot"
}