{
    "prolific_data": {
        "subject_id": "6725347167ba634df0e78de9",
        "study_id": "67e2c7f5c9ee767149702482",
        "session_id": "67e2d4d6d5ec135e354cb1d6",
        "rng_seed": "0.6547411940134508"
    },
    "data": "[{\"rt\":19678,\"stimulus\":\"\\n  <div class=\\\"jspsych-content\\\" align=left style=\\\"width:100%;text-align: left;\\\">\\n  <h2>Hello, and welcome to our study!</h2>\\n      In this study, we will ask you to 25 questions.\\n      <p>\\n      In 20 of the questions, we will need your help deciding which statement is more <strong>impossible</strong>.\\n      </p>\\n      <strong>Impossible</strong> means it cannot happen in our world given the laws of nature, but may happen in a fictional world (e.g., \\\"I painted the house with my mind.\\\"). \\n      <p>\\n      The remaining questions will check to make sure that you are paying attention to the study.\\n      <p>\\n    <h3>IMPORTANT:</h3>\\n    <ul>\\n      <li>Respond as quickly as you can.</li>\\n      <li>Answer the questions based on what is possible given the physical laws of the real world.</li>\\n      <li>There are no right or wrong answers. We are simply interested in your intuitions.</li>\\n      </ul>\\n    Once you are done reading this page, please press SPACEBAR to continue.\\n    </p>\\n  </div>\\n  \",\"response\":\" \",\"trial_type\":\"html-keyboard-response\",\"trial_index\":0,\"time_elapsed\":19683,\"internal_node_id\":\"0.0-0.0\",\"subject_id\":\"6725347167ba634df0e78de9\",\"study_id\":\"67e2c7f5c9ee767149702482\",\"session_id\":\"67e2d4d6d5ec135e354cb1d6\",\"rng_seed\":\"0.6547411940134508\"},{\"rt\":9296,\"stimulus\":\"<div style=\\\"font-size:20px;\\\"><p>Which scenario is more impossible?</p>\\n  Reminder: <strong>Impossible</strong> means it cannot happen in our world given the laws of nature, but may happen in a fictional world (e.g., \\\"I painted the house with my mind.\\\"). </div>\",\"response\":0,\"stimulus_0\":\"painting a wall using\",\"stimulus_1\":\"sewing a shirt using\",\"condition_0\":\"inconceivable\",\"condition_1\":\"improbable\",\"continuation_0\":\"a whisper\",\"continuation_1\":\"a toothpick\",\"id_0\":45,\"id_1\":52,\"context_0\":\"They do not have a brush, so they are\",\"context_1\":\"They do not have a needle, so they are\",\"task_type\":\"critical\",\"concept\":\"impossible\",\"trial_type\":\"html-button-response\",\"trial_index\":1,\"time_elapsed\":28984,\"internal_node_id\":\"0.0-1.0-0.0\",\"subject_id\":\"6725347167ba634df0e78de9\",\"study_id\":\"67e2c7f5c9ee767149702482\",\"session_id\":\"67e2d4d6d5ec135e354cb1d6\",\"rng_seed\":\"0.6547411940134508\",\"response_label\":0,\"provided_context\":true},{\"rt\":6478,\"stimulus\":\"<div style=\\\"font-size:20px;\\\"><p>Which scenario is more impossible?</p>\\n  Reminder: <strong>Impossible</strong> means it cannot happen in our world given the laws of nature, but may happen in a fictional world (e.g., \\\"I painted the house with my mind.\\\"). </div>\",\"response\":1,\"stimulus_0\":\"drying laundry using\",\"stimulus_1\":\"digging a hole using\",\"condition_0\":\"improbable\",\"condition_1\":\"impossible\",\"continuation_0\":\"a fan\",\"continuation_1\":\"dirt\",\"id_0\":30,\"id_1\":24,\"context_0\":\"They do not have a clothesline, so they are\",\"context_1\":\"They do not have a shovel, so they are\",\"task_type\":\"critical\",\"concept\":\"impossible\",\"trial_type\":\"html-button-response\",\"trial_index\":2,\"time_elapsed\":35464,\"internal_node_id\":\"0.0-1.0-0.1\",\"subject_id\":\"6725347167ba634df0e78de9\",\"study_id\":\"67e2c7f5c9ee767149702482\",\"session_id\":\"67e2d4d6d5ec135e354cb1d6\",\"rng_seed\":\"0.6547411940134508\",\"response_label\":1,\"provided_context\":true},{\"rt\":13183,\"stimulus\":\"<div style=\\\"font-size:20px;\\\"><p>Which scenario is more impossible?</p>\\n  Reminder: <strong>Impossible</strong> means it cannot happen in our world given the laws of nature, but may happen in a fictional world (e.g., \\\"I painted the house with my mind.\\\"). </div>\",\"response\":0,\"stimulus_0\":\"sewing a shirt using\",\"stimulus_1\":\"carrying groceries inside\",\"condition_0\":\"improbable\",\"condition_1\":\"improbable\",\"continuation_0\":\"a toothpick\",\"continuation_1\":\"a backpack\",\"id_0\":52,\"id_1\":6,\"context_0\":\"They do not have a needle, so they are\",\"context_1\":\"They do not have a tote bag, so they are\",\"task_type\":\"critical\",\"concept\":\"impossible\",\"trial_type\":\"html-button-response\",\"trial_index\":3,\"time_elapsed\":48654,\"internal_node_id\":\"0.0-1.0-0.2\",\"subject_id\":\"6725347167ba634df0e78de9\",\"study_id\":\"67e2c7f5c9ee767149702482\",\"session_id\":\"67e2d4d6d5ec135e354cb1d6\",\"rng_seed\":\"0.6547411940134508\",\"response_label\":0,\"provided_context\":true},{\"rt\":13200,\"stimulus\":\"<div style=\\\"font-size:20px;\\\"><p>Which scenario is more impossible?</p>\\n  Reminder: <strong>Impossible</strong> means it cannot happen in our world given the laws of nature, but may happen in a fictional world (e.g., \\\"I painted the house with my mind.\\\"). </div>\",\"response\":0,\"stimulus_0\":\"cleaning a spill using\",\"stimulus_1\":\"lighting a candle using\",\"condition_0\":\"inconceivable\",\"condition_1\":\"impossible\",\"continuation_0\":\"a country\",\"continuation_1\":\"yogurt\",\"id_0\":11,\"id_1\":39,\"context_0\":\"They do not have a sponge, so they are\",\"context_1\":\"They do not have a match, so they are\",\"task_type\":\"critical\",\"concept\":\"impossible\",\"trial_type\":\"html-button-response\",\"trial_index\":4,\"time_elapsed\":61859,\"internal_node_id\":\"0.0-1.0-0.3\",\"subject_id\":\"6725347167ba634df0e78de9\",\"study_id\":\"67e2c7f5c9ee767149702482\",\"session_id\":\"67e2d4d6d5ec135e354cb1d6\",\"rng_seed\":\"0.6547411940134508\",\"response_label\":0,\"provided_context\":true},{\"rt\":7026,\"stimulus\":\"<div style=\\\"font-size:20px;\\\"><p>Follow the instructions below.</p></div>\",\"response\":1,\"stimulus_0\":\"cleaning a spill using\",\"stimulus_1\":\"lighting a candle using\",\"condition_0\":\"inconceivable\",\"condition_1\":\"impossible\",\"continuation_0\":\"a country\",\"continuation_1\":\"yogurt\",\"id_0\":11,\"id_1\":39,\"context_0\":\"They do not have a sponge, so they are\",\"context_1\":\"They do not have a match, so they are\",\"task_type\":\"attention_check\",\"choices\":[\"Don't Click This Button!\",\"Click This Button!\"],\"trial_type\":\"html-button-response\",\"trial_index\":5,\"time_elapsed\":68891,\"internal_node_id\":\"0.0-1.0-1.3-0.3\",\"subject_id\":\"6725347167ba634df0e78de9\",\"study_id\":\"67e2c7f5c9ee767149702482\",\"session_id\":\"67e2d4d6d5ec135e354cb1d6\",\"rng_seed\":\"0.6547411940134508\"},{\"rt\":9199,\"stimulus\":\"<div style=\\\"font-size:20px;\\\"><p>Which scenario is more impossible?</p>\\n  Reminder: <strong>Impossible</strong> means it cannot happen in our world given the laws of nature, but may happen in a fictional world (e.g., \\\"I painted the house with my mind.\\\"). </div>\",\"response\":0,\"stimulus_0\":\"baking a cake inside\",\"stimulus_1\":\"digging a hole using\",\"condition_0\":\"inconceivable\",\"condition_1\":\"impossible\",\"continuation_0\":\"a sigh\",\"continuation_1\":\"dirt\",\"id_0\":0,\"id_1\":24,\"context_0\":\"They do not have an oven, so they are\",\"context_1\":\"They do not have a shovel, so they are\",\"task_type\":\"critical\",\"concept\":\"impossible\",\"trial_type\":\"html-button-response\",\"trial_index\":6,\"time_elapsed\":78096,\"internal_node_id\":\"0.0-1.0-0.4\",\"subject_id\":\"6725347167ba634df0e78de9\",\"study_id\":\"67e2c7f5c9ee767149702482\",\"session_id\":\"67e2d4d6d5ec135e354cb1d6\",\"rng_seed\":\"0.6547411940134508\",\"response_label\":0,\"provided_context\":true},{\"rt\":6281,\"stimulus\":\"<div style=\\\"font-size:20px;\\\"><p>Which scenario is more impossible?</p>\\n  Reminder: <strong>Impossible</strong> means it cannot happen in our world given the laws of nature, but may happen in a fictional world (e.g., \\\"I painted the house with my mind.\\\"). </div>\",\"response\":1,\"stimulus_0\":\"drying laundry using\",\"stimulus_1\":\"carving a statue using\",\"condition_0\":\"improbable\",\"condition_1\":\"impossible\",\"continuation_0\":\"a fan\",\"continuation_1\":\"a sock\",\"id_0\":30,\"id_1\":7,\"context_0\":\"They do not have a clothesline, so they are\",\"context_1\":\"They do not have a chisel, so they are\",\"task_type\":\"critical\",\"concept\":\"impossible\",\"trial_type\":\"html-button-response\",\"trial_index\":7,\"time_elapsed\":84383,\"internal_node_id\":\"0.0-1.0-0.5\",\"subject_id\":\"6725347167ba634df0e78de9\",\"study_id\":\"67e2c7f5c9ee767149702482\",\"session_id\":\"67e2d4d6d5ec135e354cb1d6\",\"rng_seed\":\"0.6547411940134508\",\"response_label\":1,\"provided_context\":true},{\"rt\":6042,\"stimulus\":\"<div style=\\\"font-size:20px;\\\"><p>Which scenario is more impossible?</p>\\n  Reminder: <strong>Impossible</strong> means it cannot happen in our world given the laws of nature, but may happen in a fictional world (e.g., \\\"I painted the house with my mind.\\\"). </div>\",\"response\":0,\"stimulus_0\":\"filling a bucket with\",\"stimulus_1\":\"digging a hole using\",\"condition_0\":\"impossible\",\"condition_1\":\"impossible\",\"continuation_0\":\"buildings\",\"continuation_1\":\"dirt\",\"id_0\":33,\"id_1\":24,\"context_0\":\"They are not near sand, so they are\",\"context_1\":\"They do not have a shovel, so they are\",\"task_type\":\"critical\",\"concept\":\"impossible\",\"trial_type\":\"html-button-response\",\"trial_index\":8,\"time_elapsed\":90430,\"internal_node_id\":\"0.0-1.0-0.6\",\"subject_id\":\"6725347167ba634df0e78de9\",\"study_id\":\"67e2c7f5c9ee767149702482\",\"session_id\":\"67e2d4d6d5ec135e354cb1d6\",\"rng_seed\":\"0.6547411940134508\",\"response_label\":0,\"provided_context\":true},{\"rt\":11130,\"stimulus\":\"<div style=\\\"font-size:20px;\\\"><p>Which scenario is more impossible?</p>\\n  Reminder: <strong>Impossible</strong> means it cannot happen in our world given the laws of nature, but may happen in a fictional world (e.g., \\\"I painted the house with my mind.\\\"). </div>\",\"response\":0,\"stimulus_0\":\"shattering a window using\",\"stimulus_1\":\"carrying groceries inside\",\"condition_0\":\"impossible\",\"condition_1\":\"improbable\",\"continuation_0\":\"confetti\",\"continuation_1\":\"a backpack\",\"id_0\":53,\"id_1\":6,\"context_0\":\"They do not have a stone, so they are\",\"context_1\":\"They do not have a tote bag, so they are\",\"task_type\":\"critical\",\"concept\":\"impossible\",\"trial_type\":\"html-button-response\",\"trial_index\":9,\"time_elapsed\":101564,\"internal_node_id\":\"0.0-1.0-0.7\",\"subject_id\":\"6725347167ba634df0e78de9\",\"study_id\":\"67e2c7f5c9ee767149702482\",\"session_id\":\"67e2d4d6d5ec135e354cb1d6\",\"rng_seed\":\"0.6547411940134508\",\"response_label\":0,\"provided_context\":true},{\"rt\":2067,\"stimulus\":\"<div style=\\\"font-size:20px;\\\"><p>Follow the instructions below.</p></div>\",\"response\":1,\"stimulus_0\":\"shattering a window using\",\"stimulus_1\":\"carrying groceries inside\",\"condition_0\":\"impossible\",\"condition_1\":\"improbable\",\"continuation_0\":\"confetti\",\"continuation_1\":\"a backpack\",\"id_0\":53,\"id_1\":6,\"context_0\":\"They do not have a stone, so they are\",\"context_1\":\"They do not have a tote bag, so they are\",\"task_type\":\"attention_check\",\"choices\":[\"Don't Click This Button!\",\"Click This Button!\"],\"trial_type\":\"html-button-response\",\"trial_index\":10,\"time_elapsed\":103635,\"internal_node_id\":\"0.0-1.0-1.7-0.7\",\"subject_id\":\"6725347167ba634df0e78de9\",\"study_id\":\"67e2c7f5c9ee767149702482\",\"session_id\":\"67e2d4d6d5ec135e354cb1d6\",\"rng_seed\":\"0.6547411940134508\"},{\"rt\":15783,\"stimulus\":\"<div style=\\\"font-size:20px;\\\"><p>Which scenario is more impossible?</p>\\n  Reminder: <strong>Impossible</strong> means it cannot happen in our world given the laws of nature, but may happen in a fictional world (e.g., \\\"I painted the house with my mind.\\\"). </div>\",\"response\":0,\"stimulus_0\":\"shattering a window using\",\"stimulus_1\":\"crushing a soda can using\",\"condition_0\":\"impossible\",\"condition_1\":\"improbable\",\"continuation_0\":\"confetti\",\"continuation_1\":\"a chair\",\"id_0\":53,\"id_1\":20,\"context_0\":\"They do not have a stone, so they are\",\"context_1\":\"They do not have a shoe, so they are\",\"task_type\":\"critical\",\"concept\":\"impossible\",\"trial_type\":\"html-button-response\",\"trial_index\":11,\"time_elapsed\":119422,\"internal_node_id\":\"0.0-1.0-0.8\",\"subject_id\":\"6725347167ba634df0e78de9\",\"study_id\":\"67e2c7f5c9ee767149702482\",\"session_id\":\"67e2d4d6d5ec135e354cb1d6\",\"rng_seed\":\"0.6547411940134508\",\"response_label\":0,\"provided_context\":true},{\"rt\":4519,\"stimulus\":\"<div style=\\\"font-size:20px;\\\"><p>Which scenario is more impossible?</p>\\n  Reminder: <strong>Impossible</strong> means it cannot happen in our world given the laws of nature, but may happen in a fictional world (e.g., \\\"I painted the house with my mind.\\\"). </div>\",\"response\":0,\"stimulus_0\":\"cooking dinner out of\",\"stimulus_1\":\"denting a car with\",\"condition_0\":\"impossible\",\"condition_1\":\"improbable\",\"continuation_0\":\"the moon\",\"continuation_1\":\"a dumbbell\",\"id_0\":16,\"id_1\":23,\"context_0\":\"They do not have pasta, so they are\",\"context_1\":\"They do not have a baseball bat, so they are\",\"task_type\":\"critical\",\"concept\":\"impossible\",\"trial_type\":\"html-button-response\",\"trial_index\":12,\"time_elapsed\":123943,\"internal_node_id\":\"0.0-1.0-0.9\",\"subject_id\":\"6725347167ba634df0e78de9\",\"study_id\":\"67e2c7f5c9ee767149702482\",\"session_id\":\"67e2d4d6d5ec135e354cb1d6\",\"rng_seed\":\"0.6547411940134508\",\"response_label\":0,\"provided_context\":true},{\"rt\":4170,\"stimulus\":\"<div style=\\\"font-size:20px;\\\"><p>Which scenario is more impossible?</p>\\n  Reminder: <strong>Impossible</strong> means it cannot happen in our world given the laws of nature, but may happen in a fictional world (e.g., \\\"I painted the house with my mind.\\\"). </div>\",\"response\":0,\"stimulus_0\":\"cooking dinner out of\",\"stimulus_1\":\"building a bridge out of\",\"condition_0\":\"impossible\",\"condition_1\":\"improbable\",\"continuation_0\":\"the moon\",\"continuation_1\":\"plastic\",\"id_0\":16,\"id_1\":4,\"context_0\":\"They do not have pasta, so they are\",\"context_1\":\"They do not have any steel, so they are\",\"task_type\":\"critical\",\"concept\":\"impossible\",\"trial_type\":\"html-button-response\",\"trial_index\":13,\"time_elapsed\":128119,\"internal_node_id\":\"0.0-1.0-0.10\",\"subject_id\":\"6725347167ba634df0e78de9\",\"study_id\":\"67e2c7f5c9ee767149702482\",\"session_id\":\"67e2d4d6d5ec135e354cb1d6\",\"rng_seed\":\"0.6547411940134508\",\"response_label\":0,\"provided_context\":true},{\"rt\":14185,\"stimulus\":\"<div style=\\\"font-size:20px;\\\"><p>Which scenario is more impossible?</p>\\n  Reminder: <strong>Impossible</strong> means it cannot happen in our world given the laws of nature, but may happen in a fictional world (e.g., \\\"I painted the house with my mind.\\\"). </div>\",\"response\":0,\"stimulus_0\":\"cooking dinner out of\",\"stimulus_1\":\"drinking a cup full of\",\"condition_0\":\"impossible\",\"condition_1\":\"inconceivable\",\"continuation_0\":\"the moon\",\"continuation_1\":\"minutes\",\"id_0\":16,\"id_1\":28,\"context_0\":\"They do not have pasta, so they are\",\"context_1\":\"They do not have water, so they are\",\"task_type\":\"critical\",\"concept\":\"impossible\",\"trial_type\":\"html-button-response\",\"trial_index\":14,\"time_elapsed\":142307,\"internal_node_id\":\"0.0-1.0-0.11\",\"subject_id\":\"6725347167ba634df0e78de9\",\"study_id\":\"67e2c7f5c9ee767149702482\",\"session_id\":\"67e2d4d6d5ec135e354cb1d6\",\"rng_seed\":\"0.6547411940134508\",\"response_label\":0,\"provided_context\":true},{\"rt\":3476,\"stimulus\":\"<div style=\\\"font-size:20px;\\\"><p>Follow the instructions below.</p></div>\",\"response\":0,\"stimulus_0\":\"cooking dinner out of\",\"stimulus_1\":\"drinking a cup full of\",\"condition_0\":\"impossible\",\"condition_1\":\"inconceivable\",\"continuation_0\":\"the moon\",\"continuation_1\":\"minutes\",\"id_0\":16,\"id_1\":28,\"context_0\":\"They do not have pasta, so they are\",\"context_1\":\"They do not have water, so they are\",\"task_type\":\"attention_check\",\"choices\":[\"Click This Button!\",\"Don't Click This Button!\"],\"trial_type\":\"html-button-response\",\"trial_index\":15,\"time_elapsed\":145787,\"internal_node_id\":\"0.0-1.0-1.11-0.11\",\"subject_id\":\"6725347167ba634df0e78de9\",\"study_id\":\"67e2c7f5c9ee767149702482\",\"session_id\":\"67e2d4d6d5ec135e354cb1d6\",\"rng_seed\":\"0.6547411940134508\"},{\"rt\":7626,\"stimulus\":\"<div style=\\\"font-size:20px;\\\"><p>Which scenario is more impossible?</p>\\n  Reminder: <strong>Impossible</strong> means it cannot happen in our world given the laws of nature, but may happen in a fictional world (e.g., \\\"I painted the house with my mind.\\\"). </div>\",\"response\":0,\"stimulus_0\":\"filling a bucket with\",\"stimulus_1\":\"crushing a soda can using\",\"condition_0\":\"impossible\",\"condition_1\":\"improbable\",\"continuation_0\":\"buildings\",\"continuation_1\":\"a chair\",\"id_0\":33,\"id_1\":20,\"context_0\":\"They are not near sand, so they are\",\"context_1\":\"They do not have a shoe, so they are\",\"task_type\":\"critical\",\"concept\":\"impossible\",\"trial_type\":\"html-button-response\",\"trial_index\":16,\"time_elapsed\":153418,\"internal_node_id\":\"0.0-1.0-0.12\",\"subject_id\":\"6725347167ba634df0e78de9\",\"study_id\":\"67e2c7f5c9ee767149702482\",\"session_id\":\"67e2d4d6d5ec135e354cb1d6\",\"rng_seed\":\"0.6547411940134508\",\"response_label\":0,\"provided_context\":true},{\"rt\":3795,\"stimulus\":\"<div style=\\\"font-size:20px;\\\"><p>Which scenario is more impossible?</p>\\n  Reminder: <strong>Impossible</strong> means it cannot happen in our world given the laws of nature, but may happen in a fictional world (e.g., \\\"I painted the house with my mind.\\\"). </div>\",\"response\":1,\"stimulus_0\":\"drying laundry using\",\"stimulus_1\":\"drinking a cup full of\",\"condition_0\":\"improbable\",\"condition_1\":\"inconceivable\",\"continuation_0\":\"a fan\",\"continuation_1\":\"minutes\",\"id_0\":30,\"id_1\":28,\"context_0\":\"They do not have a clothesline, so they are\",\"context_1\":\"They do not have water, so they are\",\"task_type\":\"critical\",\"concept\":\"impossible\",\"trial_type\":\"html-button-response\",\"trial_index\":17,\"time_elapsed\":157217,\"internal_node_id\":\"0.0-1.0-0.13\",\"subject_id\":\"6725347167ba634df0e78de9\",\"study_id\":\"67e2c7f5c9ee767149702482\",\"session_id\":\"67e2d4d6d5ec135e354cb1d6\",\"rng_seed\":\"0.6547411940134508\",\"response_label\":1,\"provided_context\":true},{\"rt\":7650,\"stimulus\":\"<div style=\\\"font-size:20px;\\\"><p>Which scenario is more impossible?</p>\\n  Reminder: <strong>Impossible</strong> means it cannot happen in our world given the laws of nature, but may happen in a fictional world (e.g., \\\"I painted the house with my mind.\\\"). </div>\",\"response\":0,\"stimulus_0\":\"polishing jewelry using\",\"stimulus_1\":\"denting a car with\",\"condition_0\":\"impossible\",\"condition_1\":\"improbable\",\"continuation_0\":\"a chainsaw\",\"continuation_1\":\"a dumbbell\",\"id_0\":48,\"id_1\":23,\"context_0\":\"They do not have a cloth, so they are\",\"context_1\":\"They do not have a baseball bat, so they are\",\"task_type\":\"critical\",\"concept\":\"impossible\",\"trial_type\":\"html-button-response\",\"trial_index\":18,\"time_elapsed\":164871,\"internal_node_id\":\"0.0-1.0-0.14\",\"subject_id\":\"6725347167ba634df0e78de9\",\"study_id\":\"67e2c7f5c9ee767149702482\",\"session_id\":\"67e2d4d6d5ec135e354cb1d6\",\"rng_seed\":\"0.6547411940134508\",\"response_label\":0,\"provided_context\":true},{\"rt\":29821,\"stimulus\":\"<div style=\\\"font-size:20px;\\\"><p>Which scenario is more impossible?</p>\\n  Reminder: <strong>Impossible</strong> means it cannot happen in our world given the laws of nature, but may happen in a fictional world (e.g., \\\"I painted the house with my mind.\\\"). </div>\",\"response\":0,\"stimulus_0\":\"unlocking a door using\",\"stimulus_1\":\"filling a bucket with\",\"condition_0\":\"impossible\",\"condition_1\":\"impossible\",\"continuation_0\":\"a marshmallow\",\"continuation_1\":\"buildings\",\"id_0\":64,\"id_1\":33,\"context_0\":\"They do not have a key, so they are\",\"context_1\":\"They are not near sand, so they are\",\"task_type\":\"critical\",\"concept\":\"impossible\",\"trial_type\":\"html-button-response\",\"trial_index\":19,\"time_elapsed\":194697,\"internal_node_id\":\"0.0-1.0-0.15\",\"subject_id\":\"6725347167ba634df0e78de9\",\"study_id\":\"67e2c7f5c9ee767149702482\",\"session_id\":\"67e2d4d6d5ec135e354cb1d6\",\"rng_seed\":\"0.6547411940134508\",\"response_label\":0,\"provided_context\":true},{\"rt\":1516,\"stimulus\":\"<div style=\\\"font-size:20px;\\\"><p>Follow the instructions below.</p></div>\",\"response\":0,\"stimulus_0\":\"unlocking a door using\",\"stimulus_1\":\"filling a bucket with\",\"condition_0\":\"impossible\",\"condition_1\":\"impossible\",\"continuation_0\":\"a marshmallow\",\"continuation_1\":\"buildings\",\"id_0\":64,\"id_1\":33,\"context_0\":\"They do not have a key, so they are\",\"context_1\":\"They are not near sand, so they are\",\"task_type\":\"attention_check\",\"choices\":[\"Click This Button!\",\"Don't Click This Button!\"],\"trial_type\":\"html-button-response\",\"trial_index\":20,\"time_elapsed\":196216,\"internal_node_id\":\"0.0-1.0-1.15-0.15\",\"subject_id\":\"6725347167ba634df0e78de9\",\"study_id\":\"67e2c7f5c9ee767149702482\",\"session_id\":\"67e2d4d6d5ec135e354cb1d6\",\"rng_seed\":\"0.6547411940134508\"},{\"rt\":8127,\"stimulus\":\"<div style=\\\"font-size:20px;\\\"><p>Which scenario is more impossible?</p>\\n  Reminder: <strong>Impossible</strong> means it cannot happen in our world given the laws of nature, but may happen in a fictional world (e.g., \\\"I painted the house with my mind.\\\"). </div>\",\"response\":1,\"stimulus_0\":\"sewing a shirt using\",\"stimulus_1\":\"hanging a painting using\",\"condition_0\":\"improbable\",\"condition_1\":\"inconceivable\",\"continuation_0\":\"a toothpick\",\"continuation_1\":\"a handshake\",\"id_0\":52,\"id_1\":36,\"context_0\":\"They do not have a needle, so they are\",\"context_1\":\"They do not have screws, so they are\",\"task_type\":\"critical\",\"concept\":\"impossible\",\"trial_type\":\"html-button-response\",\"trial_index\":21,\"time_elapsed\":204344,\"internal_node_id\":\"0.0-1.0-0.16\",\"subject_id\":\"6725347167ba634df0e78de9\",\"study_id\":\"67e2c7f5c9ee767149702482\",\"session_id\":\"67e2d4d6d5ec135e354cb1d6\",\"rng_seed\":\"0.6547411940134508\",\"response_label\":1,\"provided_context\":true},{\"rt\":9880,\"stimulus\":\"<div style=\\\"font-size:20px;\\\"><p>Which scenario is more impossible?</p>\\n  Reminder: <strong>Impossible</strong> means it cannot happen in our world given the laws of nature, but may happen in a fictional world (e.g., \\\"I painted the house with my mind.\\\"). </div>\",\"response\":0,\"stimulus_0\":\"catching a fish in\",\"stimulus_1\":\"denting a car with\",\"condition_0\":\"improbable\",\"condition_1\":\"improbable\",\"continuation_0\":\"a puddle\",\"continuation_1\":\"a dumbbell\",\"id_0\":8,\"id_1\":23,\"context_0\":\"They are not near a lake, so they are\",\"context_1\":\"They do not have a baseball bat, so they are\",\"task_type\":\"critical\",\"concept\":\"impossible\",\"trial_type\":\"html-button-response\",\"trial_index\":22,\"time_elapsed\":214229,\"internal_node_id\":\"0.0-1.0-0.17\",\"subject_id\":\"6725347167ba634df0e78de9\",\"study_id\":\"67e2c7f5c9ee767149702482\",\"session_id\":\"67e2d4d6d5ec135e354cb1d6\",\"rng_seed\":\"0.6547411940134508\",\"response_label\":0,\"provided_context\":true},{\"rt\":3316,\"stimulus\":\"<div style=\\\"font-size:20px;\\\"><p>Which scenario is more impossible?</p>\\n  Reminder: <strong>Impossible</strong> means it cannot happen in our world given the laws of nature, but may happen in a fictional world (e.g., \\\"I painted the house with my mind.\\\"). </div>\",\"response\":0,\"stimulus_0\":\"painting a wall using\",\"stimulus_1\":\"drying laundry using\",\"condition_0\":\"inconceivable\",\"condition_1\":\"improbable\",\"continuation_0\":\"a whisper\",\"continuation_1\":\"a fan\",\"id_0\":45,\"id_1\":30,\"context_0\":\"They do not have a brush, so they are\",\"context_1\":\"They do not have a clothesline, so they are\",\"task_type\":\"critical\",\"concept\":\"impossible\",\"trial_type\":\"html-button-response\",\"trial_index\":23,\"time_elapsed\":217549,\"internal_node_id\":\"0.0-1.0-0.18\",\"subject_id\":\"6725347167ba634df0e78de9\",\"study_id\":\"67e2c7f5c9ee767149702482\",\"session_id\":\"67e2d4d6d5ec135e354cb1d6\",\"rng_seed\":\"0.6547411940134508\",\"response_label\":0,\"provided_context\":true},{\"rt\":7018,\"stimulus\":\"<div style=\\\"font-size:20px;\\\"><p>Which scenario is more impossible?</p>\\n  Reminder: <strong>Impossible</strong> means it cannot happen in our world given the laws of nature, but may happen in a fictional world (e.g., \\\"I painted the house with my mind.\\\"). </div>\",\"response\":1,\"stimulus_0\":\"eating soup using\",\"stimulus_1\":\"unlocking a door using\",\"condition_0\":\"improbable\",\"condition_1\":\"impossible\",\"continuation_0\":\"a bucket\",\"continuation_1\":\"a marshmallow\",\"id_0\":31,\"id_1\":64,\"context_0\":\"They do not have a spoon, so they are\",\"context_1\":\"They do not have a key, so they are\",\"task_type\":\"critical\",\"concept\":\"impossible\",\"trial_type\":\"html-button-response\",\"trial_index\":24,\"time_elapsed\":224571,\"internal_node_id\":\"0.0-1.0-0.19\",\"subject_id\":\"6725347167ba634df0e78de9\",\"study_id\":\"67e2c7f5c9ee767149702482\",\"session_id\":\"67e2d4d6d5ec135e354cb1d6\",\"rng_seed\":\"0.6547411940134508\",\"response_label\":1,\"provided_context\":true},{\"rt\":1557,\"stimulus\":\"<div style=\\\"font-size:20px;\\\"><p>Follow the instructions below.</p></div>\",\"response\":0,\"stimulus_0\":\"eating soup using\",\"stimulus_1\":\"unlocking a door using\",\"condition_0\":\"improbable\",\"condition_1\":\"impossible\",\"continuation_0\":\"a bucket\",\"continuation_1\":\"a marshmallow\",\"id_0\":31,\"id_1\":64,\"context_0\":\"They do not have a spoon, so they are\",\"context_1\":\"They do not have a key, so they are\",\"task_type\":\"attention_check\",\"choices\":[\"Click This Button!\",\"Don't Click This Button!\"],\"trial_type\":\"html-button-response\",\"trial_index\":25,\"time_elapsed\":226132,\"internal_node_id\":\"0.0-1.0-1.19-0.19\",\"subject_id\":\"6725347167ba634df0e78de9\",\"study_id\":\"67e2c7f5c9ee767149702482\",\"session_id\":\"67e2d4d6d5ec135e354cb1d6\",\"rng_seed\":\"0.6547411940134508\"},{\"rt\":10036,\"response\":{\"language\":\"english\",\"gender\":\"female\",\"feedback\":\"\"},\"trial_type\":\"survey-text\",\"trial_index\":26,\"time_elapsed\":236254,\"internal_node_id\":\"0.0-2.0\",\"subject_id\":\"6725347167ba634df0e78de9\",\"study_id\":\"67e2c7f5c9ee767149702482\",\"session_id\":\"67e2d4d6d5ec135e354cb1d6\",\"rng_seed\":\"0.6547411940134508\",\"task_type\":\"survey\"},{\"success\":true,\"completion_time\":\"2025-03-25T16:12:53.389Z\",\"exp_type\":\"gesture-beat-expt-pilot\"}]",
    "dir_path": "data/experiment_2_pilot"
}