{
    "prolific_data": {
        "subject_id": "6657973f71415fecf81cda01",
        "study_id": "67f42c45dcad9370894e7bf9",
        "session_id": "67f42db8f192cb5e85c93ab0",
        "rng_seed": "0.39294125560275606"
    },
    "data": "[{\"rt\":27484,\"stimulus\":\"\\n  <div class=\\\"jspsych-content\\\" align=left style=\\\"width:100%;text-align: left;\\\">\\n  <h2>Hello, and welcome to our study!</h2>\\n      In this study, we will ask you to 40 questions.\\n      <p>\\n      In 35 of the questions, we will need your help deciding which statement is more <strong>impossible</strong>.\\n      </p>\\n      <strong>Impossible</strong> means it cannot happen in our world given the laws of nature, but may happen in a fictional world (e.g., \\\"I painted the house with my mind.\\\"). \\n      <p>\\n      The remaining questions will check to make sure that you are paying attention to the study.\\n      <p>\\n    <h3>IMPORTANT:</h3>\\n    <ul>\\n      <li>Respond as quickly as you can.</li>\\n      <li>Answer the questions based on what is possible given the physical laws of the real world.</li>\\n      <li>There are no right or wrong answers. We are simply interested in your intuitions.</li>\\n      </ul>\\n    Once you are done reading this page, please press SPACEBAR to continue.\\n    </p>\\n  </div>\\n  \",\"response\":\" \",\"trial_type\":\"html-keyboard-response\",\"trial_index\":0,\"time_elapsed\":27498,\"internal_node_id\":\"0.0-0.0\",\"subject_id\":\"6657973f71415fecf81cda01\",\"study_id\":\"67f42c45dcad9370894e7bf9\",\"session_id\":\"67f42db8f192cb5e85c93ab0\",\"rng_seed\":\"0.39294125560275606\"},{\"rt\":15016,\"stimulus\":\"<div style=\\\"font-size:20px;\\\"><p>Which scenario is more impossible?</p>\\n  Reminder: <strong>Impossible</strong> means it cannot happen in our world given the laws of nature, but may happen in a fictional world (e.g., \\\"I painted the house with my mind.\\\"). </div>\",\"response\":0,\"pair_idx\":21,\"stimulus_0\":\"building a house out of\",\"stimulus_1\":\"baking a cake inside\",\"condition_0\":\"inconceivable\",\"condition_1\":\"inconceivable\",\"continuation_0\":\"language\",\"continuation_1\":\"a sigh\",\"id_0\":3,\"id_1\":0,\"context_0\":\"They do not have any brick, so they are\",\"context_1\":\"They do not have an oven, so they are\",\"task_type\":\"critical\",\"concept\":\"impossible\",\"trial_type\":\"html-button-response\",\"trial_index\":1,\"time_elapsed\":42516,\"internal_node_id\":\"0.0-1.0-0.0\",\"subject_id\":\"6657973f71415fecf81cda01\",\"study_id\":\"67f42c45dcad9370894e7bf9\",\"session_id\":\"67f42db8f192cb5e85c93ab0\",\"rng_seed\":\"0.39294125560275606\",\"provided_context\":true,\"choices\":[\"They do not have an oven, so they are baking a cake inside a sigh\",\"They do not have any brick, so they are building a house out of language\"]},{\"rt\":9099,\"stimulus\":\"<div style=\\\"font-size:20px;\\\"><p>Which scenario is more impossible?</p>\\n  Reminder: <strong>Impossible</strong> means it cannot happen in our world given the laws of nature, but may happen in a fictional world (e.g., \\\"I painted the house with my mind.\\\"). </div>\",\"response\":1,\"pair_idx\":10,\"stimulus_0\":\"denting a car with\",\"stimulus_1\":\"tightening a bolt using\",\"condition_0\":\"impossible\",\"condition_1\":\"impossible\",\"continuation_0\":\"a breeze\",\"continuation_1\":\"a house\",\"id_0\":23,\"id_1\":62,\"context_0\":\"They do not have a baseball bat, so they are\",\"context_1\":\"They do not have a wrench, so they are\",\"task_type\":\"critical\",\"concept\":\"impossible\",\"trial_type\":\"html-button-response\",\"trial_index\":2,\"time_elapsed\":51617,\"internal_node_id\":\"0.0-1.0-0.1\",\"subject_id\":\"6657973f71415fecf81cda01\",\"study_id\":\"67f42c45dcad9370894e7bf9\",\"session_id\":\"67f42db8f192cb5e85c93ab0\",\"rng_seed\":\"0.39294125560275606\",\"provided_context\":true,\"choices\":[\"They do not have a wrench, so they are tightening a bolt using a house\",\"They do not have a baseball bat, so they are denting a car with a breeze\"]},{\"rt\":7665,\"stimulus\":\"<div style=\\\"font-size:20px;\\\"><p>Which scenario is more impossible?</p>\\n  Reminder: <strong>Impossible</strong> means it cannot happen in our world given the laws of nature, but may happen in a fictional world (e.g., \\\"I painted the house with my mind.\\\"). </div>\",\"response\":0,\"pair_idx\":2,\"stimulus_0\":\"docking a boat using\",\"stimulus_1\":\"starting a fire using\",\"condition_0\":\"improbable\",\"condition_1\":\"improbable\",\"continuation_0\":\"an anvil\",\"continuation_1\":\"furniture\",\"id_0\":27,\"id_1\":59,\"context_0\":\"They do not have an anchor, so they are\",\"context_1\":\"They do not have kindling, so they are\",\"task_type\":\"critical\",\"concept\":\"impossible\",\"trial_type\":\"html-button-response\",\"trial_index\":3,\"time_elapsed\":59283,\"internal_node_id\":\"0.0-1.0-0.2\",\"subject_id\":\"6657973f71415fecf81cda01\",\"study_id\":\"67f42c45dcad9370894e7bf9\",\"session_id\":\"67f42db8f192cb5e85c93ab0\",\"rng_seed\":\"0.39294125560275606\",\"provided_context\":true,\"choices\":[\"They do not have an anchor, so they are docking a boat using an anvil\",\"They do not have kindling, so they are starting a fire using furniture\"]},{\"rt\":4750,\"stimulus\":\"<div style=\\\"font-size:20px;\\\"><p>Which scenario is more impossible?</p>\\n  Reminder: <strong>Impossible</strong> means it cannot happen in our world given the laws of nature, but may happen in a fictional world (e.g., \\\"I painted the house with my mind.\\\"). </div>\",\"response\":0,\"pair_idx\":4,\"stimulus_0\":\"making a sandwich using\",\"stimulus_1\":\"crafting a bowl out of\",\"condition_0\":\"improbable\",\"condition_1\":\"improbable\",\"continuation_0\":\"lettuce\",\"continuation_1\":\"mud\",\"id_0\":40,\"id_1\":19,\"context_0\":\"They do not have bread, so they are\",\"context_1\":\"They do not have clay, so they are\",\"task_type\":\"critical\",\"concept\":\"impossible\",\"trial_type\":\"html-button-response\",\"trial_index\":4,\"time_elapsed\":64034,\"internal_node_id\":\"0.0-1.0-0.3\",\"subject_id\":\"6657973f71415fecf81cda01\",\"study_id\":\"67f42c45dcad9370894e7bf9\",\"session_id\":\"67f42db8f192cb5e85c93ab0\",\"rng_seed\":\"0.39294125560275606\",\"provided_context\":true,\"choices\":[\"They do not have bread, so they are making a sandwich using lettuce\",\"They do not have clay, so they are crafting a bowl out of mud\"]},{\"rt\":7649,\"stimulus\":\"<div style=\\\"font-size:20px;\\\"><p>Which scenario is more impossible?</p>\\n  Reminder: <strong>Impossible</strong> means it cannot happen in our world given the laws of nature, but may happen in a fictional world (e.g., \\\"I painted the house with my mind.\\\"). </div>\",\"response\":0,\"pair_idx\":11,\"stimulus_0\":\"popping a balloon using\",\"stimulus_1\":\"chilling a drink using\",\"condition_0\":\"impossible\",\"condition_1\":\"impossible\",\"continuation_0\":\"cotton balls\",\"continuation_1\":\"fire\",\"id_0\":49,\"id_1\":9,\"context_0\":\"They do not have a thumbtack, so they are\",\"context_1\":\"They do not have any ice, so they are\",\"task_type\":\"critical\",\"concept\":\"impossible\",\"trial_type\":\"html-button-response\",\"trial_index\":5,\"time_elapsed\":71684,\"internal_node_id\":\"0.0-1.0-0.4\",\"subject_id\":\"6657973f71415fecf81cda01\",\"study_id\":\"67f42c45dcad9370894e7bf9\",\"session_id\":\"67f42db8f192cb5e85c93ab0\",\"rng_seed\":\"0.39294125560275606\",\"provided_context\":true,\"choices\":[\"They do not have any ice, so they are chilling a drink using fire\",\"They do not have a thumbtack, so they are popping a balloon using cotton balls\"]},{\"rt\":4798,\"stimulus\":\"<div style=\\\"font-size:20px;\\\"><p>Which scenario is more impossible?</p>\\n  Reminder: <strong>Impossible</strong> means it cannot happen in our world given the laws of nature, but may happen in a fictional world (e.g., \\\"I painted the house with my mind.\\\"). </div>\",\"response\":1,\"pair_idx\":8,\"stimulus_0\":\"digging a hole using\",\"stimulus_1\":\"turning an apple into\",\"condition_0\":\"impossible\",\"condition_1\":\"impossible\",\"continuation_0\":\"dirt\",\"continuation_1\":\"a cherry\",\"id_0\":24,\"id_1\":63,\"context_0\":\"They do not have a shovel, so they are\",\"context_1\":\"They do not like pie, so they are\",\"task_type\":\"critical\",\"concept\":\"impossible\",\"trial_type\":\"html-button-response\",\"trial_index\":6,\"time_elapsed\":76484,\"internal_node_id\":\"0.0-1.0-0.5\",\"subject_id\":\"6657973f71415fecf81cda01\",\"study_id\":\"67f42c45dcad9370894e7bf9\",\"session_id\":\"67f42db8f192cb5e85c93ab0\",\"rng_seed\":\"0.39294125560275606\",\"provided_context\":true,\"choices\":[\"They do not have a shovel, so they are digging a hole using dirt\",\"They do not like pie, so they are turning an apple into a cherry\"]},{\"rt\":4247,\"stimulus\":\"<div style=\\\"font-size:20px;\\\"><p>Which scenario is more impossible?</p>\\n  Reminder: <strong>Impossible</strong> means it cannot happen in our world given the laws of nature, but may happen in a fictional world (e.g., \\\"I painted the house with my mind.\\\"). </div>\",\"response\":1,\"pair_idx\":24,\"stimulus_0\":\"drinking a cup full of\",\"stimulus_1\":\"cutting cardboard using\",\"condition_0\":\"inconceivable\",\"condition_1\":\"inconceivable\",\"continuation_0\":\"minutes\",\"continuation_1\":\"a snore\",\"id_0\":28,\"id_1\":22,\"context_0\":\"They do not have water, so they are\",\"context_1\":\"They do not have scissors, so they are\",\"task_type\":\"critical\",\"concept\":\"impossible\",\"trial_type\":\"html-button-response\",\"trial_index\":7,\"time_elapsed\":80732,\"internal_node_id\":\"0.0-1.0-0.6\",\"subject_id\":\"6657973f71415fecf81cda01\",\"study_id\":\"67f42c45dcad9370894e7bf9\",\"session_id\":\"67f42db8f192cb5e85c93ab0\",\"rng_seed\":\"0.39294125560275606\",\"provided_context\":true,\"choices\":[\"They do not have scissors, so they are cutting cardboard using a snore\",\"They do not have water, so they are drinking a cup full of minutes\"]},{\"rt\":2583,\"stimulus\":\"<div style=\\\"font-size:20px;\\\"><p>Follow the instructions below.</p></div>\",\"response\":1,\"pair_idx\":24,\"stimulus_0\":\"drinking a cup full of\",\"stimulus_1\":\"cutting cardboard using\",\"condition_0\":\"inconceivable\",\"condition_1\":\"inconceivable\",\"continuation_0\":\"minutes\",\"continuation_1\":\"a snore\",\"id_0\":28,\"id_1\":22,\"context_0\":\"They do not have water, so they are\",\"context_1\":\"They do not have scissors, so they are\",\"task_type\":\"attention_check\",\"choices\":[\"Don't Click This Button!\",\"Click This Button!\"],\"trial_type\":\"html-button-response\",\"trial_index\":8,\"time_elapsed\":83317,\"internal_node_id\":\"0.0-1.0-1.6-0.6\",\"subject_id\":\"6657973f71415fecf81cda01\",\"study_id\":\"67f42c45dcad9370894e7bf9\",\"session_id\":\"67f42db8f192cb5e85c93ab0\",\"rng_seed\":\"0.39294125560275606\"},{\"rt\":9915,\"stimulus\":\"<div style=\\\"font-size:20px;\\\"><p>Which scenario is more impossible?</p>\\n  Reminder: <strong>Impossible</strong> means it cannot happen in our world given the laws of nature, but may happen in a fictional world (e.g., \\\"I painted the house with my mind.\\\"). </div>\",\"response\":0,\"pair_idx\":30,\"stimulus_0\":\"breaking a coconut using\",\"stimulus_1\":\"carving a statue using\",\"condition_0\":\"impossible\",\"condition_1\":\"inconceivable\",\"continuation_0\":\"a pillow\",\"continuation_1\":\"laughter\",\"id_0\":2,\"id_1\":7,\"context_0\":\"They do not have a rock, so they are\",\"context_1\":\"They do not have a chisel, so they are\",\"task_type\":\"critical\",\"concept\":\"impossible\",\"trial_type\":\"html-button-response\",\"trial_index\":9,\"time_elapsed\":93233,\"internal_node_id\":\"0.0-1.0-0.7\",\"subject_id\":\"6657973f71415fecf81cda01\",\"study_id\":\"67f42c45dcad9370894e7bf9\",\"session_id\":\"67f42db8f192cb5e85c93ab0\",\"rng_seed\":\"0.39294125560275606\",\"provided_context\":true,\"choices\":[\"They do not have a chisel, so they are carving a statue using laughter\",\"They do not have a rock, so they are breaking a coconut using a pillow\"]},{\"rt\":5449,\"stimulus\":\"<div style=\\\"font-size:20px;\\\"><p>Which scenario is more impossible?</p>\\n  Reminder: <strong>Impossible</strong> means it cannot happen in our world given the laws of nature, but may happen in a fictional world (e.g., \\\"I painted the house with my mind.\\\"). </div>\",\"response\":1,\"pair_idx\":1,\"stimulus_0\":\"cooking dinner out of\",\"stimulus_1\":\"wearing shoes made of\",\"condition_0\":\"improbable\",\"condition_1\":\"improbable\",\"continuation_0\":\"insects\",\"continuation_1\":\"wood\",\"id_0\":16,\"id_1\":66,\"context_0\":\"They do not have pasta, so they are\",\"context_1\":\"They do not own any leather, so they are\",\"task_type\":\"critical\",\"concept\":\"impossible\",\"trial_type\":\"html-button-response\",\"trial_index\":10,\"time_elapsed\":98684,\"internal_node_id\":\"0.0-1.0-0.8\",\"subject_id\":\"6657973f71415fecf81cda01\",\"study_id\":\"67f42c45dcad9370894e7bf9\",\"session_id\":\"67f42db8f192cb5e85c93ab0\",\"rng_seed\":\"0.39294125560275606\",\"provided_context\":true,\"choices\":[\"They do not own any leather, so they are wearing shoes made of wood\",\"They do not have pasta, so they are cooking dinner out of insects\"]},{\"rt\":3415,\"stimulus\":\"<div style=\\\"font-size:20px;\\\"><p>Which scenario is more impossible?</p>\\n  Reminder: <strong>Impossible</strong> means it cannot happen in our world given the laws of nature, but may happen in a fictional world (e.g., \\\"I painted the house with my mind.\\\"). </div>\",\"response\":1,\"pair_idx\":14,\"stimulus_0\":\"squeezing juice from\",\"stimulus_1\":\"packing a suit inside\",\"condition_0\":\"improbable\",\"condition_1\":\"impossible\",\"continuation_0\":\"meat\",\"continuation_1\":\"a raspberry\",\"id_0\":57,\"id_1\":44,\"context_0\":\"They do not have an orange, so they are\",\"context_1\":\"They do not have a suitcase, so they are\",\"task_type\":\"critical\",\"concept\":\"impossible\",\"trial_type\":\"html-button-response\",\"trial_index\":11,\"time_elapsed\":102100,\"internal_node_id\":\"0.0-1.0-0.9\",\"subject_id\":\"6657973f71415fecf81cda01\",\"study_id\":\"67f42c45dcad9370894e7bf9\",\"session_id\":\"67f42db8f192cb5e85c93ab0\",\"rng_seed\":\"0.39294125560275606\",\"provided_context\":true,\"choices\":[\"They do not have a suitcase, so they are packing a suit inside a raspberry\",\"They do not have an orange, so they are squeezing juice from meat\"]},{\"rt\":5065,\"stimulus\":\"<div style=\\\"font-size:20px;\\\"><p>Which scenario is more impossible?</p>\\n  Reminder: <strong>Impossible</strong> means it cannot happen in our world given the laws of nature, but may happen in a fictional world (e.g., \\\"I painted the house with my mind.\\\"). </div>\",\"response\":0,\"pair_idx\":20,\"stimulus_0\":\"constructing a tower out of\",\"stimulus_1\":\"cleaning a spill using\",\"condition_0\":\"improbable\",\"condition_1\":\"impossible\",\"continuation_0\":\"bubbles\",\"continuation_1\":\"mustard\",\"id_0\":15,\"id_1\":11,\"context_0\":\"They do not have blocks, so they are\",\"context_1\":\"They do not have a sponge, so they are\",\"task_type\":\"critical\",\"concept\":\"impossible\",\"trial_type\":\"html-button-response\",\"trial_index\":12,\"time_elapsed\":107167,\"internal_node_id\":\"0.0-1.0-0.10\",\"subject_id\":\"6657973f71415fecf81cda01\",\"study_id\":\"67f42c45dcad9370894e7bf9\",\"session_id\":\"67f42db8f192cb5e85c93ab0\",\"rng_seed\":\"0.39294125560275606\",\"provided_context\":true,\"choices\":[\"They do not have blocks, so they are constructing a tower out of bubbles\",\"They do not have a sponge, so they are cleaning a spill using mustard\"]},{\"rt\":8064,\"stimulus\":\"<div style=\\\"font-size:20px;\\\"><p>Which scenario is more impossible?</p>\\n  Reminder: <strong>Impossible</strong> means it cannot happen in our world given the laws of nature, but may happen in a fictional world (e.g., \\\"I painted the house with my mind.\\\"). </div>\",\"response\":0,\"pair_idx\":17,\"stimulus_0\":\"closing a jacket using\",\"stimulus_1\":\"cooling a room using\",\"condition_0\":\"improbable\",\"condition_1\":\"impossible\",\"continuation_0\":\"glue\",\"continuation_1\":\"a heater\",\"id_0\":14,\"id_1\":17,\"context_0\":\"They do not have a zipper, so they are\",\"context_1\":\"They do not have a fan, so they are\",\"task_type\":\"critical\",\"concept\":\"impossible\",\"trial_type\":\"html-button-response\",\"trial_index\":13,\"time_elapsed\":115232,\"internal_node_id\":\"0.0-1.0-0.11\",\"subject_id\":\"6657973f71415fecf81cda01\",\"study_id\":\"67f42c45dcad9370894e7bf9\",\"session_id\":\"67f42db8f192cb5e85c93ab0\",\"rng_seed\":\"0.39294125560275606\",\"provided_context\":true,\"choices\":[\"They do not have a fan, so they are cooling a room using a heater\",\"They do not have a zipper, so they are closing a jacket using glue\"]},{\"rt\":6367,\"stimulus\":\"<div style=\\\"font-size:20px;\\\"><p>Which scenario is more impossible?</p>\\n  Reminder: <strong>Impossible</strong> means it cannot happen in our world given the laws of nature, but may happen in a fictional world (e.g., \\\"I painted the house with my mind.\\\"). </div>\",\"response\":1,\"pair_idx\":32,\"stimulus_0\":\"drying [POSS] hands using\",\"stimulus_1\":\"climbing a tree using\",\"condition_0\":\"impossible\",\"condition_1\":\"inconceivable\",\"continuation_0\":\"a liquid\",\"continuation_1\":\"a poem\",\"id_0\":29,\"id_1\":13,\"context_0\":\"They do not have a towel, so they are\",\"context_1\":\"They do not have a ladder, so they are\",\"task_type\":\"critical\",\"concept\":\"impossible\",\"trial_type\":\"html-button-response\",\"trial_index\":14,\"time_elapsed\":121600,\"internal_node_id\":\"0.0-1.0-0.12\",\"subject_id\":\"6657973f71415fecf81cda01\",\"study_id\":\"67f42c45dcad9370894e7bf9\",\"session_id\":\"67f42db8f192cb5e85c93ab0\",\"rng_seed\":\"0.39294125560275606\",\"provided_context\":true,\"choices\":[\"They do not have a towel, so they are drying their hands using a liquid\",\"They do not have a ladder, so they are climbing a tree using a poem\"]},{\"rt\":5499,\"stimulus\":\"<div style=\\\"font-size:20px;\\\"><p>Which scenario is more impossible?</p>\\n  Reminder: <strong>Impossible</strong> means it cannot happen in our world given the laws of nature, but may happen in a fictional world (e.g., \\\"I painted the house with my mind.\\\"). </div>\",\"response\":0,\"pair_idx\":26,\"stimulus_0\":\"taking a vacation to\",\"stimulus_1\":\"lifting a box using\",\"condition_0\":\"inconceivable\",\"condition_1\":\"inconceivable\",\"continuation_0\":\"a verb\",\"continuation_1\":\"an emotion\",\"id_0\":61,\"id_1\":38,\"context_0\":\"They are not near the beach, so they are\",\"context_1\":\"They do not have a forklift, so they are\",\"task_type\":\"critical\",\"concept\":\"impossible\",\"trial_type\":\"html-button-response\",\"trial_index\":15,\"time_elapsed\":127101,\"internal_node_id\":\"0.0-1.0-0.13\",\"subject_id\":\"6657973f71415fecf81cda01\",\"study_id\":\"67f42c45dcad9370894e7bf9\",\"session_id\":\"67f42db8f192cb5e85c93ab0\",\"rng_seed\":\"0.39294125560275606\",\"provided_context\":true,\"choices\":[\"They do not have a forklift, so they are lifting a box using an emotion\",\"They are not near the beach, so they are taking a vacation to a verb\"]},{\"rt\":1699,\"stimulus\":\"<div style=\\\"font-size:20px;\\\"><p>Follow the instructions below.</p></div>\",\"response\":0,\"pair_idx\":26,\"stimulus_0\":\"taking a vacation to\",\"stimulus_1\":\"lifting a box using\",\"condition_0\":\"inconceivable\",\"condition_1\":\"inconceivable\",\"continuation_0\":\"a verb\",\"continuation_1\":\"an emotion\",\"id_0\":61,\"id_1\":38,\"context_0\":\"They are not near the beach, so they are\",\"context_1\":\"They do not have a forklift, so they are\",\"task_type\":\"attention_check\",\"choices\":[\"Click This Button!\",\"Don't Click This Button!\"],\"trial_type\":\"html-button-response\",\"trial_index\":16,\"time_elapsed\":128800,\"internal_node_id\":\"0.0-1.0-1.13-0.13\",\"subject_id\":\"6657973f71415fecf81cda01\",\"study_id\":\"67f42c45dcad9370894e7bf9\",\"session_id\":\"67f42db8f192cb5e85c93ab0\",\"rng_seed\":\"0.39294125560275606\"},{\"rt\":5367,\"stimulus\":\"<div style=\\\"font-size:20px;\\\"><p>Which scenario is more impossible?</p>\\n  Reminder: <strong>Impossible</strong> means it cannot happen in our world given the laws of nature, but may happen in a fictional world (e.g., \\\"I painted the house with my mind.\\\"). </div>\",\"response\":0,\"pair_idx\":34,\"stimulus_0\":\"covering a window using\",\"stimulus_1\":\"cleaning a carpet using\",\"condition_0\":\"impossible\",\"condition_1\":\"inconceivable\",\"continuation_0\":\"a hair\",\"continuation_1\":\"a week\",\"id_0\":18,\"id_1\":12,\"context_0\":\"They do not have curtains, so they are\",\"context_1\":\"They do not have a vacuum, so they are\",\"task_type\":\"critical\",\"concept\":\"impossible\",\"trial_type\":\"html-button-response\",\"trial_index\":17,\"time_elapsed\":134168,\"internal_node_id\":\"0.0-1.0-0.14\",\"subject_id\":\"6657973f71415fecf81cda01\",\"study_id\":\"67f42c45dcad9370894e7bf9\",\"session_id\":\"67f42db8f192cb5e85c93ab0\",\"rng_seed\":\"0.39294125560275606\",\"provided_context\":true,\"choices\":[\"They do not have a vacuum, so they are cleaning a carpet using a week\",\"They do not have curtains, so they are covering a window using a hair\"]},{\"rt\":4696,\"stimulus\":\"<div style=\\\"font-size:20px;\\\"><p>Which scenario is more impossible?</p>\\n  Reminder: <strong>Impossible</strong> means it cannot happen in our world given the laws of nature, but may happen in a fictional world (e.g., \\\"I painted the house with my mind.\\\"). </div>\",\"response\":0,\"pair_idx\":27,\"stimulus_0\":\"rinsing fruit using\",\"stimulus_1\":\"unlocking a door using\",\"condition_0\":\"inconceivable\",\"condition_1\":\"inconceivable\",\"continuation_0\":\"a giggle\",\"continuation_1\":\"a lie\",\"id_0\":51,\"id_1\":64,\"context_0\":\"They do not have a sink, so they are\",\"context_1\":\"They do not have a key, so they are\",\"task_type\":\"critical\",\"concept\":\"impossible\",\"trial_type\":\"html-button-response\",\"trial_index\":18,\"time_elapsed\":138865,\"internal_node_id\":\"0.0-1.0-0.15\",\"subject_id\":\"6657973f71415fecf81cda01\",\"study_id\":\"67f42c45dcad9370894e7bf9\",\"session_id\":\"67f42db8f192cb5e85c93ab0\",\"rng_seed\":\"0.39294125560275606\",\"provided_context\":true,\"choices\":[\"They do not have a key, so they are unlocking a door using a lie\",\"They do not have a sink, so they are rinsing fruit using a giggle\"]},{\"rt\":3449,\"stimulus\":\"<div style=\\\"font-size:20px;\\\"><p>Which scenario is more impossible?</p>\\n  Reminder: <strong>Impossible</strong> means it cannot happen in our world given the laws of nature, but may happen in a fictional world (e.g., \\\"I painted the house with my mind.\\\"). </div>\",\"response\":1,\"pair_idx\":6,\"stimulus_0\":\"eating soup using\",\"stimulus_1\":\"building a bridge out of\",\"condition_0\":\"improbable\",\"condition_1\":\"improbable\",\"continuation_0\":\"a bucket\",\"continuation_1\":\"plastic\",\"id_0\":31,\"id_1\":4,\"context_0\":\"They do not have a spoon, so they are\",\"context_1\":\"They do not have any steel, so they are\",\"task_type\":\"critical\",\"concept\":\"impossible\",\"trial_type\":\"html-button-response\",\"trial_index\":19,\"time_elapsed\":142315,\"internal_node_id\":\"0.0-1.0-0.16\",\"subject_id\":\"6657973f71415fecf81cda01\",\"study_id\":\"67f42c45dcad9370894e7bf9\",\"session_id\":\"67f42db8f192cb5e85c93ab0\",\"rng_seed\":\"0.39294125560275606\",\"provided_context\":true,\"choices\":[\"They do not have any steel, so they are building a bridge out of plastic\",\"They do not have a spoon, so they are eating soup using a bucket\"]},{\"rt\":1832,\"stimulus\":\"<div style=\\\"font-size:20px;\\\"><p>Which scenario is more impossible?</p>\\n  Reminder: <strong>Impossible</strong> means it cannot happen in our world given the laws of nature, but may happen in a fictional world (e.g., \\\"I painted the house with my mind.\\\"). </div>\",\"response\":1,\"pair_idx\":23,\"stimulus_0\":\"making a smoothie using\",\"stimulus_1\":\"painting a wall using\",\"condition_0\":\"inconceivable\",\"condition_1\":\"inconceivable\",\"continuation_0\":\"decades\",\"continuation_1\":\"a whisper\",\"id_0\":41,\"id_1\":45,\"context_0\":\"They do not have a blender, so they are\",\"context_1\":\"They do not have a brush, so they are\",\"task_type\":\"critical\",\"concept\":\"impossible\",\"trial_type\":\"html-button-response\",\"trial_index\":20,\"time_elapsed\":144149,\"internal_node_id\":\"0.0-1.0-0.17\",\"subject_id\":\"6657973f71415fecf81cda01\",\"study_id\":\"67f42c45dcad9370894e7bf9\",\"session_id\":\"67f42db8f192cb5e85c93ab0\",\"rng_seed\":\"0.39294125560275606\",\"provided_context\":true,\"choices\":[\"They do not have a blender, so they are making a smoothie using decades\",\"They do not have a brush, so they are painting a wall using a whisper\"]},{\"rt\":3484,\"stimulus\":\"<div style=\\\"font-size:20px;\\\"><p>Which scenario is more impossible?</p>\\n  Reminder: <strong>Impossible</strong> means it cannot happen in our world given the laws of nature, but may happen in a fictional world (e.g., \\\"I painted the house with my mind.\\\"). </div>\",\"response\":0,\"pair_idx\":29,\"stimulus_0\":\"calling a friend using\",\"stimulus_1\":\"hiding a gift inside\",\"condition_0\":\"impossible\",\"condition_1\":\"inconceivable\",\"continuation_0\":\"a sandwich\",\"continuation_1\":\"a gasp\",\"id_0\":5,\"id_1\":37,\"context_0\":\"They do not have a phone, so they are\",\"context_1\":\"They do not have a closet, so they are\",\"task_type\":\"critical\",\"concept\":\"impossible\",\"trial_type\":\"html-button-response\",\"trial_index\":21,\"time_elapsed\":147634,\"internal_node_id\":\"0.0-1.0-0.18\",\"subject_id\":\"6657973f71415fecf81cda01\",\"study_id\":\"67f42c45dcad9370894e7bf9\",\"session_id\":\"67f42db8f192cb5e85c93ab0\",\"rng_seed\":\"0.39294125560275606\",\"provided_context\":true,\"choices\":[\"They do not have a closet, so they are hiding a gift inside a gasp\",\"They do not have a phone, so they are calling a friend using a sandwich\"]},{\"rt\":4181,\"stimulus\":\"<div style=\\\"font-size:20px;\\\"><p>Which scenario is more impossible?</p>\\n  Reminder: <strong>Impossible</strong> means it cannot happen in our world given the laws of nature, but may happen in a fictional world (e.g., \\\"I painted the house with my mind.\\\"). </div>\",\"response\":1,\"pair_idx\":3,\"stimulus_0\":\"filling a bucket with\",\"stimulus_1\":\"cutting grass using\",\"condition_0\":\"improbable\",\"condition_1\":\"improbable\",\"continuation_0\":\"acorns\",\"continuation_1\":\"a scythe\",\"id_0\":33,\"id_1\":21,\"context_0\":\"They are not near sand, so they are\",\"context_1\":\"They do not have a lawnmower, so they are\",\"task_type\":\"critical\",\"concept\":\"impossible\",\"trial_type\":\"html-button-response\",\"trial_index\":22,\"time_elapsed\":151817,\"internal_node_id\":\"0.0-1.0-0.19\",\"subject_id\":\"6657973f71415fecf81cda01\",\"study_id\":\"67f42c45dcad9370894e7bf9\",\"session_id\":\"67f42db8f192cb5e85c93ab0\",\"rng_seed\":\"0.39294125560275606\",\"provided_context\":true,\"choices\":[\"They do not have a lawnmower, so they are cutting grass using a scythe\",\"They are not near sand, so they are filling a bucket with acorns\"]},{\"rt\":3864,\"stimulus\":\"<div style=\\\"font-size:20px;\\\"><p>Which scenario is more impossible?</p>\\n  Reminder: <strong>Impossible</strong> means it cannot happen in our world given the laws of nature, but may happen in a fictional world (e.g., \\\"I painted the house with my mind.\\\"). </div>\",\"response\":1,\"pair_idx\":22,\"stimulus_0\":\"squishing a blueberry using\",\"stimulus_1\":\"dipping a biscuit into\",\"condition_0\":\"inconceivable\",\"condition_1\":\"inconceivable\",\"continuation_0\":\"a sight\",\"continuation_1\":\"a myth\",\"id_0\":58,\"id_1\":25,\"context_0\":\"They do not have fingers, so they are\",\"context_1\":\"They do not have coffee, so they are\",\"task_type\":\"critical\",\"concept\":\"impossible\",\"trial_type\":\"html-button-response\",\"trial_index\":23,\"time_elapsed\":155682,\"internal_node_id\":\"0.0-1.0-0.20\",\"subject_id\":\"6657973f71415fecf81cda01\",\"study_id\":\"67f42c45dcad9370894e7bf9\",\"session_id\":\"67f42db8f192cb5e85c93ab0\",\"rng_seed\":\"0.39294125560275606\",\"provided_context\":true,\"choices\":[\"They do not have fingers, so they are squishing a blueberry using a sight\",\"They do not have coffee, so they are dipping a biscuit into a myth\"]},{\"rt\":1584,\"stimulus\":\"<div style=\\\"font-size:20px;\\\"><p>Follow the instructions below.</p></div>\",\"response\":1,\"pair_idx\":22,\"stimulus_0\":\"squishing a blueberry using\",\"stimulus_1\":\"dipping a biscuit into\",\"condition_0\":\"inconceivable\",\"condition_1\":\"inconceivable\",\"continuation_0\":\"a sight\",\"continuation_1\":\"a myth\",\"id_0\":58,\"id_1\":25,\"context_0\":\"They do not have fingers, so they are\",\"context_1\":\"They do not have coffee, so they are\",\"task_type\":\"attention_check\",\"choices\":[\"Don't Click This Button!\",\"Click This Button!\"],\"trial_type\":\"html-button-response\",\"trial_index\":24,\"time_elapsed\":157267,\"internal_node_id\":\"0.0-1.0-1.20-0.20\",\"subject_id\":\"6657973f71415fecf81cda01\",\"study_id\":\"67f42c45dcad9370894e7bf9\",\"session_id\":\"67f42db8f192cb5e85c93ab0\",\"rng_seed\":\"0.39294125560275606\"},{\"rt\":4933,\"stimulus\":\"<div style=\\\"font-size:20px;\\\"><p>Which scenario is more impossible?</p>\\n  Reminder: <strong>Impossible</strong> means it cannot happen in our world given the laws of nature, but may happen in a fictional world (e.g., \\\"I painted the house with my mind.\\\"). </div>\",\"response\":0,\"pair_idx\":7,\"stimulus_0\":\"wrapping a present using\",\"stimulus_1\":\"crushing a soda can using\",\"condition_0\":\"impossible\",\"condition_1\":\"impossible\",\"continuation_0\":\"ketchup\",\"continuation_1\":\"a tissue\",\"id_0\":67,\"id_1\":20,\"context_0\":\"They do not have paper, so they are\",\"context_1\":\"They do not have a shoe, so they are\",\"task_type\":\"critical\",\"concept\":\"impossible\",\"trial_type\":\"html-button-response\",\"trial_index\":25,\"time_elapsed\":162201,\"internal_node_id\":\"0.0-1.0-0.21\",\"subject_id\":\"6657973f71415fecf81cda01\",\"study_id\":\"67f42c45dcad9370894e7bf9\",\"session_id\":\"67f42db8f192cb5e85c93ab0\",\"rng_seed\":\"0.39294125560275606\",\"provided_context\":true,\"choices\":[\"They do not have paper, so they are wrapping a present using ketchup\",\"They do not have a shoe, so they are crushing a soda can using a tissue\"]},{\"rt\":4834,\"stimulus\":\"<div style=\\\"font-size:20px;\\\"><p>Which scenario is more impossible?</p>\\n  Reminder: <strong>Impossible</strong> means it cannot happen in our world given the laws of nature, but may happen in a fictional world (e.g., \\\"I painted the house with my mind.\\\"). </div>\",\"response\":0,\"pair_idx\":9,\"stimulus_0\":\"hanging a painting using\",\"stimulus_1\":\"paving a road using\",\"condition_0\":\"impossible\",\"condition_1\":\"impossible\",\"continuation_0\":\"vapor\",\"continuation_1\":\"a comet\",\"id_0\":36,\"id_1\":46,\"context_0\":\"They do not have screws, so they are\",\"context_1\":\"They do not have cement, so they are\",\"task_type\":\"critical\",\"concept\":\"impossible\",\"trial_type\":\"html-button-response\",\"trial_index\":26,\"time_elapsed\":167036,\"internal_node_id\":\"0.0-1.0-0.22\",\"subject_id\":\"6657973f71415fecf81cda01\",\"study_id\":\"67f42c45dcad9370894e7bf9\",\"session_id\":\"67f42db8f192cb5e85c93ab0\",\"rng_seed\":\"0.39294125560275606\",\"provided_context\":true,\"choices\":[\"They do not have screws, so they are hanging a painting using vapor\",\"They do not have cement, so they are paving a road using a comet\"]},{\"rt\":3714,\"stimulus\":\"<div style=\\\"font-size:20px;\\\"><p>Which scenario is more impossible?</p>\\n  Reminder: <strong>Impossible</strong> means it cannot happen in our world given the laws of nature, but may happen in a fictional world (e.g., \\\"I painted the house with my mind.\\\"). </div>\",\"response\":0,\"pair_idx\":12,\"stimulus_0\":\"splitting a log using\",\"stimulus_1\":\"polishing jewelry using\",\"condition_0\":\"impossible\",\"condition_1\":\"impossible\",\"continuation_0\":\"a feather\",\"continuation_1\":\"a chainsaw\",\"id_0\":56,\"id_1\":48,\"context_0\":\"They do not have an axe, so they are\",\"context_1\":\"They do not have a cloth, so they are\",\"task_type\":\"critical\",\"concept\":\"impossible\",\"trial_type\":\"html-button-response\",\"trial_index\":27,\"time_elapsed\":170751,\"internal_node_id\":\"0.0-1.0-0.23\",\"subject_id\":\"6657973f71415fecf81cda01\",\"study_id\":\"67f42c45dcad9370894e7bf9\",\"session_id\":\"67f42db8f192cb5e85c93ab0\",\"rng_seed\":\"0.39294125560275606\",\"provided_context\":true,\"choices\":[\"They do not have an axe, so they are splitting a log using a feather\",\"They do not have a cloth, so they are polishing jewelry using a chainsaw\"]},{\"rt\":3830,\"stimulus\":\"<div style=\\\"font-size:20px;\\\"><p>Which scenario is more impossible?</p>\\n  Reminder: <strong>Impossible</strong> means it cannot happen in our world given the laws of nature, but may happen in a fictional world (e.g., \\\"I painted the house with my mind.\\\"). </div>\",\"response\":1,\"pair_idx\":13,\"stimulus_0\":\"removing a stain using\",\"stimulus_1\":\"displaying books on\",\"condition_0\":\"impossible\",\"condition_1\":\"impossible\",\"continuation_0\":\"dirt\",\"continuation_1\":\"a galaxy\",\"id_0\":50,\"id_1\":26,\"context_0\":\"They do not have bleach, so they are\",\"context_1\":\"They do not have a shelf, so they are\",\"task_type\":\"critical\",\"concept\":\"impossible\",\"trial_type\":\"html-button-response\",\"trial_index\":28,\"time_elapsed\":174582,\"internal_node_id\":\"0.0-1.0-0.24\",\"subject_id\":\"6657973f71415fecf81cda01\",\"study_id\":\"67f42c45dcad9370894e7bf9\",\"session_id\":\"67f42db8f192cb5e85c93ab0\",\"rng_seed\":\"0.39294125560275606\",\"provided_context\":true,\"choices\":[\"They do not have bleach, so they are removing a stain using dirt\",\"They do not have a shelf, so they are displaying books on a galaxy\"]},{\"rt\":2618,\"stimulus\":\"<div style=\\\"font-size:20px;\\\"><p>Which scenario is more impossible?</p>\\n  Reminder: <strong>Impossible</strong> means it cannot happen in our world given the laws of nature, but may happen in a fictional world (e.g., \\\"I painted the house with my mind.\\\"). </div>\",\"response\":1,\"pair_idx\":28,\"stimulus_0\":\"shaving [POSS] beard using\",\"stimulus_1\":\"writing an equation on\",\"condition_0\":\"impossible\",\"condition_1\":\"inconceivable\",\"continuation_0\":\"a teabag\",\"continuation_1\":\"a scream\",\"id_0\":54,\"id_1\":69,\"context_0\":\"They do not have a razor, so they are\",\"context_1\":\"They do not have a chalkboard, so they are\",\"task_type\":\"critical\",\"concept\":\"impossible\",\"trial_type\":\"html-button-response\",\"trial_index\":29,\"time_elapsed\":177201,\"internal_node_id\":\"0.0-1.0-0.25\",\"subject_id\":\"6657973f71415fecf81cda01\",\"study_id\":\"67f42c45dcad9370894e7bf9\",\"session_id\":\"67f42db8f192cb5e85c93ab0\",\"rng_seed\":\"0.39294125560275606\",\"provided_context\":true,\"choices\":[\"They do not have a razor, so they are shaving their beard using a teabag\",\"They do not have a chalkboard, so they are writing an equation on a scream\"]},{\"rt\":2115,\"stimulus\":\"<div style=\\\"font-size:20px;\\\"><p>Which scenario is more impossible?</p>\\n  Reminder: <strong>Impossible</strong> means it cannot happen in our world given the laws of nature, but may happen in a fictional world (e.g., \\\"I painted the house with my mind.\\\"). </div>\",\"response\":1,\"pair_idx\":25,\"stimulus_0\":\"storing dishes inside\",\"stimulus_1\":\"catching a fish in\",\"condition_0\":\"inconceivable\",\"condition_1\":\"inconceivable\",\"continuation_0\":\"an equation\",\"continuation_1\":\"an exclamation\",\"id_0\":60,\"id_1\":8,\"context_0\":\"They do not have a cabinet, so they are\",\"context_1\":\"They are not near a lake, so they are\",\"task_type\":\"critical\",\"concept\":\"impossible\",\"trial_type\":\"html-button-response\",\"trial_index\":30,\"time_elapsed\":179317,\"internal_node_id\":\"0.0-1.0-0.26\",\"subject_id\":\"6657973f71415fecf81cda01\",\"study_id\":\"67f42c45dcad9370894e7bf9\",\"session_id\":\"67f42db8f192cb5e85c93ab0\",\"rng_seed\":\"0.39294125560275606\",\"provided_context\":true,\"choices\":[\"They are not near a lake, so they are catching a fish in an exclamation\",\"They do not have a cabinet, so they are storing dishes inside an equation\"]},{\"rt\":3013,\"stimulus\":\"<div style=\\\"font-size:20px;\\\"><p>Which scenario is more impossible?</p>\\n  Reminder: <strong>Impossible</strong> means it cannot happen in our world given the laws of nature, but may happen in a fictional world (e.g., \\\"I painted the house with my mind.\\\"). </div>\",\"response\":1,\"pair_idx\":5,\"stimulus_0\":\"shattering a window using\",\"stimulus_1\":\"sewing a shirt using\",\"condition_0\":\"improbable\",\"condition_1\":\"improbable\",\"continuation_0\":\"a frisbee\",\"continuation_1\":\"a toothpick\",\"id_0\":53,\"id_1\":52,\"context_0\":\"They do not have a stone, so they are\",\"context_1\":\"They do not have a needle, so they are\",\"task_type\":\"critical\",\"concept\":\"impossible\",\"trial_type\":\"html-button-response\",\"trial_index\":31,\"time_elapsed\":182332,\"internal_node_id\":\"0.0-1.0-0.27\",\"subject_id\":\"6657973f71415fecf81cda01\",\"study_id\":\"67f42c45dcad9370894e7bf9\",\"session_id\":\"67f42db8f192cb5e85c93ab0\",\"rng_seed\":\"0.39294125560275606\",\"provided_context\":true,\"choices\":[\"They do not have a needle, so they are sewing a shirt using a toothpick\",\"They do not have a stone, so they are shattering a window using a frisbee\"]},{\"rt\":1417,\"stimulus\":\"<div style=\\\"font-size:20px;\\\"><p>Follow the instructions below.</p></div>\",\"response\":1,\"pair_idx\":5,\"stimulus_0\":\"shattering a window using\",\"stimulus_1\":\"sewing a shirt using\",\"condition_0\":\"improbable\",\"condition_1\":\"improbable\",\"continuation_0\":\"a frisbee\",\"continuation_1\":\"a toothpick\",\"id_0\":53,\"id_1\":52,\"context_0\":\"They do not have a stone, so they are\",\"context_1\":\"They do not have a needle, so they are\",\"task_type\":\"attention_check\",\"choices\":[\"Don't Click This Button!\",\"Click This Button!\"],\"trial_type\":\"html-button-response\",\"trial_index\":32,\"time_elapsed\":183749,\"internal_node_id\":\"0.0-1.0-1.27-0.27\",\"subject_id\":\"6657973f71415fecf81cda01\",\"study_id\":\"67f42c45dcad9370894e7bf9\",\"session_id\":\"67f42db8f192cb5e85c93ab0\",\"rng_seed\":\"0.39294125560275606\"},{\"rt\":3717,\"stimulus\":\"<div style=\\\"font-size:20px;\\\"><p>Which scenario is more impossible?</p>\\n  Reminder: <strong>Impossible</strong> means it cannot happen in our world given the laws of nature, but may happen in a fictional world (e.g., \\\"I painted the house with my mind.\\\"). </div>\",\"response\":0,\"pair_idx\":33,\"stimulus_0\":\"washing [POSS] hair using\",\"stimulus_1\":\"smashing a pumpkin using\",\"condition_0\":\"impossible\",\"condition_1\":\"inconceivable\",\"continuation_0\":\"a rainbow\",\"continuation_1\":\"a number\",\"id_0\":65,\"id_1\":55,\"context_0\":\"They do not have shampoo, so they are\",\"context_1\":\"They do not have a hammer, so they are\",\"task_type\":\"critical\",\"concept\":\"impossible\",\"trial_type\":\"html-button-response\",\"trial_index\":33,\"time_elapsed\":187468,\"internal_node_id\":\"0.0-1.0-0.28\",\"subject_id\":\"6657973f71415fecf81cda01\",\"study_id\":\"67f42c45dcad9370894e7bf9\",\"session_id\":\"67f42db8f192cb5e85c93ab0\",\"rng_seed\":\"0.39294125560275606\",\"provided_context\":true,\"choices\":[\"They do not have shampoo, so they are washing their hair using a rainbow\",\"They do not have a hammer, so they are smashing a pumpkin using a number\"]},{\"rt\":4181,\"stimulus\":\"<div style=\\\"font-size:20px;\\\"><p>Which scenario is more impossible?</p>\\n  Reminder: <strong>Impossible</strong> means it cannot happen in our world given the laws of nature, but may happen in a fictional world (e.g., \\\"I painted the house with my mind.\\\"). </div>\",\"response\":1,\"pair_idx\":0,\"stimulus_0\":\"chopping a carrot using\",\"stimulus_1\":\"plucking a hair using\",\"condition_0\":\"improbable\",\"condition_1\":\"improbable\",\"continuation_0\":\"a sword\",\"continuation_1\":\"tongs\",\"id_0\":10,\"id_1\":47,\"context_0\":\"They do not have a knife, so they are\",\"context_1\":\"They do not have tweezers, so they are\",\"task_type\":\"critical\",\"concept\":\"impossible\",\"trial_type\":\"html-button-response\",\"trial_index\":34,\"time_elapsed\":191650,\"internal_node_id\":\"0.0-1.0-0.29\",\"subject_id\":\"6657973f71415fecf81cda01\",\"study_id\":\"67f42c45dcad9370894e7bf9\",\"session_id\":\"67f42db8f192cb5e85c93ab0\",\"rng_seed\":\"0.39294125560275606\",\"provided_context\":true,\"choices\":[\"They do not have a knife, so they are chopping a carrot using a sword\",\"They do not have tweezers, so they are plucking a hair using tongs\"]},{\"rt\":4098,\"stimulus\":\"<div style=\\\"font-size:20px;\\\"><p>Which scenario is more impossible?</p>\\n  Reminder: <strong>Impossible</strong> means it cannot happen in our world given the laws of nature, but may happen in a fictional world (e.g., \\\"I painted the house with my mind.\\\"). </div>\",\"response\":1,\"pair_idx\":31,\"stimulus_0\":\"entering a room through\",\"stimulus_1\":\"melting a chocolate bar using\",\"condition_0\":\"impossible\",\"condition_1\":\"inconceivable\",\"continuation_0\":\"a wall\",\"continuation_1\":\"a promise\",\"id_0\":32,\"id_1\":42,\"context_0\":\"There is no door, so they are\",\"context_1\":\"They do not have a stove, so they are\",\"task_type\":\"critical\",\"concept\":\"impossible\",\"trial_type\":\"html-button-response\",\"trial_index\":35,\"time_elapsed\":195750,\"internal_node_id\":\"0.0-1.0-0.30\",\"subject_id\":\"6657973f71415fecf81cda01\",\"study_id\":\"67f42c45dcad9370894e7bf9\",\"session_id\":\"67f42db8f192cb5e85c93ab0\",\"rng_seed\":\"0.39294125560275606\",\"provided_context\":true,\"choices\":[\"There is no door, so they are entering a room through a wall\",\"They do not have a stove, so they are melting a chocolate bar using a promise\"]},{\"rt\":3952,\"stimulus\":\"<div style=\\\"font-size:20px;\\\"><p>Which scenario is more impossible?</p>\\n  Reminder: <strong>Impossible</strong> means it cannot happen in our world given the laws of nature, but may happen in a fictional world (e.g., \\\"I painted the house with my mind.\\\"). </div>\",\"response\":0,\"pair_idx\":16,\"stimulus_0\":\"growing flowers inside\",\"stimulus_1\":\"opening a jar using\",\"condition_0\":\"improbable\",\"condition_1\":\"impossible\",\"continuation_0\":\"a mug\",\"continuation_1\":\"[POSS] mind\",\"id_0\":35,\"id_1\":43,\"context_0\":\"They do not have a pot, so they are\",\"context_1\":\"They do not have hands, so they are\",\"task_type\":\"critical\",\"concept\":\"impossible\",\"trial_type\":\"html-button-response\",\"trial_index\":36,\"time_elapsed\":199703,\"internal_node_id\":\"0.0-1.0-0.31\",\"subject_id\":\"6657973f71415fecf81cda01\",\"study_id\":\"67f42c45dcad9370894e7bf9\",\"session_id\":\"67f42db8f192cb5e85c93ab0\",\"rng_seed\":\"0.39294125560275606\",\"provided_context\":true,\"choices\":[\"They do not have hands, so they are opening a jar using their mind\",\"They do not have a pot, so they are growing flowers inside a mug\"]},{\"rt\":3997,\"stimulus\":\"<div style=\\\"font-size:20px;\\\"><p>Which scenario is more impossible?</p>\\n  Reminder: <strong>Impossible</strong> means it cannot happen in our world given the laws of nature, but may happen in a fictional world (e.g., \\\"I painted the house with my mind.\\\"). </div>\",\"response\":0,\"pair_idx\":19,\"stimulus_0\":\"boiling water using\",\"stimulus_1\":\"carrying groceries inside\",\"condition_0\":\"improbable\",\"condition_1\":\"impossible\",\"continuation_0\":\"a microwave\",\"continuation_1\":\"a tornado\",\"id_0\":1,\"id_1\":6,\"context_0\":\"They do not have a kettle, so they are\",\"context_1\":\"They do not have a tote bag, so they are\",\"task_type\":\"critical\",\"concept\":\"impossible\",\"trial_type\":\"html-button-response\",\"trial_index\":37,\"time_elapsed\":203701,\"internal_node_id\":\"0.0-1.0-0.32\",\"subject_id\":\"6657973f71415fecf81cda01\",\"study_id\":\"67f42c45dcad9370894e7bf9\",\"session_id\":\"67f42db8f192cb5e85c93ab0\",\"rng_seed\":\"0.39294125560275606\",\"provided_context\":true,\"choices\":[\"They do not have a tote bag, so they are carrying groceries inside a tornado\",\"They do not have a kettle, so they are boiling water using a microwave\"]},{\"rt\":2783,\"stimulus\":\"<div style=\\\"font-size:20px;\\\"><p>Which scenario is more impossible?</p>\\n  Reminder: <strong>Impossible</strong> means it cannot happen in our world given the laws of nature, but may happen in a fictional world (e.g., \\\"I painted the house with my mind.\\\"). </div>\",\"response\":0,\"pair_idx\":18,\"stimulus_0\":\"writing a letter using\",\"stimulus_1\":\"lighting a candle using\",\"condition_0\":\"improbable\",\"condition_1\":\"impossible\",\"continuation_0\":\"a stylus\",\"continuation_1\":\"yogurt\",\"id_0\":68,\"id_1\":39,\"context_0\":\"They do not have a pen, so they are\",\"context_1\":\"They do not have a match, so they are\",\"task_type\":\"critical\",\"concept\":\"impossible\",\"trial_type\":\"html-button-response\",\"trial_index\":38,\"time_elapsed\":206484,\"internal_node_id\":\"0.0-1.0-0.33\",\"subject_id\":\"6657973f71415fecf81cda01\",\"study_id\":\"67f42c45dcad9370894e7bf9\",\"session_id\":\"67f42db8f192cb5e85c93ab0\",\"rng_seed\":\"0.39294125560275606\",\"provided_context\":true,\"choices\":[\"They do not have a match, so they are lighting a candle using yogurt\",\"They do not have a pen, so they are writing a letter using a stylus\"]},{\"rt\":6215,\"stimulus\":\"<div style=\\\"font-size:20px;\\\"><p>Which scenario is more impossible?</p>\\n  Reminder: <strong>Impossible</strong> means it cannot happen in our world given the laws of nature, but may happen in a fictional world (e.g., \\\"I painted the house with my mind.\\\"). </div>\",\"response\":0,\"pair_idx\":15,\"stimulus_0\":\"drying laundry using\",\"stimulus_1\":\"filling a purse with\",\"condition_0\":\"improbable\",\"condition_1\":\"impossible\",\"continuation_0\":\"a fan\",\"continuation_1\":\"sofas\",\"id_0\":30,\"id_1\":34,\"context_0\":\"They do not have a clothesline, so they are\",\"context_1\":\"They do not have coins, so they are\",\"task_type\":\"critical\",\"concept\":\"impossible\",\"trial_type\":\"html-button-response\",\"trial_index\":39,\"time_elapsed\":212700,\"internal_node_id\":\"0.0-1.0-0.34\",\"subject_id\":\"6657973f71415fecf81cda01\",\"study_id\":\"67f42c45dcad9370894e7bf9\",\"session_id\":\"67f42db8f192cb5e85c93ab0\",\"rng_seed\":\"0.39294125560275606\",\"provided_context\":true,\"choices\":[\"They do not have coins, so they are filling a purse with sofas\",\"They do not have a clothesline, so they are drying laundry using a fan\"]},{\"rt\":1232,\"stimulus\":\"<div style=\\\"font-size:20px;\\\"><p>Follow the instructions below.</p></div>\",\"response\":0,\"pair_idx\":15,\"stimulus_0\":\"drying laundry using\",\"stimulus_1\":\"filling a purse with\",\"condition_0\":\"improbable\",\"condition_1\":\"impossible\",\"continuation_0\":\"a fan\",\"continuation_1\":\"sofas\",\"id_0\":30,\"id_1\":34,\"context_0\":\"They do not have a clothesline, so they are\",\"context_1\":\"They do not have coins, so they are\",\"task_type\":\"attention_check\",\"choices\":[\"Click This Button!\",\"Don't Click This Button!\"],\"trial_type\":\"html-button-response\",\"trial_index\":40,\"time_elapsed\":213934,\"internal_node_id\":\"0.0-1.0-1.34-0.34\",\"subject_id\":\"6657973f71415fecf81cda01\",\"study_id\":\"67f42c45dcad9370894e7bf9\",\"session_id\":\"67f42db8f192cb5e85c93ab0\",\"rng_seed\":\"0.39294125560275606\"},{\"rt\":15224,\"response\":{\"language\":\"English\",\"gender\":\"Female\",\"feedback\":\"Thank you for the opportunity. \"},\"trial_type\":\"survey-text\",\"trial_index\":41,\"time_elapsed\":229165,\"internal_node_id\":\"0.0-2.0\",\"subject_id\":\"6657973f71415fecf81cda01\",\"study_id\":\"67f42c45dcad9370894e7bf9\",\"session_id\":\"67f42db8f192cb5e85c93ab0\",\"rng_seed\":\"0.39294125560275606\",\"task_type\":\"survey\"},{\"success\":true,\"completion_time\":\"2025-04-07T19:59:38.934Z\",\"exp_type\":\"gesture-beat-expt-pilot\"}]",
    "dir_path": "data/experiment_2_consistency_pilot"
}